<Anims>
 <anim name="idle" root="poutine" numframes="1000" framerate="40">
  <frame idx="0" w="231" h="292" x="-19.349766" y="-75.251724">
   <element name="poutine" layername="poutine" frame="0" z_index="1" m_a="1.000000" m_b="0.000000" m_c="0.000000" m_d="1.000000" m_tx="7.959255" m_ty="-15.185258"/>
  </frame>
  <frame idx="25" w="231" h="292" x="-19.349766" y="-75.251724">
   <element name="poutine" layername="poutine" frame="0" z_index="1" m_a="1.000000" m_b="0.000000" m_c="0.000000" m_d="1.000000" m_tx="7.959255" m_ty="-15.185258"/>
  </frame>
  <frame idx="50" w="231" h="292" x="-19.349766" y="-75.251724">
   <element name="poutine" layername="poutine" frame="0" z_index="1" m_a="1.000000" m_b="0.000000" m_c="0.000000" m_d="1.000000" m_tx="7.959255" m_ty="-15.185258"/>
  </frame>
  <frame idx="75" w="231" h="292" x="-19.349766" y="-75.251724">
   <element name="poutine" layername="poutine" frame="0" z_index="1" m_a="1.000000" m_b="0.000000" m_c="0.000000" m_d="1.000000" m_tx="7.959255" m_ty="-15.185258"/>
  </frame>
  <frame idx="100" w="231" h="292" x="-19.349766" y="-75.251724">
   <element name="poutine" layername="poutine" frame="0" z_index="1" m_a="1.000000" m_b="0.000000" m_c="0.000000" m_d="1.000000" m_tx="7.959255" m_ty="-15.185258"/>
  </frame>
  <frame idx="125" w="231" h="292" x="-19.349766" y="-75.251724">
   <element name="poutine" layername="poutine" frame="0" z_index="1" m_a="1.000000" m_b="0.000000" m_c="0.000000" m_d="1.000000" m_tx="7.959255" m_ty="-15.185258"/>
  </frame>
  <frame idx="150" w="231" h="292" x="-19.349766" y="-75.251724">
   <element name="poutine" layername="poutine" frame="0" z_index="1" m_a="1.000000" m_b="0.000000" m_c="0.000000" m_d="1.000000" m_tx="7.959255" m_ty="-15.185258"/>
  </frame>
  <frame idx="175" w="231" h="292" x="-19.349766" y="-75.251724">
   <element name="poutine" layername="poutine" frame="0" z_index="1" m_a="1.000000" m_b="0.000000" m_c="0.000000" m_d="1.000000" m_tx="7.959255" m_ty="-15.185258"/>
  </frame>
  <frame idx="200" w="231" h="292" x="-19.349766" y="-75.251724">
   <element name="poutine" layername="poutine" frame="0" z_index="1" m_a="1.000000" m_b="0.000000" m_c="0.000000" m_d="1.000000" m_tx="7.959255" m_ty="-15.185258"/>
  </frame>
  <frame idx="225" w="231" h="292" x="-19.349766" y="-75.251724">
   <element name="poutine" layername="poutine" frame="0" z_index="1" m_a="1.000000" m_b="0.000000" m_c="0.000000" m_d="1.000000" m_tx="7.959255" m_ty="-15.185258"/>
  </frame>
  <frame idx="250" w="231" h="292" x="-19.349766" y="-75.251724">
   <element name="poutine" layername="poutine" frame="0" z_index="1" m_a="1.000000" m_b="0.000000" m_c="0.000000" m_d="1.000000" m_tx="7.959255" m_ty="-15.185258"/>
  </frame>
  <frame idx="275" w="231" h="292" x="-19.349766" y="-75.251724">
   <element name="poutine" layername="poutine" frame="0" z_index="1" m_a="1.000000" m_b="0.000000" m_c="0.000000" m_d="1.000000" m_tx="7.959255" m_ty="-15.185258"/>
  </frame>
  <frame idx="300" w="231" h="292" x="-19.349766" y="-75.251724">
   <element name="poutine" layername="poutine" frame="0" z_index="1" m_a="1.000000" m_b="0.000000" m_c="0.000000" m_d="1.000000" m_tx="7.959255" m_ty="-15.185258"/>
  </frame>
  <frame idx="325" w="231" h="292" x="-19.349766" y="-75.251724">
   <element name="poutine" layername="poutine" frame="0" z_index="1" m_a="1.000000" m_b="0.000000" m_c="0.000000" m_d="1.000000" m_tx="7.959255" m_ty="-15.185258"/>
  </frame>
  <frame idx="350" w="231" h="292" x="-19.349766" y="-75.251724">
   <element name="poutine" layername="poutine" frame="0" z_index="1" m_a="1.000000" m_b="0.000000" m_c="0.000000" m_d="1.000000" m_tx="7.959255" m_ty="-15.185258"/>
  </frame>
  <frame idx="375" w="231" h="292" x="-19.349766" y="-75.251724">
   <element name="poutine" layername="poutine" frame="0" z_index="1" m_a="1.000000" m_b="0.000000" m_c="0.000000" m_d="1.000000" m_tx="7.959255" m_ty="-15.185258"/>
  </frame>
  <frame idx="400" w="231" h="292" x="-19.349766" y="-75.251724">
   <element name="poutine" layername="poutine" frame="0" z_index="1" m_a="1.000000" m_b="0.000000" m_c="0.000000" m_d="1.000000" m_tx="7.959255" m_ty="-15.185258"/>
  </frame>
  <frame idx="425" w="231" h="292" x="-19.349766" y="-75.251724">
   <element name="poutine" layername="poutine" frame="0" z_index="1" m_a="1.000000" m_b="0.000000" m_c="0.000000" m_d="1.000000" m_tx="7.959255" m_ty="-15.185258"/>
  </frame>
  <frame idx="450" w="231" h="292" x="-19.349766" y="-75.251724">
   <element name="poutine" layername="poutine" frame="0" z_index="1" m_a="1.000000" m_b="0.000000" m_c="0.000000" m_d="1.000000" m_tx="7.959255" m_ty="-15.185258"/>
  </frame>
  <frame idx="475" w="231" h="292" x="-19.349766" y="-75.251724">
   <element name="poutine" layername="poutine" frame="0" z_index="1" m_a="1.000000" m_b="0.000000" m_c="0.000000" m_d="1.000000" m_tx="7.959255" m_ty="-15.185258"/>
  </frame>
  <frame idx="500" w="231" h="292" x="-19.349766" y="-75.251724">
   <element name="poutine" layername="poutine" frame="0" z_index="1" m_a="1.000000" m_b="0.000000" m_c="0.000000" m_d="1.000000" m_tx="7.959255" m_ty="-15.185258"/>
  </frame>
  <frame idx="525" w="231" h="292" x="-19.349766" y="-75.251724">
   <element name="poutine" layername="poutine" frame="0" z_index="1" m_a="1.000000" m_b="0.000000" m_c="0.000000" m_d="1.000000" m_tx="7.959255" m_ty="-15.185258"/>
  </frame>
  <frame idx="550" w="231" h="292" x="-19.349766" y="-75.251724">
   <element name="poutine" layername="poutine" frame="0" z_index="1" m_a="1.000000" m_b="0.000000" m_c="0.000000" m_d="1.000000" m_tx="7.959255" m_ty="-15.185258"/>
  </frame>
  <frame idx="575" w="231" h="292" x="-19.349766" y="-75.251724">
   <element name="poutine" layername="poutine" frame="0" z_index="1" m_a="1.000000" m_b="0.000000" m_c="0.000000" m_d="1.000000" m_tx="7.959255" m_ty="-15.185258"/>
  </frame>
  <frame idx="600" w="231" h="292" x="-19.349766" y="-75.251724">
   <element name="poutine" layername="poutine" frame="0" z_index="1" m_a="1.000000" m_b="0.000000" m_c="0.000000" m_d="1.000000" m_tx="7.959255" m_ty="-15.185258"/>
  </frame>
  <frame idx="625" w="231" h="292" x="-19.349766" y="-75.251724">
   <element name="poutine" layername="poutine" frame="0" z_index="1" m_a="1.000000" m_b="0.000000" m_c="0.000000" m_d="1.000000" m_tx="7.959255" m_ty="-15.185258"/>
  </frame>
  <frame idx="650" w="231" h="292" x="-19.349766" y="-75.251724">
   <element name="poutine" layername="poutine" frame="0" z_index="1" m_a="1.000000" m_b="0.000000" m_c="0.000000" m_d="1.000000" m_tx="7.959255" m_ty="-15.185258"/>
  </frame>
  <frame idx="675" w="231" h="292" x="-19.349766" y="-75.251724">
   <element name="poutine" layername="poutine" frame="0" z_index="1" m_a="1.000000" m_b="0.000000" m_c="0.000000" m_d="1.000000" m_tx="7.959255" m_ty="-15.185258"/>
  </frame>
  <frame idx="700" w="231" h="292" x="-19.349766" y="-75.251724">
   <element name="poutine" layername="poutine" frame="0" z_index="1" m_a="1.000000" m_b="0.000000" m_c="0.000000" m_d="1.000000" m_tx="7.959255" m_ty="-15.185258"/>
  </frame>
  <frame idx="725" w="231" h="292" x="-19.349766" y="-75.251724">
   <element name="poutine" layername="poutine" frame="0" z_index="1" m_a="1.000000" m_b="0.000000" m_c="0.000000" m_d="1.000000" m_tx="7.959255" m_ty="-15.185258"/>
  </frame>
  <frame idx="750" w="231" h="292" x="-19.349766" y="-75.251724">
   <element name="poutine" layername="poutine" frame="0" z_index="1" m_a="1.000000" m_b="0.000000" m_c="0.000000" m_d="1.000000" m_tx="7.959255" m_ty="-15.185258"/>
  </frame>
  <frame idx="775" w="231" h="292" x="-19.349766" y="-75.251724">
   <element name="poutine" layername="poutine" frame="0" z_index="1" m_a="1.000000" m_b="0.000000" m_c="0.000000" m_d="1.000000" m_tx="7.959255" m_ty="-15.185258"/>
  </frame>
  <frame idx="800" w="231" h="292" x="-19.349766" y="-75.251724">
   <element name="poutine" layername="poutine" frame="0" z_index="1" m_a="1.000000" m_b="0.000000" m_c="0.000000" m_d="1.000000" m_tx="7.959255" m_ty="-15.185258"/>
  </frame>
  <frame idx="825" w="231" h="292" x="-19.349766" y="-75.251724">
   <element name="poutine" layername="poutine" frame="0" z_index="1" m_a="1.000000" m_b="0.000000" m_c="0.000000" m_d="1.000000" m_tx="7.959255" m_ty="-15.185258"/>
  </frame>
  <frame idx="850" w="231" h="292" x="-19.349766" y="-75.251724">
   <element name="poutine" layername="poutine" frame="0" z_index="1" m_a="1.000000" m_b="0.000000" m_c="0.000000" m_d="1.000000" m_tx="7.959255" m_ty="-15.185258"/>
  </frame>
  <frame idx="875" w="231" h="292" x="-19.349766" y="-75.251724">
   <element name="poutine" layername="poutine" frame="0" z_index="1" m_a="1.000000" m_b="0.000000" m_c="0.000000" m_d="1.000000" m_tx="7.959255" m_ty="-15.185258"/>
  </frame>
  <frame idx="900" w="231" h="292" x="-19.349766" y="-75.251724">
   <element name="poutine" layername="poutine" frame="0" z_index="1" m_a="1.000000" m_b="0.000000" m_c="0.000000" m_d="1.000000" m_tx="7.959255" m_ty="-15.185258"/>
  </frame>
  <frame idx="925" w="231" h="292" x="-19.349766" y="-75.251724">
   <element name="poutine" layername="poutine" frame="0" z_index="1" m_a="1.000000" m_b="0.000000" m_c="0.000000" m_d="1.000000" m_tx="7.959255" m_ty="-15.185258"/>
  </frame>
  <frame idx="950" w="231" h="292" x="-19.349766" y="-75.251724">
   <element name="poutine" layername="poutine" frame="0" z_index="1" m_a="1.000000" m_b="0.000000" m_c="0.000000" m_d="1.000000" m_tx="7.959255" m_ty="-15.185258"/>
  </frame>
  <frame idx="975" w="231" h="292" x="-19.349766" y="-75.251724">
   <element name="poutine" layername="poutine" frame="0" z_index="1" m_a="1.000000" m_b="0.000000" m_c="0.000000" m_d="1.000000" m_tx="7.959255" m_ty="-15.185258"/>
  </frame>
 </anim>
</Anims>
