<Anims>
 <anim name="dead" root="bonekin" numframes="25" framerate="40">
  <frame idx="0" w="143" h="415" x="-19.573473" y="-169.018448">
   <element name="lids" layername="lids" frame="3" z_index="4" m_a="1.000000" m_b="0.000000" m_c="0.000000" m_d="1.000000" m_tx="-0.899000" m_ty="-133.899002"/>
   <element name="eyeball" layername="eyeball" frame="0" z_index="5" m_a="1.158691" m_b="-0.195935" m_c="0.155025" m_d="0.916764" m_tx="-3.149000" m_ty="-134.199005"/>
   <element name="eyebone01" layername="eyebon" frame="0" z_index="6" m_a="1.000000" m_b="0.000000" m_c="0.000000" m_d="1.000000" m_tx="0.350000" m_ty="-0.349000"/>
  </frame>
 </anim>
 <anim name="idle_loop" root="bonekin" numframes="3250" framerate="40">
  <frame idx="0" w="140" h="415" x="-17.524473" y="-169.018448">
   <element name="eyeball" layername="eyeball" frame="0" z_index="5" m_a="1.158691" m_b="-0.195935" m_c="0.155025" m_d="0.916764" m_tx="-3.149000" m_ty="-134.199005"/>
   <element name="eyebone01" layername="eyebon" frame="0" z_index="6" m_a="1.000000" m_b="0.000000" m_c="0.000000" m_d="1.000000" m_tx="0.350000" m_ty="-0.349000"/>
  </frame>
  <frame idx="25" w="140" h="415" x="-17.524473" y="-169.018448">
   <element name="eyeball" layername="eyeball" frame="0" z_index="5" m_a="1.158691" m_b="-0.195935" m_c="0.155025" m_d="0.916764" m_tx="-3.149000" m_ty="-134.199005"/>
   <element name="eyebone01" layername="eyebon" frame="0" z_index="6" m_a="1.000000" m_b="0.000000" m_c="0.000000" m_d="1.000000" m_tx="0.350000" m_ty="-0.349000"/>
  </frame>
  <frame idx="50" w="140" h="415" x="-17.524473" y="-169.018448">
   <element name="eyeball" layername="eyeball" frame="0" z_index="5" m_a="1.158691" m_b="-0.195935" m_c="0.155025" m_d="0.916764" m_tx="-3.149000" m_ty="-134.199005"/>
   <element name="eyebone01" layername="eyebon" frame="0" z_index="6" m_a="1.000000" m_b="0.000000" m_c="0.000000" m_d="1.000000" m_tx="0.350000" m_ty="-0.349000"/>
  </frame>
  <frame idx="75" w="140" h="415" x="-17.524473" y="-169.018448">
   <element name="eyeball" layername="eyeball" frame="0" z_index="5" m_a="1.158691" m_b="-0.195935" m_c="0.155025" m_d="0.916764" m_tx="-3.149000" m_ty="-134.199005"/>
   <element name="eyebone01" layername="eyebon" frame="0" z_index="6" m_a="1.000000" m_b="0.000000" m_c="0.000000" m_d="1.000000" m_tx="0.350000" m_ty="-0.349000"/>
  </frame>
  <frame idx="100" w="140" h="415" x="-17.524473" y="-169.018448">
   <element name="eyeball" layername="eyeball" frame="0" z_index="5" m_a="1.158691" m_b="-0.195935" m_c="0.155025" m_d="0.916764" m_tx="-3.149000" m_ty="-134.199005"/>
   <element name="eyebone01" layername="eyebon" frame="0" z_index="6" m_a="1.000000" m_b="0.000000" m_c="0.000000" m_d="1.000000" m_tx="0.350000" m_ty="-0.349000"/>
  </frame>
  <frame idx="125" w="140" h="415" x="-17.524473" y="-169.018448">
   <element name="eyeball" layername="eyeball" frame="0" z_index="5" m_a="1.158691" m_b="-0.195935" m_c="0.155025" m_d="0.916764" m_tx="-3.149000" m_ty="-134.199005"/>
   <element name="eyebone01" layername="eyebon" frame="0" z_index="6" m_a="1.000000" m_b="0.000000" m_c="0.000000" m_d="1.000000" m_tx="0.350000" m_ty="-0.349000"/>
  </frame>
  <frame idx="150" w="140" h="415" x="-17.524473" y="-169.018448">
   <element name="eyeball" layername="eyeball" frame="0" z_index="5" m_a="1.158691" m_b="-0.195935" m_c="0.155025" m_d="0.916764" m_tx="-3.149000" m_ty="-134.199005"/>
   <element name="eyebone01" layername="eyebon" frame="0" z_index="6" m_a="1.000000" m_b="0.000000" m_c="0.000000" m_d="1.000000" m_tx="0.350000" m_ty="-0.349000"/>
  </frame>
  <frame idx="175" w="140" h="415" x="-17.524473" y="-169.018448">
   <element name="eyeball" layername="eyeball" frame="0" z_index="5" m_a="1.158691" m_b="-0.195935" m_c="0.155025" m_d="0.916764" m_tx="-3.149000" m_ty="-134.199005"/>
   <element name="eyebone01" layername="eyebon" frame="0" z_index="6" m_a="1.000000" m_b="0.000000" m_c="0.000000" m_d="1.000000" m_tx="0.350000" m_ty="-0.349000"/>
  </frame>
  <frame idx="200" w="140" h="415" x="-17.524473" y="-169.018448">
   <element name="eyeball" layername="eyeball" frame="0" z_index="5" m_a="1.158691" m_b="-0.195935" m_c="0.155025" m_d="0.916764" m_tx="-3.149000" m_ty="-134.199005"/>
   <element name="eyebone01" layername="eyebon" frame="0" z_index="6" m_a="1.000000" m_b="0.000000" m_c="0.000000" m_d="1.000000" m_tx="0.350000" m_ty="-0.349000"/>
  </frame>
  <frame idx="225" w="140" h="415" x="-17.524473" y="-168.944962">
   <element name="eyeball" layername="eyeball" frame="0" z_index="5" m_a="1.158105" m_b="-0.195602" m_c="0.154754" m_d="0.916256" m_tx="-3.001941" m_ty="-134.125473"/>
   <element name="eyebone01" layername="eyebon" frame="0" z_index="6" m_a="1.000000" m_b="0.000000" m_c="0.000000" m_d="1.000000" m_tx="0.350000" m_ty="-0.349000"/>
  </frame>
  <frame idx="250" w="140" h="415" x="-17.524473" y="-168.749329">
   <element name="eyeball" layername="eyeball" frame="0" z_index="5" m_a="1.157201" m_b="-0.197454" m_c="0.156290" m_d="0.915955" m_tx="-2.633848" m_ty="-133.929306"/>
   <element name="eyebone01" layername="eyebon" frame="0" z_index="6" m_a="1.000000" m_b="0.000000" m_c="0.000000" m_d="1.000000" m_tx="0.350000" m_ty="-0.349000"/>
  </frame>
  <frame idx="275" w="140" h="413" x="-17.524473" y="-167.936722">
   <element name="eyeball" layername="eyeball" frame="0" z_index="5" m_a="1.155981" m_b="-0.201533" m_c="0.159672" m_d="0.915870" m_tx="-2.032333" m_ty="-133.615662"/>
   <element name="eyebone01" layername="eyebon" frame="0" z_index="6" m_a="1.000000" m_b="0.000000" m_c="0.000000" m_d="1.000000" m_tx="0.350000" m_ty="-0.349000"/>
  </frame>
  <frame idx="300" w="140" h="413" x="-17.524473" y="-167.521591">
   <element name="eyeball" layername="eyeball" frame="0" z_index="5" m_a="1.154459" m_b="-0.207732" m_c="0.164822" m_d="0.915986" m_tx="-1.199000" m_ty="-133.199005"/>
   <element name="eyebone01" layername="eyebon" frame="0" z_index="6" m_a="1.000000" m_b="0.000000" m_c="0.000000" m_d="1.000000" m_tx="0.350000" m_ty="-0.349000"/>
  </frame>
  <frame idx="325" w="140" h="413" x="-17.524473" y="-167.929977">
   <element name="eyeball" layername="eyeball" frame="0" z_index="5" m_a="1.149410" m_b="-0.223132" m_c="0.177720" m_d="0.915482" m_tx="1.079676" m_ty="-133.603409"/>
   <element name="eyebone01" layername="eyebon" frame="0" z_index="6" m_a="1.000000" m_b="0.000000" m_c="0.000000" m_d="1.000000" m_tx="0.350000" m_ty="-0.349000"/>
  </frame>
  <frame idx="350" w="140" h="415" x="-17.524473" y="-168.724045">
   <element name="eyeball" layername="eyeball" frame="0" z_index="5" m_a="1.145598" m_b="-0.234893" m_c="0.187653" m_d="0.915202" m_tx="2.796970" m_ty="-133.894455"/>
   <element name="eyebone01" layername="eyebon" frame="0" z_index="6" m_a="1.000000" m_b="0.000000" m_c="0.000000" m_d="1.000000" m_tx="0.350000" m_ty="-0.349000"/>
  </frame>
  <frame idx="375" w="140" h="415" x="-17.524473" y="-168.929031">
   <element name="eyeball" layername="eyeball" frame="0" z_index="5" m_a="1.143312" m_b="-0.242829" m_c="0.194396" m_d="0.915276" m_tx="3.895455" m_ty="-134.097473"/>
   <element name="eyebone01" layername="eyebon" frame="0" z_index="6" m_a="1.000000" m_b="0.000000" m_c="0.000000" m_d="1.000000" m_tx="0.350000" m_ty="-0.349000"/>
  </frame>
  <frame idx="400" w="140" h="415" x="-17.524473" y="-169.081467">
   <element name="eyeball" layername="eyeball" frame="0" z_index="5" m_a="1.142729" m_b="-0.246956" m_c="0.197910" m_d="0.915782" m_tx="4.350000" m_ty="-134.248993"/>
   <element name="eyebone01" layername="eyebon" frame="0" z_index="6" m_a="1.000000" m_b="0.000000" m_c="0.000000" m_d="1.000000" m_tx="0.350000" m_ty="-0.349000"/>
  </frame>
  <frame idx="425" w="140" h="415" x="-17.524473" y="-169.081467">
   <element name="eyeball" layername="eyeball" frame="0" z_index="5" m_a="1.142729" m_b="-0.246956" m_c="0.197910" m_d="0.915782" m_tx="4.350000" m_ty="-134.248993"/>
   <element name="eyebone01" layername="eyebon" frame="0" z_index="6" m_a="1.000000" m_b="0.000000" m_c="0.000000" m_d="1.000000" m_tx="0.350000" m_ty="-0.349000"/>
  </frame>
  <frame idx="450" w="140" h="415" x="-17.524473" y="-169.081467">
   <element name="eyeball" layername="eyeball" frame="0" z_index="5" m_a="1.142729" m_b="-0.246956" m_c="0.197910" m_d="0.915782" m_tx="4.350000" m_ty="-134.248993"/>
   <element name="eyebone01" layername="eyebon" frame="0" z_index="6" m_a="1.000000" m_b="0.000000" m_c="0.000000" m_d="1.000000" m_tx="0.350000" m_ty="-0.349000"/>
  </frame>
  <frame idx="475" w="140" h="415" x="-17.524473" y="-169.081467">
   <element name="eyeball" layername="eyeball" frame="0" z_index="5" m_a="1.142729" m_b="-0.246956" m_c="0.197910" m_d="0.915782" m_tx="4.350000" m_ty="-134.248993"/>
   <element name="eyebone01" layername="eyebon" frame="0" z_index="6" m_a="1.000000" m_b="0.000000" m_c="0.000000" m_d="1.000000" m_tx="0.350000" m_ty="-0.349000"/>
  </frame>
  <frame idx="500" w="140" h="415" x="-17.524473" y="-169.081467">
   <element name="eyeball" layername="eyeball" frame="0" z_index="5" m_a="1.142729" m_b="-0.246956" m_c="0.197910" m_d="0.915782" m_tx="4.350000" m_ty="-134.248993"/>
   <element name="eyebone01" layername="eyebon" frame="0" z_index="6" m_a="1.000000" m_b="0.000000" m_c="0.000000" m_d="1.000000" m_tx="0.350000" m_ty="-0.349000"/>
  </frame>
  <frame idx="525" w="140" h="415" x="-17.524473" y="-169.081467">
   <element name="eyeball" layername="eyeball" frame="0" z_index="5" m_a="1.142729" m_b="-0.246956" m_c="0.197910" m_d="0.915782" m_tx="4.350000" m_ty="-134.248993"/>
   <element name="eyebone01" layername="eyebon" frame="0" z_index="6" m_a="1.000000" m_b="0.000000" m_c="0.000000" m_d="1.000000" m_tx="0.350000" m_ty="-0.349000"/>
  </frame>
  <frame idx="550" w="140" h="415" x="-17.524473" y="-169.081467">
   <element name="eyeball" layername="eyeball" frame="0" z_index="5" m_a="1.142729" m_b="-0.246956" m_c="0.197910" m_d="0.915782" m_tx="4.350000" m_ty="-134.248993"/>
   <element name="eyebone01" layername="eyebon" frame="0" z_index="6" m_a="1.000000" m_b="0.000000" m_c="0.000000" m_d="1.000000" m_tx="0.350000" m_ty="-0.349000"/>
  </frame>
  <frame idx="575" w="140" h="415" x="-17.524473" y="-169.081467">
   <element name="eyeball" layername="eyeball" frame="0" z_index="5" m_a="1.142729" m_b="-0.246956" m_c="0.197910" m_d="0.915782" m_tx="4.350000" m_ty="-134.248993"/>
   <element name="eyebone01" layername="eyebon" frame="0" z_index="6" m_a="1.000000" m_b="0.000000" m_c="0.000000" m_d="1.000000" m_tx="0.350000" m_ty="-0.349000"/>
  </frame>
  <frame idx="600" w="140" h="415" x="-17.524473" y="-169.081467">
   <element name="eyeball" layername="eyeball" frame="0" z_index="5" m_a="1.142729" m_b="-0.246956" m_c="0.197910" m_d="0.915782" m_tx="4.350000" m_ty="-134.248993"/>
   <element name="eyebone01" layername="eyebon" frame="0" z_index="6" m_a="1.000000" m_b="0.000000" m_c="0.000000" m_d="1.000000" m_tx="0.350000" m_ty="-0.349000"/>
  </frame>
  <frame idx="625" w="140" h="415" x="-17.524473" y="-169.081467">
   <element name="eyeball" layername="eyeball" frame="0" z_index="5" m_a="1.142729" m_b="-0.246956" m_c="0.197910" m_d="0.915782" m_tx="4.350000" m_ty="-134.248993"/>
   <element name="eyebone01" layername="eyebon" frame="0" z_index="6" m_a="1.000000" m_b="0.000000" m_c="0.000000" m_d="1.000000" m_tx="0.350000" m_ty="-0.349000"/>
  </frame>
  <frame idx="650" w="140" h="415" x="-17.524473" y="-169.081467">
   <element name="eyeball" layername="eyeball" frame="0" z_index="5" m_a="1.142729" m_b="-0.246956" m_c="0.197910" m_d="0.915782" m_tx="4.350000" m_ty="-134.248993"/>
   <element name="eyebone01" layername="eyebon" frame="0" z_index="6" m_a="1.000000" m_b="0.000000" m_c="0.000000" m_d="1.000000" m_tx="0.350000" m_ty="-0.349000"/>
  </frame>
  <frame idx="675" w="140" h="415" x="-17.524473" y="-169.081467">
   <element name="eyeball" layername="eyeball" frame="0" z_index="5" m_a="1.142729" m_b="-0.246956" m_c="0.197910" m_d="0.915782" m_tx="4.350000" m_ty="-134.248993"/>
   <element name="eyebone01" layername="eyebon" frame="0" z_index="6" m_a="1.000000" m_b="0.000000" m_c="0.000000" m_d="1.000000" m_tx="0.350000" m_ty="-0.349000"/>
  </frame>
  <frame idx="700" w="140" h="415" x="-17.524473" y="-169.081467">
   <element name="eyeball" layername="eyeball" frame="0" z_index="5" m_a="1.142729" m_b="-0.246956" m_c="0.197910" m_d="0.915782" m_tx="4.350000" m_ty="-134.248993"/>
   <element name="eyebone01" layername="eyebon" frame="0" z_index="6" m_a="1.000000" m_b="0.000000" m_c="0.000000" m_d="1.000000" m_tx="0.350000" m_ty="-0.349000"/>
  </frame>
  <frame idx="725" w="140" h="415" x="-17.524473" y="-169.081467">
   <element name="eyeball" layername="eyeball" frame="0" z_index="5" m_a="1.142729" m_b="-0.246956" m_c="0.197910" m_d="0.915782" m_tx="4.350000" m_ty="-134.248993"/>
   <element name="eyebone01" layername="eyebon" frame="0" z_index="6" m_a="1.000000" m_b="0.000000" m_c="0.000000" m_d="1.000000" m_tx="0.350000" m_ty="-0.349000"/>
  </frame>
  <frame idx="750" w="140" h="415" x="-17.524473" y="-169.081467">
   <element name="eyeball" layername="eyeball" frame="0" z_index="5" m_a="1.142729" m_b="-0.246956" m_c="0.197910" m_d="0.915782" m_tx="4.350000" m_ty="-134.248993"/>
   <element name="eyebone01" layername="eyebon" frame="0" z_index="6" m_a="1.000000" m_b="0.000000" m_c="0.000000" m_d="1.000000" m_tx="0.350000" m_ty="-0.349000"/>
  </frame>
  <frame idx="775" w="140" h="415" x="-17.524473" y="-169.081467">
   <element name="eyeball" layername="eyeball" frame="0" z_index="5" m_a="1.142729" m_b="-0.246956" m_c="0.197910" m_d="0.915782" m_tx="4.350000" m_ty="-134.248993"/>
   <element name="eyebone01" layername="eyebon" frame="0" z_index="6" m_a="1.000000" m_b="0.000000" m_c="0.000000" m_d="1.000000" m_tx="0.350000" m_ty="-0.349000"/>
  </frame>
  <frame idx="800" w="140" h="415" x="-17.524473" y="-169.081467">
   <element name="eyeball" layername="eyeball" frame="0" z_index="5" m_a="1.142729" m_b="-0.246956" m_c="0.197910" m_d="0.915782" m_tx="4.350000" m_ty="-134.248993"/>
   <element name="eyebone01" layername="eyebon" frame="0" z_index="6" m_a="1.000000" m_b="0.000000" m_c="0.000000" m_d="1.000000" m_tx="0.350000" m_ty="-0.349000"/>
  </frame>
  <frame idx="825" w="140" h="415" x="-17.524473" y="-169.081467">
   <element name="eyeball" layername="eyeball" frame="0" z_index="5" m_a="1.142729" m_b="-0.246956" m_c="0.197910" m_d="0.915782" m_tx="4.350000" m_ty="-134.248993"/>
   <element name="eyebone01" layername="eyebon" frame="0" z_index="6" m_a="1.000000" m_b="0.000000" m_c="0.000000" m_d="1.000000" m_tx="0.350000" m_ty="-0.349000"/>
  </frame>
  <frame idx="850" w="140" h="412" x="-17.524473" y="-166.909744">
   <element name="eyeball" layername="eyeball" frame="0" z_index="5" m_a="1.140752" m_b="-0.250318" m_c="0.200799" m_d="0.915084" m_tx="3.113636" m_ty="-132.576263"/>
   <element name="eyebone01" layername="eyebon" frame="0" z_index="6" m_a="1.000000" m_b="0.000000" m_c="0.000000" m_d="1.000000" m_tx="0.350000" m_ty="-0.349000"/>
  </frame>
  <frame idx="875" w="140" h="407" x="-17.524473" y="-162.138000">
   <element name="eyeball" layername="eyeball" frame="0" z_index="5" m_a="1.136523" m_b="-0.259145" m_c="0.208411" m_d="0.914021" m_tx="-0.005818" m_ty="-128.302032"/>
   <element name="eyebone01" layername="eyebon" frame="0" z_index="6" m_a="1.000000" m_b="0.000000" m_c="0.000000" m_d="1.000000" m_tx="0.350000" m_ty="-0.349000"/>
  </frame>
  <frame idx="900" w="140" h="398" x="-17.524473" y="-153.839340">
   <element name="eyeball" layername="eyeball" frame="0" z_index="5" m_a="1.129752" m_b="-0.275506" m_c="0.222624" m_d="0.912903" m_tx="-5.649000" m_ty="-120.499001"/>
   <element name="eyebone01" layername="eyebon" frame="0" z_index="6" m_a="1.000000" m_b="0.000000" m_c="0.000000" m_d="1.000000" m_tx="0.350000" m_ty="-0.349000"/>
  </frame>
  <frame idx="925" w="147" h="397" x="-23.323372" y="-152.115662">
   <element name="eyeball" layername="eyeball" frame="0" z_index="5" m_a="1.122457" m_b="-0.290946" m_c="0.236228" m_d="0.911359" m_tx="-11.163706" m_ty="-118.771057"/>
   <element name="eyebone01" layername="eyebon" frame="0" z_index="6" m_a="1.000000" m_b="0.000000" m_c="0.000000" m_d="1.000000" m_tx="0.350000" m_ty="-0.349000"/>
  </frame>
  <frame idx="950" w="152" h="395" x="-28.280441" y="-151.384155">
   <element name="eyeball" layername="eyeball" frame="0" z_index="5" m_a="1.117695" m_b="-0.300571" m_c="0.244786" m_d="0.910257" m_tx="-15.621728" m_ty="-118.536880"/>
   <element name="eyebone01" layername="eyebon" frame="0" z_index="6" m_a="1.000000" m_b="0.000000" m_c="0.000000" m_d="1.000000" m_tx="0.350000" m_ty="-0.349000"/>
  </frame>
  <frame idx="975" w="155" h="397" x="-31.125111" y="-152.479858">
   <element name="eyeball" layername="eyeball" frame="0" z_index="5" m_a="1.114866" m_b="-0.307248" m_c="0.250754" m_d="0.909877" m_tx="-18.467182" m_ty="-119.130814"/>
   <element name="eyebone01" layername="eyebon" frame="0" z_index="6" m_a="1.000000" m_b="0.000000" m_c="0.000000" m_d="1.000000" m_tx="0.350000" m_ty="-0.349000"/>
  </frame>
  <frame idx="1000" w="156" h="398" x="-31.805775" y="-153.049744">
   <element name="eyeball" layername="eyeball" frame="0" z_index="5" m_a="1.112963" m_b="-0.314519" m_c="0.257265" m_d="0.910363" m_tx="-19.149000" m_ty="-119.698997"/>
   <element name="eyebone01" layername="eyebon" frame="0" z_index="6" m_a="1.000000" m_b="0.000000" m_c="0.000000" m_d="1.000000" m_tx="0.350000" m_ty="-0.349000"/>
  </frame>
  <frame idx="1025" w="156" h="398" x="-31.805775" y="-153.049744">
   <element name="eyeball" layername="eyeball" frame="0" z_index="5" m_a="1.112963" m_b="-0.314519" m_c="0.257265" m_d="0.910363" m_tx="-19.149000" m_ty="-119.698997"/>
   <element name="eyebone01" layername="eyebon" frame="0" z_index="6" m_a="1.000000" m_b="0.000000" m_c="0.000000" m_d="1.000000" m_tx="0.350000" m_ty="-0.349000"/>
  </frame>
  <frame idx="1050" w="156" h="398" x="-31.805775" y="-153.049744">
   <element name="eyeball" layername="eyeball" frame="0" z_index="5" m_a="1.112963" m_b="-0.314519" m_c="0.257265" m_d="0.910363" m_tx="-19.149000" m_ty="-119.698997"/>
   <element name="eyebone01" layername="eyebon" frame="0" z_index="6" m_a="1.000000" m_b="0.000000" m_c="0.000000" m_d="1.000000" m_tx="0.350000" m_ty="-0.349000"/>
  </frame>
  <frame idx="1075" w="156" h="398" x="-31.805775" y="-153.049744">
   <element name="eyeball" layername="eyeball" frame="0" z_index="5" m_a="1.112963" m_b="-0.314519" m_c="0.257265" m_d="0.910363" m_tx="-19.149000" m_ty="-119.698997"/>
   <element name="eyebone01" layername="eyebon" frame="0" z_index="6" m_a="1.000000" m_b="0.000000" m_c="0.000000" m_d="1.000000" m_tx="0.350000" m_ty="-0.349000"/>
  </frame>
  <frame idx="1100" w="156" h="398" x="-31.805775" y="-153.049744">
   <element name="eyeball" layername="eyeball" frame="0" z_index="5" m_a="1.112963" m_b="-0.314519" m_c="0.257265" m_d="0.910363" m_tx="-19.149000" m_ty="-119.698997"/>
   <element name="eyebone01" layername="eyebon" frame="0" z_index="6" m_a="1.000000" m_b="0.000000" m_c="0.000000" m_d="1.000000" m_tx="0.350000" m_ty="-0.349000"/>
  </frame>
  <frame idx="1125" w="156" h="398" x="-31.805775" y="-153.049744">
   <element name="eyeball" layername="eyeball" frame="0" z_index="5" m_a="1.112963" m_b="-0.314519" m_c="0.257265" m_d="0.910363" m_tx="-19.149000" m_ty="-119.698997"/>
   <element name="eyebone01" layername="eyebon" frame="0" z_index="6" m_a="1.000000" m_b="0.000000" m_c="0.000000" m_d="1.000000" m_tx="0.350000" m_ty="-0.349000"/>
  </frame>
  <frame idx="1150" w="156" h="398" x="-31.805775" y="-153.049744">
   <element name="eyeball" layername="eyeball" frame="0" z_index="5" m_a="1.112963" m_b="-0.314519" m_c="0.257265" m_d="0.910363" m_tx="-19.149000" m_ty="-119.698997"/>
   <element name="eyebone01" layername="eyebon" frame="0" z_index="6" m_a="1.000000" m_b="0.000000" m_c="0.000000" m_d="1.000000" m_tx="0.350000" m_ty="-0.349000"/>
  </frame>
  <frame idx="1175" w="156" h="398" x="-31.805775" y="-153.049744">
   <element name="eyeball" layername="eyeball" frame="0" z_index="5" m_a="1.112963" m_b="-0.314519" m_c="0.257265" m_d="0.910363" m_tx="-19.149000" m_ty="-119.698997"/>
   <element name="eyebone01" layername="eyebon" frame="0" z_index="6" m_a="1.000000" m_b="0.000000" m_c="0.000000" m_d="1.000000" m_tx="0.350000" m_ty="-0.349000"/>
  </frame>
  <frame idx="1200" w="156" h="398" x="-31.805775" y="-153.049744">
   <element name="eyeball" layername="eyeball" frame="0" z_index="5" m_a="1.112963" m_b="-0.314519" m_c="0.257265" m_d="0.910363" m_tx="-19.149000" m_ty="-119.698997"/>
   <element name="eyebone01" layername="eyebon" frame="0" z_index="6" m_a="1.000000" m_b="0.000000" m_c="0.000000" m_d="1.000000" m_tx="0.350000" m_ty="-0.349000"/>
  </frame>
  <frame idx="1225" w="156" h="398" x="-31.805775" y="-153.049744">
   <element name="eyeball" layername="eyeball" frame="0" z_index="5" m_a="1.112963" m_b="-0.314519" m_c="0.257265" m_d="0.910363" m_tx="-19.149000" m_ty="-119.698997"/>
   <element name="eyebone01" layername="eyebon" frame="0" z_index="6" m_a="1.000000" m_b="0.000000" m_c="0.000000" m_d="1.000000" m_tx="0.350000" m_ty="-0.349000"/>
  </frame>
  <frame idx="1250" w="156" h="398" x="-31.805775" y="-153.049744">
   <element name="eyeball" layername="eyeball" frame="0" z_index="5" m_a="1.112963" m_b="-0.314519" m_c="0.257265" m_d="0.910363" m_tx="-19.149000" m_ty="-119.698997"/>
   <element name="eyebone01" layername="eyebon" frame="0" z_index="6" m_a="1.000000" m_b="0.000000" m_c="0.000000" m_d="1.000000" m_tx="0.350000" m_ty="-0.349000"/>
  </frame>
  <frame idx="1275" w="156" h="398" x="-31.805775" y="-153.049744">
   <element name="eyeball" layername="eyeball" frame="0" z_index="5" m_a="1.112963" m_b="-0.314519" m_c="0.257265" m_d="0.910363" m_tx="-19.149000" m_ty="-119.698997"/>
   <element name="eyebone01" layername="eyebon" frame="0" z_index="6" m_a="1.000000" m_b="0.000000" m_c="0.000000" m_d="1.000000" m_tx="0.350000" m_ty="-0.349000"/>
  </frame>
  <frame idx="1300" w="156" h="398" x="-31.805775" y="-153.049744">
   <element name="eyeball" layername="eyeball" frame="0" z_index="5" m_a="1.112963" m_b="-0.314519" m_c="0.257265" m_d="0.910363" m_tx="-19.149000" m_ty="-119.698997"/>
   <element name="eyebone01" layername="eyebon" frame="0" z_index="6" m_a="1.000000" m_b="0.000000" m_c="0.000000" m_d="1.000000" m_tx="0.350000" m_ty="-0.349000"/>
  </frame>
  <frame idx="1325" w="156" h="398" x="-31.805775" y="-153.049744">
   <element name="eyeball" layername="eyeball" frame="0" z_index="5" m_a="1.112963" m_b="-0.314519" m_c="0.257265" m_d="0.910363" m_tx="-19.149000" m_ty="-119.698997"/>
   <element name="eyebone01" layername="eyebon" frame="0" z_index="6" m_a="1.000000" m_b="0.000000" m_c="0.000000" m_d="1.000000" m_tx="0.350000" m_ty="-0.349000"/>
  </frame>
  <frame idx="1350" w="156" h="398" x="-31.805775" y="-153.049744">
   <element name="eyeball" layername="eyeball" frame="0" z_index="5" m_a="1.112963" m_b="-0.314519" m_c="0.257265" m_d="0.910363" m_tx="-19.149000" m_ty="-119.698997"/>
   <element name="eyebone01" layername="eyebon" frame="0" z_index="6" m_a="1.000000" m_b="0.000000" m_c="0.000000" m_d="1.000000" m_tx="0.350000" m_ty="-0.349000"/>
  </frame>
  <frame idx="1375" w="156" h="398" x="-31.805775" y="-153.049744">
   <element name="eyeball" layername="eyeball" frame="0" z_index="5" m_a="1.112963" m_b="-0.314519" m_c="0.257265" m_d="0.910363" m_tx="-19.149000" m_ty="-119.698997"/>
   <element name="eyebone01" layername="eyebon" frame="0" z_index="6" m_a="1.000000" m_b="0.000000" m_c="0.000000" m_d="1.000000" m_tx="0.350000" m_ty="-0.349000"/>
  </frame>
  <frame idx="1400" w="156" h="398" x="-31.805775" y="-153.049744">
   <element name="eyeball" layername="eyeball" frame="0" z_index="5" m_a="1.112963" m_b="-0.314519" m_c="0.257265" m_d="0.910363" m_tx="-19.149000" m_ty="-119.698997"/>
   <element name="eyebone01" layername="eyebon" frame="0" z_index="6" m_a="1.000000" m_b="0.000000" m_c="0.000000" m_d="1.000000" m_tx="0.350000" m_ty="-0.349000"/>
  </frame>
  <frame idx="1425" w="156" h="398" x="-31.805775" y="-153.049744">
   <element name="eyeball" layername="eyeball" frame="0" z_index="5" m_a="1.112963" m_b="-0.314519" m_c="0.257265" m_d="0.910363" m_tx="-19.149000" m_ty="-119.698997"/>
   <element name="eyebone01" layername="eyebon" frame="0" z_index="6" m_a="1.000000" m_b="0.000000" m_c="0.000000" m_d="1.000000" m_tx="0.350000" m_ty="-0.349000"/>
  </frame>
  <frame idx="1450" w="156" h="398" x="-31.805775" y="-153.049744">
   <element name="eyeball" layername="eyeball" frame="0" z_index="5" m_a="1.112963" m_b="-0.314519" m_c="0.257265" m_d="0.910363" m_tx="-19.149000" m_ty="-119.698997"/>
   <element name="eyebone01" layername="eyebon" frame="0" z_index="6" m_a="1.000000" m_b="0.000000" m_c="0.000000" m_d="1.000000" m_tx="0.350000" m_ty="-0.349000"/>
  </frame>
  <frame idx="1475" w="156" h="398" x="-31.805775" y="-153.049744">
   <element name="eyeball" layername="eyeball" frame="0" z_index="5" m_a="1.112963" m_b="-0.314519" m_c="0.257265" m_d="0.910363" m_tx="-19.149000" m_ty="-119.698997"/>
   <element name="eyebone01" layername="eyebon" frame="0" z_index="6" m_a="1.000000" m_b="0.000000" m_c="0.000000" m_d="1.000000" m_tx="0.350000" m_ty="-0.349000"/>
  </frame>
  <frame idx="1500" w="156" h="398" x="-31.805775" y="-153.049744">
   <element name="eyeball" layername="eyeball" frame="0" z_index="5" m_a="1.112963" m_b="-0.314519" m_c="0.257265" m_d="0.910363" m_tx="-19.149000" m_ty="-119.698997"/>
   <element name="eyebone01" layername="eyebon" frame="0" z_index="6" m_a="1.000000" m_b="0.000000" m_c="0.000000" m_d="1.000000" m_tx="0.350000" m_ty="-0.349000"/>
  </frame>
  <frame idx="1525" w="156" h="398" x="-31.805775" y="-153.049744">
   <element name="eyeball" layername="eyeball" frame="0" z_index="5" m_a="1.112963" m_b="-0.314519" m_c="0.257265" m_d="0.910363" m_tx="-19.149000" m_ty="-119.698997"/>
   <element name="eyebone01" layername="eyebon" frame="0" z_index="6" m_a="1.000000" m_b="0.000000" m_c="0.000000" m_d="1.000000" m_tx="0.350000" m_ty="-0.349000"/>
  </frame>
  <frame idx="1550" w="156" h="398" x="-31.805775" y="-153.049744">
   <element name="eyeball" layername="eyeball" frame="0" z_index="5" m_a="1.112963" m_b="-0.314519" m_c="0.257265" m_d="0.910363" m_tx="-19.149000" m_ty="-119.698997"/>
   <element name="eyebone01" layername="eyebon" frame="0" z_index="6" m_a="1.000000" m_b="0.000000" m_c="0.000000" m_d="1.000000" m_tx="0.350000" m_ty="-0.349000"/>
  </frame>
  <frame idx="1575" w="156" h="398" x="-31.805775" y="-153.049744">
   <element name="eyeball" layername="eyeball" frame="0" z_index="5" m_a="1.112963" m_b="-0.314519" m_c="0.257265" m_d="0.910363" m_tx="-19.149000" m_ty="-119.698997"/>
   <element name="eyebone01" layername="eyebon" frame="0" z_index="6" m_a="1.000000" m_b="0.000000" m_c="0.000000" m_d="1.000000" m_tx="0.350000" m_ty="-0.349000"/>
  </frame>
  <frame idx="1600" w="156" h="398" x="-31.805775" y="-153.049744">
   <element name="eyeball" layername="eyeball" frame="0" z_index="5" m_a="1.112963" m_b="-0.314519" m_c="0.257265" m_d="0.910363" m_tx="-19.149000" m_ty="-119.698997"/>
   <element name="eyebone01" layername="eyebon" frame="0" z_index="6" m_a="1.000000" m_b="0.000000" m_c="0.000000" m_d="1.000000" m_tx="0.350000" m_ty="-0.349000"/>
  </frame>
  <frame idx="1625" w="156" h="398" x="-31.805775" y="-153.049744">
   <element name="eyeball" layername="eyeball" frame="0" z_index="5" m_a="1.112963" m_b="-0.314519" m_c="0.257265" m_d="0.910363" m_tx="-19.149000" m_ty="-119.698997"/>
   <element name="eyebone01" layername="eyebon" frame="0" z_index="6" m_a="1.000000" m_b="0.000000" m_c="0.000000" m_d="1.000000" m_tx="0.350000" m_ty="-0.349000"/>
  </frame>
  <frame idx="1650" w="156" h="398" x="-31.805775" y="-153.049744">
   <element name="eyeball" layername="eyeball" frame="0" z_index="5" m_a="1.112963" m_b="-0.314519" m_c="0.257265" m_d="0.910363" m_tx="-19.149000" m_ty="-119.698997"/>
   <element name="eyebone01" layername="eyebon" frame="0" z_index="6" m_a="1.000000" m_b="0.000000" m_c="0.000000" m_d="1.000000" m_tx="0.350000" m_ty="-0.349000"/>
  </frame>
  <frame idx="1675" w="156" h="398" x="-31.805775" y="-153.049744">
   <element name="eyeball" layername="eyeball" frame="0" z_index="5" m_a="1.112963" m_b="-0.314519" m_c="0.257265" m_d="0.910363" m_tx="-19.149000" m_ty="-119.698997"/>
   <element name="eyebone01" layername="eyebon" frame="0" z_index="6" m_a="1.000000" m_b="0.000000" m_c="0.000000" m_d="1.000000" m_tx="0.350000" m_ty="-0.349000"/>
  </frame>
  <frame idx="1700" w="156" h="398" x="-31.805775" y="-153.049744">
   <element name="eyeball" layername="eyeball" frame="0" z_index="5" m_a="1.112963" m_b="-0.314519" m_c="0.257265" m_d="0.910363" m_tx="-19.149000" m_ty="-119.698997"/>
   <element name="eyebone01" layername="eyebon" frame="0" z_index="6" m_a="1.000000" m_b="0.000000" m_c="0.000000" m_d="1.000000" m_tx="0.350000" m_ty="-0.349000"/>
  </frame>
  <frame idx="1725" w="156" h="398" x="-31.805775" y="-153.049744">
   <element name="eyeball" layername="eyeball" frame="0" z_index="5" m_a="1.112963" m_b="-0.314519" m_c="0.257265" m_d="0.910363" m_tx="-19.149000" m_ty="-119.698997"/>
   <element name="eyebone01" layername="eyebon" frame="0" z_index="6" m_a="1.000000" m_b="0.000000" m_c="0.000000" m_d="1.000000" m_tx="0.350000" m_ty="-0.349000"/>
  </frame>
  <frame idx="1750" w="156" h="398" x="-31.805775" y="-153.049744">
   <element name="eyeball" layername="eyeball" frame="0" z_index="5" m_a="1.112963" m_b="-0.314519" m_c="0.257265" m_d="0.910363" m_tx="-19.149000" m_ty="-119.698997"/>
   <element name="eyebone01" layername="eyebon" frame="0" z_index="6" m_a="1.000000" m_b="0.000000" m_c="0.000000" m_d="1.000000" m_tx="0.350000" m_ty="-0.349000"/>
  </frame>
  <frame idx="1775" w="156" h="398" x="-31.805775" y="-153.049744">
   <element name="eyeball" layername="eyeball" frame="0" z_index="5" m_a="1.112963" m_b="-0.314519" m_c="0.257265" m_d="0.910363" m_tx="-19.149000" m_ty="-119.698997"/>
   <element name="eyebone01" layername="eyebon" frame="0" z_index="6" m_a="1.000000" m_b="0.000000" m_c="0.000000" m_d="1.000000" m_tx="0.350000" m_ty="-0.349000"/>
  </frame>
  <frame idx="1800" w="156" h="398" x="-31.805775" y="-153.049744">
   <element name="eyeball" layername="eyeball" frame="0" z_index="5" m_a="1.112963" m_b="-0.314519" m_c="0.257265" m_d="0.910363" m_tx="-19.149000" m_ty="-119.698997"/>
   <element name="eyebone01" layername="eyebon" frame="0" z_index="6" m_a="1.000000" m_b="0.000000" m_c="0.000000" m_d="1.000000" m_tx="0.350000" m_ty="-0.349000"/>
  </frame>
  <frame idx="1825" w="156" h="398" x="-31.882885" y="-153.913452">
   <element name="eyeball" layername="eyeball" frame="0" z_index="5" m_a="1.126402" m_b="-0.279667" m_c="0.226324" m_d="0.911553" m_tx="-19.221727" m_ty="-120.571732"/>
   <element name="eyebone01" layername="eyebon" frame="0" z_index="6" m_a="1.000000" m_b="0.000000" m_c="0.000000" m_d="1.000000" m_tx="0.350000" m_ty="-0.349000"/>
  </frame>
  <frame idx="1850" w="156" h="400" x="-32.211517" y="-156.014236">
   <element name="eyeball" layername="eyeball" frame="0" z_index="5" m_a="1.151602" m_b="-0.200790" m_c="0.159400" m_d="0.914218" m_tx="-19.539909" m_ty="-122.692940"/>
   <element name="eyebone01" layername="eyebon" frame="0" z_index="6" m_a="1.000000" m_b="0.000000" m_c="0.000000" m_d="1.000000" m_tx="0.350000" m_ty="-0.349000"/>
  </frame>
  <frame idx="1875" w="158" h="405" x="-33.239395" y="-159.801239">
   <element name="eyeball" layername="eyeball" frame="0" z_index="5" m_a="1.174127" m_b="-0.079327" m_c="0.061876" m_d="0.915833" m_tx="-20.049000" m_ty="-126.010765"/>
   <element name="eyebone01" layername="eyebon" frame="0" z_index="6" m_a="1.000000" m_b="0.000000" m_c="0.000000" m_d="1.000000" m_tx="0.350000" m_ty="-0.349000"/>
  </frame>
  <frame idx="1900" w="158" h="410" x="-33.894608" y="-164.674255">
   <element name="eyeball" layername="eyeball" frame="0" z_index="5" m_a="1.175921" m_b="0.077954" m_c="-0.060537" m_d="0.913189" m_tx="-20.674000" m_ty="-130.422531"/>
   <element name="eyebone01" layername="eyebon" frame="0" z_index="6" m_a="1.000000" m_b="0.000000" m_c="0.000000" m_d="1.000000" m_tx="0.350000" m_ty="-0.349000"/>
  </frame>
  <frame idx="1925" w="155" h="416" x="-31.213871" y="-169.996277">
   <element name="eyeball" layername="eyeball" frame="0" z_index="5" m_a="1.129939" m_b="0.259147" m_c="-0.209404" m_d="0.913051" m_tx="-18.444454" m_ty="-135.289902"/>
   <element name="eyebone01" layername="eyebon" frame="0" z_index="6" m_a="1.000000" m_b="0.000000" m_c="0.000000" m_d="1.000000" m_tx="0.350000" m_ty="-0.349000"/>
  </frame>
  <frame idx="1950" w="154" h="419" x="-29.941959" y="-172.725418">
   <element name="eyeball" layername="eyeball" frame="0" z_index="5" m_a="1.086587" m_b="0.363329" m_c="-0.302375" m_d="0.904297" m_tx="-17.138395" m_ty="-138.042938"/>
   <element name="eyebone01" layername="eyebon" frame="0" z_index="6" m_a="1.000000" m_b="0.000000" m_c="0.000000" m_d="1.000000" m_tx="0.350000" m_ty="-0.349000"/>
  </frame>
  <frame idx="1975" w="153" h="421" x="-29.468458" y="-174.271957">
   <element name="eyeball" layername="eyeball" frame="0" z_index="5" m_a="1.064104" m_b="0.406235" m_c="-0.343345" m_d="0.899369" m_tx="-16.649000" m_ty="-139.098999"/>
   <element name="eyebone01" layername="eyebon" frame="0" z_index="6" m_a="1.000000" m_b="0.000000" m_c="0.000000" m_d="1.000000" m_tx="0.350000" m_ty="-0.349000"/>
  </frame>
  <frame idx="2000" w="153" h="421" x="-29.468458" y="-174.271957">
   <element name="eyeball" layername="eyeball" frame="0" z_index="5" m_a="1.064104" m_b="0.406235" m_c="-0.343345" m_d="0.899369" m_tx="-16.649000" m_ty="-139.098999"/>
   <element name="eyebone01" layername="eyebon" frame="0" z_index="6" m_a="1.000000" m_b="0.000000" m_c="0.000000" m_d="1.000000" m_tx="0.350000" m_ty="-0.349000"/>
  </frame>
  <frame idx="2025" w="153" h="421" x="-29.468458" y="-174.271957">
   <element name="eyeball" layername="eyeball" frame="0" z_index="5" m_a="1.064104" m_b="0.406235" m_c="-0.343345" m_d="0.899369" m_tx="-16.649000" m_ty="-139.098999"/>
   <element name="eyebone01" layername="eyebon" frame="0" z_index="6" m_a="1.000000" m_b="0.000000" m_c="0.000000" m_d="1.000000" m_tx="0.350000" m_ty="-0.349000"/>
  </frame>
  <frame idx="2050" w="153" h="421" x="-29.468458" y="-174.271957">
   <element name="eyeball" layername="eyeball" frame="0" z_index="5" m_a="1.064104" m_b="0.406235" m_c="-0.343345" m_d="0.899369" m_tx="-16.649000" m_ty="-139.098999"/>
   <element name="eyebone01" layername="eyebon" frame="0" z_index="6" m_a="1.000000" m_b="0.000000" m_c="0.000000" m_d="1.000000" m_tx="0.350000" m_ty="-0.349000"/>
  </frame>
  <frame idx="2075" w="153" h="421" x="-29.468458" y="-174.271957">
   <element name="eyeball" layername="eyeball" frame="0" z_index="5" m_a="1.064104" m_b="0.406235" m_c="-0.343345" m_d="0.899369" m_tx="-16.649000" m_ty="-139.098999"/>
   <element name="eyebone01" layername="eyebon" frame="0" z_index="6" m_a="1.000000" m_b="0.000000" m_c="0.000000" m_d="1.000000" m_tx="0.350000" m_ty="-0.349000"/>
  </frame>
  <frame idx="2100" w="153" h="421" x="-29.468458" y="-174.271957">
   <element name="eyeball" layername="eyeball" frame="0" z_index="5" m_a="1.064104" m_b="0.406235" m_c="-0.343345" m_d="0.899369" m_tx="-16.649000" m_ty="-139.098999"/>
   <element name="eyebone01" layername="eyebon" frame="0" z_index="6" m_a="1.000000" m_b="0.000000" m_c="0.000000" m_d="1.000000" m_tx="0.350000" m_ty="-0.349000"/>
  </frame>
  <frame idx="2125" w="153" h="421" x="-29.468458" y="-174.271957">
   <element name="eyeball" layername="eyeball" frame="0" z_index="5" m_a="1.064104" m_b="0.406235" m_c="-0.343345" m_d="0.899369" m_tx="-16.649000" m_ty="-139.098999"/>
   <element name="eyebone01" layername="eyebon" frame="0" z_index="6" m_a="1.000000" m_b="0.000000" m_c="0.000000" m_d="1.000000" m_tx="0.350000" m_ty="-0.349000"/>
  </frame>
  <frame idx="2150" w="153" h="421" x="-29.468458" y="-174.271957">
   <element name="eyeball" layername="eyeball" frame="0" z_index="5" m_a="1.064104" m_b="0.406235" m_c="-0.343345" m_d="0.899369" m_tx="-16.649000" m_ty="-139.098999"/>
   <element name="eyebone01" layername="eyebon" frame="0" z_index="6" m_a="1.000000" m_b="0.000000" m_c="0.000000" m_d="1.000000" m_tx="0.350000" m_ty="-0.349000"/>
  </frame>
  <frame idx="2175" w="153" h="421" x="-29.468458" y="-174.271957">
   <element name="eyeball" layername="eyeball" frame="0" z_index="5" m_a="1.064104" m_b="0.406235" m_c="-0.343345" m_d="0.899369" m_tx="-16.649000" m_ty="-139.098999"/>
   <element name="eyebone01" layername="eyebon" frame="0" z_index="6" m_a="1.000000" m_b="0.000000" m_c="0.000000" m_d="1.000000" m_tx="0.350000" m_ty="-0.349000"/>
  </frame>
  <frame idx="2200" w="153" h="421" x="-29.468458" y="-174.271957">
   <element name="eyeball" layername="eyeball" frame="0" z_index="5" m_a="1.064104" m_b="0.406235" m_c="-0.343345" m_d="0.899369" m_tx="-16.649000" m_ty="-139.098999"/>
   <element name="eyebone01" layername="eyebon" frame="0" z_index="6" m_a="1.000000" m_b="0.000000" m_c="0.000000" m_d="1.000000" m_tx="0.350000" m_ty="-0.349000"/>
  </frame>
  <frame idx="2225" w="153" h="421" x="-29.468458" y="-174.271957">
   <element name="eyeball" layername="eyeball" frame="0" z_index="5" m_a="1.064104" m_b="0.406235" m_c="-0.343345" m_d="0.899369" m_tx="-16.649000" m_ty="-139.098999"/>
   <element name="eyebone01" layername="eyebon" frame="0" z_index="6" m_a="1.000000" m_b="0.000000" m_c="0.000000" m_d="1.000000" m_tx="0.350000" m_ty="-0.349000"/>
  </frame>
  <frame idx="2250" w="153" h="421" x="-29.468458" y="-174.271957">
   <element name="eyeball" layername="eyeball" frame="0" z_index="5" m_a="1.064104" m_b="0.406235" m_c="-0.343345" m_d="0.899369" m_tx="-16.649000" m_ty="-139.098999"/>
   <element name="eyebone01" layername="eyebon" frame="0" z_index="6" m_a="1.000000" m_b="0.000000" m_c="0.000000" m_d="1.000000" m_tx="0.350000" m_ty="-0.349000"/>
  </frame>
  <frame idx="2275" w="153" h="421" x="-29.468458" y="-174.271957">
   <element name="eyeball" layername="eyeball" frame="0" z_index="5" m_a="1.064104" m_b="0.406235" m_c="-0.343345" m_d="0.899369" m_tx="-16.649000" m_ty="-139.098999"/>
   <element name="eyebone01" layername="eyebon" frame="0" z_index="6" m_a="1.000000" m_b="0.000000" m_c="0.000000" m_d="1.000000" m_tx="0.350000" m_ty="-0.349000"/>
  </frame>
  <frame idx="2300" w="153" h="421" x="-29.468458" y="-174.271957">
   <element name="eyeball" layername="eyeball" frame="0" z_index="5" m_a="1.064104" m_b="0.406235" m_c="-0.343345" m_d="0.899369" m_tx="-16.649000" m_ty="-139.098999"/>
   <element name="eyebone01" layername="eyebon" frame="0" z_index="6" m_a="1.000000" m_b="0.000000" m_c="0.000000" m_d="1.000000" m_tx="0.350000" m_ty="-0.349000"/>
  </frame>
  <frame idx="2325" w="153" h="421" x="-29.468458" y="-174.271957">
   <element name="eyeball" layername="eyeball" frame="0" z_index="5" m_a="1.064104" m_b="0.406235" m_c="-0.343345" m_d="0.899369" m_tx="-16.649000" m_ty="-139.098999"/>
   <element name="eyebone01" layername="eyebon" frame="0" z_index="6" m_a="1.000000" m_b="0.000000" m_c="0.000000" m_d="1.000000" m_tx="0.350000" m_ty="-0.349000"/>
  </frame>
  <frame idx="2350" w="153" h="421" x="-29.468458" y="-174.271957">
   <element name="eyeball" layername="eyeball" frame="0" z_index="5" m_a="1.064104" m_b="0.406235" m_c="-0.343345" m_d="0.899369" m_tx="-16.649000" m_ty="-139.098999"/>
   <element name="eyebone01" layername="eyebon" frame="0" z_index="6" m_a="1.000000" m_b="0.000000" m_c="0.000000" m_d="1.000000" m_tx="0.350000" m_ty="-0.349000"/>
  </frame>
  <frame idx="2375" w="153" h="421" x="-29.468458" y="-174.271957">
   <element name="eyeball" layername="eyeball" frame="0" z_index="5" m_a="1.064104" m_b="0.406235" m_c="-0.343345" m_d="0.899369" m_tx="-16.649000" m_ty="-139.098999"/>
   <element name="eyebone01" layername="eyebon" frame="0" z_index="6" m_a="1.000000" m_b="0.000000" m_c="0.000000" m_d="1.000000" m_tx="0.350000" m_ty="-0.349000"/>
  </frame>
  <frame idx="2400" w="153" h="421" x="-29.468458" y="-174.271957">
   <element name="eyeball" layername="eyeball" frame="0" z_index="5" m_a="1.064104" m_b="0.406235" m_c="-0.343345" m_d="0.899369" m_tx="-16.649000" m_ty="-139.098999"/>
   <element name="eyebone01" layername="eyebon" frame="0" z_index="6" m_a="1.000000" m_b="0.000000" m_c="0.000000" m_d="1.000000" m_tx="0.350000" m_ty="-0.349000"/>
  </frame>
  <frame idx="2425" w="153" h="421" x="-29.468458" y="-174.271957">
   <element name="eyeball" layername="eyeball" frame="0" z_index="5" m_a="1.064104" m_b="0.406235" m_c="-0.343345" m_d="0.899369" m_tx="-16.649000" m_ty="-139.098999"/>
   <element name="eyebone01" layername="eyebon" frame="0" z_index="6" m_a="1.000000" m_b="0.000000" m_c="0.000000" m_d="1.000000" m_tx="0.350000" m_ty="-0.349000"/>
  </frame>
  <frame idx="2450" w="153" h="421" x="-29.468458" y="-174.271957">
   <element name="eyeball" layername="eyeball" frame="0" z_index="5" m_a="1.064104" m_b="0.406235" m_c="-0.343345" m_d="0.899369" m_tx="-16.649000" m_ty="-139.098999"/>
   <element name="eyebone01" layername="eyebon" frame="0" z_index="6" m_a="1.000000" m_b="0.000000" m_c="0.000000" m_d="1.000000" m_tx="0.350000" m_ty="-0.349000"/>
  </frame>
  <frame idx="2475" w="153" h="421" x="-29.468458" y="-174.271957">
   <element name="eyeball" layername="eyeball" frame="0" z_index="5" m_a="1.064104" m_b="0.406235" m_c="-0.343345" m_d="0.899369" m_tx="-16.649000" m_ty="-139.098999"/>
   <element name="eyebone01" layername="eyebon" frame="0" z_index="6" m_a="1.000000" m_b="0.000000" m_c="0.000000" m_d="1.000000" m_tx="0.350000" m_ty="-0.349000"/>
  </frame>
  <frame idx="2500" w="153" h="421" x="-29.468458" y="-174.271957">
   <element name="eyeball" layername="eyeball" frame="0" z_index="5" m_a="1.064104" m_b="0.406235" m_c="-0.343345" m_d="0.899369" m_tx="-16.649000" m_ty="-139.098999"/>
   <element name="eyebone01" layername="eyebon" frame="0" z_index="6" m_a="1.000000" m_b="0.000000" m_c="0.000000" m_d="1.000000" m_tx="0.350000" m_ty="-0.349000"/>
  </frame>
  <frame idx="2525" w="153" h="421" x="-29.468458" y="-174.271957">
   <element name="eyeball" layername="eyeball" frame="0" z_index="5" m_a="1.064104" m_b="0.406235" m_c="-0.343345" m_d="0.899369" m_tx="-16.649000" m_ty="-139.098999"/>
   <element name="eyebone01" layername="eyebon" frame="0" z_index="6" m_a="1.000000" m_b="0.000000" m_c="0.000000" m_d="1.000000" m_tx="0.350000" m_ty="-0.349000"/>
  </frame>
  <frame idx="2550" w="153" h="421" x="-29.468458" y="-174.271957">
   <element name="eyeball" layername="eyeball" frame="0" z_index="5" m_a="1.064104" m_b="0.406235" m_c="-0.343345" m_d="0.899369" m_tx="-16.649000" m_ty="-139.098999"/>
   <element name="eyebone01" layername="eyebon" frame="0" z_index="6" m_a="1.000000" m_b="0.000000" m_c="0.000000" m_d="1.000000" m_tx="0.350000" m_ty="-0.349000"/>
  </frame>
  <frame idx="2575" w="153" h="419" x="-29.452690" y="-173.075470">
   <element name="eyeball" layername="eyeball" frame="0" z_index="5" m_a="1.086223" m_b="0.363077" m_c="-0.302512" m_d="0.905030" m_tx="-16.649000" m_ty="-138.393112"/>
   <element name="eyebone01" layername="eyebon" frame="0" z_index="6" m_a="1.000000" m_b="0.000000" m_c="0.000000" m_d="1.000000" m_tx="0.350000" m_ty="-0.349000"/>
  </frame>
  <frame idx="2600" w="153" h="417" x="-29.406628" y="-170.903641">
   <element name="eyeball" layername="eyeball" frame="0" z_index="5" m_a="1.143759" m_b="0.221155" m_c="-0.176156" m_d="0.911034" m_tx="-16.649000" m_ty="-136.187241"/>
   <element name="eyebone01" layername="eyebon" frame="0" z_index="6" m_a="1.000000" m_b="0.000000" m_c="0.000000" m_d="1.000000" m_tx="0.350000" m_ty="-0.349000"/>
  </frame>
  <frame idx="2625" w="153" h="415" x="-29.372782" y="-168.702774">
   <element name="eyeball" layername="eyeball" frame="0" z_index="5" m_a="1.171389" m_b="0.088096" m_c="-0.068669" m_d="0.913074" m_tx="-16.649000" m_ty="-133.953552"/>
   <element name="eyebone01" layername="eyebon" frame="0" z_index="6" m_a="1.000000" m_b="0.000000" m_c="0.000000" m_d="1.000000" m_tx="0.350000" m_ty="-0.349000"/>
   <element name="lids" layername="lids" frame="0" z_index="4" m_a="1.000000" m_b="0.000000" m_c="0.000000" m_d="1.000000" m_tx="-0.935392" m_ty="-133.899002"/>
  </frame>
  <frame idx="2650" w="153" h="413" x="-29.361736" y="-167.410919">
   <element name="eyeball" layername="eyeball" frame="0" z_index="5" m_a="1.177397" m_b="0.039531" m_c="-0.030585" m_d="0.910938" m_tx="-16.649000" m_ty="-133.149002"/>
   <element name="eyebone01" layername="eyebon" frame="0" z_index="6" m_a="1.000000" m_b="0.000000" m_c="0.000000" m_d="1.000000" m_tx="0.350000" m_ty="-0.349000"/>
   <element name="lids" layername="lids" frame="2" z_index="4" m_a="1.000000" m_b="0.000000" m_c="0.000000" m_d="1.000000" m_tx="-1.326058" m_ty="-133.899002"/>
  </frame>
  <frame idx="2675" w="153" h="413" x="-29.361736" y="-167.410919">
   <element name="eyeball" layername="eyeball" frame="0" z_index="5" m_a="1.177397" m_b="0.039531" m_c="-0.030585" m_d="0.910938" m_tx="-16.649000" m_ty="-133.149002"/>
   <element name="eyebone01" layername="eyebon" frame="0" z_index="6" m_a="1.000000" m_b="0.000000" m_c="0.000000" m_d="1.000000" m_tx="0.350000" m_ty="-0.349000"/>
   <element name="lids" layername="lids" frame="1" z_index="4" m_a="1.000000" m_b="0.000000" m_c="0.000000" m_d="1.000000" m_tx="-1.772619" m_ty="-133.899002"/>
  </frame>
  <frame idx="2700" w="153" h="413" x="-29.361736" y="-167.410919">
   <element name="eyeball" layername="eyeball" frame="0" z_index="5" m_a="1.177397" m_b="0.039531" m_c="-0.030585" m_d="0.910938" m_tx="-16.649000" m_ty="-133.149002"/>
   <element name="eyebone01" layername="eyebon" frame="0" z_index="6" m_a="1.000000" m_b="0.000000" m_c="0.000000" m_d="1.000000" m_tx="0.350000" m_ty="-0.349000"/>
   <element name="lids" layername="lids" frame="1" z_index="4" m_a="1.000000" m_b="0.000000" m_c="0.000000" m_d="1.000000" m_tx="-1.772619" m_ty="-133.899002"/>
  </frame>
  <frame idx="2725" w="153" h="413" x="-29.361736" y="-167.410919">
   <element name="eyeball" layername="eyeball" frame="0" z_index="5" m_a="1.177397" m_b="0.039531" m_c="-0.030585" m_d="0.910938" m_tx="-16.649000" m_ty="-133.149002"/>
   <element name="eyebone01" layername="eyebon" frame="0" z_index="6" m_a="1.000000" m_b="0.000000" m_c="0.000000" m_d="1.000000" m_tx="0.350000" m_ty="-0.349000"/>
   <element name="lids" layername="lids" frame="1" z_index="4" m_a="1.000000" m_b="0.000000" m_c="0.000000" m_d="1.000000" m_tx="-1.772619" m_ty="-133.899002"/>
  </frame>
  <frame idx="2750" w="153" h="413" x="-29.361736" y="-167.410919">
   <element name="eyeball" layername="eyeball" frame="0" z_index="5" m_a="1.177397" m_b="0.039531" m_c="-0.030585" m_d="0.910938" m_tx="-16.649000" m_ty="-133.149002"/>
   <element name="eyebone01" layername="eyebon" frame="0" z_index="6" m_a="1.000000" m_b="0.000000" m_c="0.000000" m_d="1.000000" m_tx="0.350000" m_ty="-0.349000"/>
   <element name="lids" layername="lids" frame="1" z_index="4" m_a="1.000000" m_b="0.000000" m_c="0.000000" m_d="1.000000" m_tx="-1.772619" m_ty="-133.899002"/>
  </frame>
  <frame idx="2775" w="153" h="413" x="-29.361736" y="-167.410919">
   <element name="eyeball" layername="eyeball" frame="0" z_index="5" m_a="1.177397" m_b="0.039531" m_c="-0.030585" m_d="0.910938" m_tx="-16.649000" m_ty="-133.149002"/>
   <element name="eyebone01" layername="eyebon" frame="0" z_index="6" m_a="1.000000" m_b="0.000000" m_c="0.000000" m_d="1.000000" m_tx="0.350000" m_ty="-0.349000"/>
   <element name="lids" layername="lids" frame="1" z_index="4" m_a="1.000000" m_b="0.000000" m_c="0.000000" m_d="1.000000" m_tx="-1.772619" m_ty="-133.899002"/>
  </frame>
  <frame idx="2800" w="153" h="413" x="-29.361736" y="-167.410919">
   <element name="eyeball" layername="eyeball" frame="0" z_index="5" m_a="1.177397" m_b="0.039531" m_c="-0.030585" m_d="0.910938" m_tx="-16.649000" m_ty="-133.149002"/>
   <element name="eyebone01" layername="eyebon" frame="0" z_index="6" m_a="1.000000" m_b="0.000000" m_c="0.000000" m_d="1.000000" m_tx="0.350000" m_ty="-0.349000"/>
   <element name="lids" layername="lids" frame="1" z_index="4" m_a="1.000000" m_b="0.000000" m_c="0.000000" m_d="1.000000" m_tx="-1.772619" m_ty="-133.899002"/>
  </frame>
  <frame idx="2825" w="142" h="410" x="-19.393566" y="-164.548019">
   <element name="eyeball" layername="eyeball" frame="0" z_index="5" m_a="1.168241" m_b="-0.134102" m_c="0.105479" m_d="0.918893" m_tx="-6.722529" m_ty="-130.244598"/>
   <element name="eyebone01" layername="eyebon" frame="0" z_index="6" m_a="1.000000" m_b="0.000000" m_c="0.000000" m_d="1.000000" m_tx="0.350000" m_ty="-0.349000"/>
   <element name="lids" layername="lids" frame="1" z_index="4" m_a="1.000000" m_b="0.000000" m_c="0.000000" m_d="1.000000" m_tx="-1.169090" m_ty="-133.899002"/>
  </frame>
  <frame idx="2850" w="143" h="411" x="-19.623512" y="-165.336609">
   <element name="eyeball" layername="eyeball" frame="0" z_index="5" m_a="1.158404" m_b="-0.195565" m_c="0.154721" m_d="0.916467" m_tx="-3.100515" m_ty="-131.017181"/>
   <element name="eyebone01" layername="eyebon" frame="0" z_index="6" m_a="1.000000" m_b="0.000000" m_c="0.000000" m_d="1.000000" m_tx="0.350000" m_ty="-0.349000"/>
   <element name="lids" layername="lids" frame="2" z_index="4" m_a="1.000000" m_b="0.000000" m_c="0.000000" m_d="1.000000" m_tx="-0.949039" m_ty="-133.899002"/>
  </frame>
  <frame idx="2875" w="143" h="413" x="-19.623512" y="-167.571442">
   <element name="eyeball" layername="eyeball" frame="0" z_index="5" m_a="1.158242" m_b="-0.195357" m_c="0.154550" m_d="0.916300" m_tx="-3.073242" m_ty="-133.252029"/>
   <element name="eyebone01" layername="eyebon" frame="0" z_index="6" m_a="1.000000" m_b="0.000000" m_c="0.000000" m_d="1.000000" m_tx="0.350000" m_ty="-0.349000"/>
   <element name="lids" layername="lids" frame="2" z_index="4" m_a="1.000000" m_b="0.000000" m_c="0.000000" m_d="1.000000" m_tx="-0.949039" m_ty="-133.899002"/>
  </frame>
  <frame idx="2900" w="143" h="415" x="-19.623512" y="-169.018448">
   <element name="eyeball" layername="eyeball" frame="0" z_index="5" m_a="1.158691" m_b="-0.195935" m_c="0.155025" m_d="0.916764" m_tx="-3.149000" m_ty="-134.199005"/>
   <element name="eyebone01" layername="eyebon" frame="0" z_index="6" m_a="1.000000" m_b="0.000000" m_c="0.000000" m_d="1.000000" m_tx="0.350000" m_ty="-0.349000"/>
   <element name="lids" layername="lids" frame="2" z_index="6" m_a="1.000000" m_b="0.000000" m_c="0.000000" m_d="1.000000" m_tx="-0.949039" m_ty="-133.899002"/>
  </frame>
  <frame idx="2925" w="143" h="415" x="-19.620104" y="-169.018448">
   <element name="eyeball" layername="eyeball" frame="0" z_index="5" m_a="1.158691" m_b="-0.195935" m_c="0.155025" m_d="0.916764" m_tx="-3.149000" m_ty="-134.199005"/>
   <element name="eyebone01" layername="eyebon" frame="0" z_index="6" m_a="1.000000" m_b="0.000000" m_c="0.000000" m_d="1.000000" m_tx="0.350000" m_ty="-0.349000"/>
   <element name="lids" layername="lids" frame="2" z_index="6" m_a="1.000000" m_b="0.000000" m_c="0.000000" m_d="1.000000" m_tx="-0.945631" m_ty="-133.899002"/>
  </frame>
  <frame idx="2950" w="143" h="415" x="-19.616695" y="-169.018448">
   <element name="eyeball" layername="eyeball" frame="0" z_index="5" m_a="1.158691" m_b="-0.195935" m_c="0.155025" m_d="0.916764" m_tx="-3.149000" m_ty="-134.199005"/>
   <element name="eyebone01" layername="eyebon" frame="0" z_index="6" m_a="1.000000" m_b="0.000000" m_c="0.000000" m_d="1.000000" m_tx="0.350000" m_ty="-0.349000"/>
   <element name="lids" layername="lids" frame="2" z_index="6" m_a="1.000000" m_b="0.000000" m_c="0.000000" m_d="1.000000" m_tx="-0.942222" m_ty="-133.899002"/>
  </frame>
  <frame idx="2975" w="143" h="415" x="-19.613285" y="-169.018448">
   <element name="eyeball" layername="eyeball" frame="0" z_index="5" m_a="1.158691" m_b="-0.195935" m_c="0.155025" m_d="0.916764" m_tx="-3.149000" m_ty="-134.199005"/>
   <element name="eyebone01" layername="eyebon" frame="0" z_index="6" m_a="1.000000" m_b="0.000000" m_c="0.000000" m_d="1.000000" m_tx="0.350000" m_ty="-0.349000"/>
   <element name="lids" layername="lids" frame="2" z_index="6" m_a="1.000000" m_b="0.000000" m_c="0.000000" m_d="1.000000" m_tx="-0.938813" m_ty="-133.899002"/>
  </frame>
  <frame idx="3000" w="143" h="415" x="-19.609879" y="-169.018448">
   <element name="eyeball" layername="eyeball" frame="0" z_index="5" m_a="1.158691" m_b="-0.195935" m_c="0.155025" m_d="0.916764" m_tx="-3.149000" m_ty="-134.199005"/>
   <element name="eyebone01" layername="eyebon" frame="0" z_index="6" m_a="1.000000" m_b="0.000000" m_c="0.000000" m_d="1.000000" m_tx="0.350000" m_ty="-0.349000"/>
   <element name="lids" layername="lids" frame="2" z_index="6" m_a="1.000000" m_b="0.000000" m_c="0.000000" m_d="1.000000" m_tx="-0.935405" m_ty="-133.899002"/>
  </frame>
  <frame idx="3025" w="143" h="415" x="-19.606468" y="-169.018448">
   <element name="eyeball" layername="eyeball" frame="0" z_index="5" m_a="1.158691" m_b="-0.195935" m_c="0.155025" m_d="0.916764" m_tx="-3.149000" m_ty="-134.199005"/>
   <element name="eyebone01" layername="eyebon" frame="0" z_index="6" m_a="1.000000" m_b="0.000000" m_c="0.000000" m_d="1.000000" m_tx="0.350000" m_ty="-0.349000"/>
   <element name="lids" layername="lids" frame="2" z_index="6" m_a="1.000000" m_b="0.000000" m_c="0.000000" m_d="1.000000" m_tx="-0.931996" m_ty="-133.899002"/>
  </frame>
  <frame idx="3050" w="143" h="415" x="-19.603060" y="-169.018448">
   <element name="eyeball" layername="eyeball" frame="0" z_index="5" m_a="1.158691" m_b="-0.195935" m_c="0.155025" m_d="0.916764" m_tx="-3.149000" m_ty="-134.199005"/>
   <element name="eyebone01" layername="eyebon" frame="0" z_index="6" m_a="1.000000" m_b="0.000000" m_c="0.000000" m_d="1.000000" m_tx="0.350000" m_ty="-0.349000"/>
   <element name="lids" layername="lids" frame="2" z_index="6" m_a="1.000000" m_b="0.000000" m_c="0.000000" m_d="1.000000" m_tx="-0.928587" m_ty="-133.899002"/>
  </frame>
  <frame idx="3075" w="143" h="415" x="-19.599651" y="-169.018448">
   <element name="eyeball" layername="eyeball" frame="0" z_index="5" m_a="1.158691" m_b="-0.195935" m_c="0.155025" m_d="0.916764" m_tx="-3.149000" m_ty="-134.199005"/>
   <element name="eyebone01" layername="eyebon" frame="0" z_index="6" m_a="1.000000" m_b="0.000000" m_c="0.000000" m_d="1.000000" m_tx="0.350000" m_ty="-0.349000"/>
   <element name="lids" layername="lids" frame="2" z_index="6" m_a="1.000000" m_b="0.000000" m_c="0.000000" m_d="1.000000" m_tx="-0.925179" m_ty="-133.899002"/>
  </frame>
  <frame idx="3100" w="143" h="415" x="-19.596243" y="-169.018448">
   <element name="eyeball" layername="eyeball" frame="0" z_index="5" m_a="1.158691" m_b="-0.195935" m_c="0.155025" m_d="0.916764" m_tx="-3.149000" m_ty="-134.199005"/>
   <element name="eyebone01" layername="eyebon" frame="0" z_index="6" m_a="1.000000" m_b="0.000000" m_c="0.000000" m_d="1.000000" m_tx="0.350000" m_ty="-0.349000"/>
   <element name="lids" layername="lids" frame="2" z_index="6" m_a="1.000000" m_b="0.000000" m_c="0.000000" m_d="1.000000" m_tx="-0.921770" m_ty="-133.899002"/>
  </frame>
  <frame idx="3125" w="143" h="415" x="-19.592834" y="-169.018448">
   <element name="eyeball" layername="eyeball" frame="0" z_index="5" m_a="1.158691" m_b="-0.195935" m_c="0.155025" m_d="0.916764" m_tx="-3.149000" m_ty="-134.199005"/>
   <element name="eyebone01" layername="eyebon" frame="0" z_index="6" m_a="1.000000" m_b="0.000000" m_c="0.000000" m_d="1.000000" m_tx="0.350000" m_ty="-0.349000"/>
   <element name="lids" layername="lids" frame="2" z_index="6" m_a="1.000000" m_b="0.000000" m_c="0.000000" m_d="1.000000" m_tx="-0.918361" m_ty="-133.899002"/>
  </frame>
  <frame idx="3150" w="143" h="415" x="-19.589426" y="-169.018448">
   <element name="eyeball" layername="eyeball" frame="0" z_index="5" m_a="1.158691" m_b="-0.195935" m_c="0.155025" m_d="0.916764" m_tx="-3.149000" m_ty="-134.199005"/>
   <element name="eyebone01" layername="eyebon" frame="0" z_index="6" m_a="1.000000" m_b="0.000000" m_c="0.000000" m_d="1.000000" m_tx="0.350000" m_ty="-0.349000"/>
   <element name="lids" layername="lids" frame="2" z_index="6" m_a="1.000000" m_b="0.000000" m_c="0.000000" m_d="1.000000" m_tx="-0.914953" m_ty="-133.899002"/>
  </frame>
  <frame idx="3175" w="143" h="415" x="-19.586018" y="-169.018448">
   <element name="eyeball" layername="eyeball" frame="0" z_index="5" m_a="1.158691" m_b="-0.195935" m_c="0.155025" m_d="0.916764" m_tx="-3.149000" m_ty="-134.199005"/>
   <element name="eyebone01" layername="eyebon" frame="0" z_index="6" m_a="1.000000" m_b="0.000000" m_c="0.000000" m_d="1.000000" m_tx="0.350000" m_ty="-0.349000"/>
   <element name="lids" layername="lids" frame="2" z_index="6" m_a="1.000000" m_b="0.000000" m_c="0.000000" m_d="1.000000" m_tx="-0.911544" m_ty="-133.899002"/>
  </frame>
  <frame idx="3200" w="143" h="415" x="-19.582607" y="-169.018448">
   <element name="eyeball" layername="eyeball" frame="0" z_index="5" m_a="1.158691" m_b="-0.195935" m_c="0.155025" m_d="0.916764" m_tx="-3.149000" m_ty="-134.199005"/>
   <element name="eyebone01" layername="eyebon" frame="0" z_index="6" m_a="1.000000" m_b="0.000000" m_c="0.000000" m_d="1.000000" m_tx="0.350000" m_ty="-0.349000"/>
   <element name="lids" layername="lids" frame="2" z_index="6" m_a="1.000000" m_b="0.000000" m_c="0.000000" m_d="1.000000" m_tx="-0.908135" m_ty="-133.899002"/>
  </frame>
  <frame idx="3225" w="143" h="415" x="-19.579199" y="-169.018448">
   <element name="eyeball" layername="eyeball" frame="0" z_index="5" m_a="1.158691" m_b="-0.195935" m_c="0.155025" m_d="0.916764" m_tx="-3.149000" m_ty="-134.199005"/>
   <element name="eyebone01" layername="eyebon" frame="0" z_index="6" m_a="1.000000" m_b="0.000000" m_c="0.000000" m_d="1.000000" m_tx="0.350000" m_ty="-0.349000"/>
   <element name="lids" layername="lids" frame="2" z_index="6" m_a="1.000000" m_b="0.000000" m_c="0.000000" m_d="1.000000" m_tx="-0.904727" m_ty="-133.899002"/>
  </frame>
 </anim>
</Anims>
