<Anims>
 <anim name="anim" root="doc" numframes="25" framerate="40">
  <frame idx="0" w="320" h="560" x="-65.297241" y="-317.073578">
   <element name="face" layername="face" frame="0" z_index="1" m_a="1.000000" m_b="0.000000" m_c="0.000000" m_d="1.000000" m_tx="7.450000" m_ty="-183.298996"/>
   <element name="headbase_hat" layername="headbase_hat" frame="0" z_index="2" m_a="1.000000" m_b="0.000000" m_c="0.000000" m_d="1.000000" m_tx="2.000000" m_ty="-120.098999"/>
   <element name="headbase" layername="headbase" frame="0" z_index="3" m_a="1.000000" m_b="0.000000" m_c="0.000000" m_d="1.000000" m_tx="2.000000" m_ty="-120.098999"/>
   <element name="hair_hat" layername="HAIR_HAT" frame="0" z_index="4" m_a="1.000000" m_b="0.000000" m_c="0.000000" m_d="1.000000" m_tx="-0.999000" m_ty="-203.449005"/>
   <element name="hair" layername="hair" frame="0" z_index="5" m_a="1.000000" m_b="0.000000" m_c="0.000000" m_d="1.000000" m_tx="-0.999000" m_ty="-203.449005"/>
   <element name="torso" layername="torso" frame="0" z_index="6" m_a="1.000000" m_b="0.000000" m_c="0.000000" m_d="1.000000" m_tx="0.750000" m_ty="-44.848999"/>
   <element name="torso_pelvis" layername="torso_pelvis" frame="0" z_index="7" m_a="1.000000" m_b="0.000000" m_c="0.000000" m_d="1.000000" m_tx="0.750000" m_ty="-44.848999"/>
   <element name="foot" layername="foot" frame="0" z_index="8" m_a="-1.000000" m_b="0.000000" m_c="0.000000" m_d="1.000000" m_tx="6.750000" m_ty="-10.049000"/>
   <element name="foot" layername="foot" frame="0" z_index="9" m_a="1.000000" m_b="0.000000" m_c="0.000000" m_d="1.000000" m_tx="-5.549000" m_ty="-10.049000"/>
   <element name="leg" layername="leg" frame="0" z_index="10" m_a="-1.000000" m_b="0.000000" m_c="0.000000" m_d="1.000000" m_tx="6.750000" m_ty="-40.049000"/>
   <element name="leg" layername="leg" frame="0" z_index="11" m_a="1.000000" m_b="0.000000" m_c="0.000000" m_d="1.000000" m_tx="-5.549000" m_ty="-40.049000"/>
   <element name="hand" layername="hand" frame="0" z_index="12" m_a="0.993774" m_b="-0.031402" m_c="0.031402" m_d="0.993774" m_tx="-39.398998" m_ty="-53.299000"/>
   <element name="arm_upper" layername="arm_upper" frame="0" z_index="13" m_a="0.931120" m_b="0.358449" m_c="-0.358449" m_d="0.931120" m_tx="-19.849001" m_ty="-110.899002"/>
   <element name="arm_upper_skin" layername="arm_upper_skin" frame="0" z_index="14" m_a="0.931120" m_b="0.358449" m_c="-0.358449" m_d="0.931120" m_tx="-19.849001" m_ty="-110.899002"/>
   <element name="arm_lower" layername="arm_lower" frame="0" z_index="15" m_a="0.973281" m_b="0.207019" m_c="-0.207019" m_d="0.973281" m_tx="-32.449001" m_ty="-81.698997"/>
   <element name="hand" layername="hand" frame="0" z_index="16" m_a="-0.993774" m_b="-0.031404" m_c="-0.031404" m_d="0.993774" m_tx="39.599998" m_ty="-53.299000"/>
   <element name="arm_upper" layername="arm_upper" frame="0" z_index="17" m_a="-0.931121" m_b="0.358444" m_c="0.358444" m_d="0.931121" m_tx="20.100000" m_ty="-110.899002"/>
   <element name="arm_upper_skin" layername="arm_upper_skin" frame="0" z_index="18" m_a="-0.931121" m_b="0.358444" m_c="0.358444" m_d="0.931121" m_tx="20.100000" m_ty="-110.899002"/>
   <element name="arm_lower" layername="arm_lower" frame="0" z_index="19" m_a="-0.973282" m_b="0.207016" m_c="0.207016" m_d="0.973282" m_tx="32.700001" m_ty="-81.698997"/>
  </frame>
 </anim>
</Anims>
