<Anims>
 <anim name="will" root="missing_post" numframes="1000" framerate="40">
  <frame idx="0" w="152" h="490" x="-13.992126" y="-167.551254">
   <element name="missing_post" layername="f2" frame="0" z_index="2" m_a="1.000000" m_b="0.000000" m_c="0.000000" m_d="1.000000" m_tx="0.000000" m_ty="0.000000"/>
  </frame>
  <frame idx="25" w="152" h="490" x="-13.992126" y="-167.551254">
   <element name="missing_post" layername="f2" frame="0" z_index="2" m_a="1.000000" m_b="0.000000" m_c="0.000000" m_d="1.000000" m_tx="0.000000" m_ty="0.000000"/>
  </frame>
  <frame idx="50" w="152" h="490" x="-13.992126" y="-167.551254">
   <element name="missing_post" layername="f2" frame="0" z_index="2" m_a="1.000000" m_b="0.000000" m_c="0.000000" m_d="1.000000" m_tx="0.000000" m_ty="0.000000"/>
  </frame>
  <frame idx="75" w="152" h="490" x="-13.992126" y="-167.551254">
   <element name="missing_post" layername="f2" frame="0" z_index="2" m_a="1.000000" m_b="0.000000" m_c="0.000000" m_d="1.000000" m_tx="0.000000" m_ty="0.000000"/>
  </frame>
  <frame idx="100" w="152" h="490" x="-13.992126" y="-167.551254">
   <element name="missing_post" layername="f2" frame="0" z_index="2" m_a="1.000000" m_b="0.000000" m_c="0.000000" m_d="1.000000" m_tx="0.000000" m_ty="0.000000"/>
  </frame>
  <frame idx="125" w="152" h="490" x="-13.992126" y="-167.551254">
   <element name="missing_post" layername="f2" frame="0" z_index="2" m_a="1.000000" m_b="0.000000" m_c="0.000000" m_d="1.000000" m_tx="0.000000" m_ty="0.000000"/>
  </frame>
  <frame idx="150" w="152" h="490" x="-13.992126" y="-167.551254">
   <element name="missing_post" layername="f2" frame="0" z_index="2" m_a="1.000000" m_b="0.000000" m_c="0.000000" m_d="1.000000" m_tx="0.000000" m_ty="0.000000"/>
  </frame>
  <frame idx="175" w="152" h="490" x="-13.992126" y="-167.551254">
   <element name="missing_post" layername="f2" frame="0" z_index="2" m_a="1.000000" m_b="0.000000" m_c="0.000000" m_d="1.000000" m_tx="0.000000" m_ty="0.000000"/>
  </frame>
  <frame idx="200" w="152" h="490" x="-13.992126" y="-167.551254">
   <element name="missing_post" layername="f2" frame="0" z_index="2" m_a="1.000000" m_b="0.000000" m_c="0.000000" m_d="1.000000" m_tx="0.000000" m_ty="0.000000"/>
  </frame>
  <frame idx="225" w="152" h="490" x="-13.992126" y="-167.551254">
   <element name="missing_post" layername="f2" frame="0" z_index="2" m_a="1.000000" m_b="0.000000" m_c="0.000000" m_d="1.000000" m_tx="0.000000" m_ty="0.000000"/>
  </frame>
  <frame idx="250" w="152" h="490" x="-13.992126" y="-167.551254">
   <element name="missing_post" layername="f2" frame="0" z_index="2" m_a="1.000000" m_b="0.000000" m_c="0.000000" m_d="1.000000" m_tx="0.000000" m_ty="0.000000"/>
  </frame>
  <frame idx="275" w="152" h="490" x="-13.992126" y="-167.551254">
   <element name="missing_post" layername="f2" frame="0" z_index="2" m_a="1.000000" m_b="0.000000" m_c="0.000000" m_d="1.000000" m_tx="0.000000" m_ty="0.000000"/>
  </frame>
  <frame idx="300" w="152" h="490" x="-13.992126" y="-167.551254">
   <element name="missing_post" layername="f2" frame="0" z_index="2" m_a="1.000000" m_b="0.000000" m_c="0.000000" m_d="1.000000" m_tx="0.000000" m_ty="0.000000"/>
  </frame>
  <frame idx="325" w="152" h="490" x="-13.992126" y="-167.551254">
   <element name="missing_post" layername="f2" frame="0" z_index="2" m_a="1.000000" m_b="0.000000" m_c="0.000000" m_d="1.000000" m_tx="0.000000" m_ty="0.000000"/>
  </frame>
  <frame idx="350" w="152" h="490" x="-13.992126" y="-167.551254">
   <element name="missing_post" layername="f2" frame="0" z_index="2" m_a="1.000000" m_b="0.000000" m_c="0.000000" m_d="1.000000" m_tx="0.000000" m_ty="0.000000"/>
  </frame>
  <frame idx="375" w="152" h="490" x="-13.992126" y="-167.551254">
   <element name="missing_post" layername="f2" frame="0" z_index="2" m_a="1.000000" m_b="0.000000" m_c="0.000000" m_d="1.000000" m_tx="0.000000" m_ty="0.000000"/>
  </frame>
  <frame idx="400" w="152" h="490" x="-13.992126" y="-167.551254">
   <element name="missing_post" layername="f2" frame="0" z_index="2" m_a="1.000000" m_b="0.000000" m_c="0.000000" m_d="1.000000" m_tx="0.000000" m_ty="0.000000"/>
  </frame>
  <frame idx="425" w="152" h="490" x="-13.992126" y="-167.551254">
   <element name="missing_post" layername="f2" frame="0" z_index="2" m_a="1.000000" m_b="0.000000" m_c="0.000000" m_d="1.000000" m_tx="0.000000" m_ty="0.000000"/>
  </frame>
  <frame idx="450" w="152" h="490" x="-13.992126" y="-167.551254">
   <element name="missing_post" layername="f2" frame="0" z_index="2" m_a="1.000000" m_b="0.000000" m_c="0.000000" m_d="1.000000" m_tx="0.000000" m_ty="0.000000"/>
  </frame>
  <frame idx="475" w="152" h="490" x="-13.992126" y="-167.551254">
   <element name="missing_post" layername="f2" frame="0" z_index="2" m_a="1.000000" m_b="0.000000" m_c="0.000000" m_d="1.000000" m_tx="0.000000" m_ty="0.000000"/>
  </frame>
  <frame idx="500" w="152" h="490" x="-13.992126" y="-167.551254">
   <element name="missing_post" layername="f2" frame="0" z_index="2" m_a="1.000000" m_b="0.000000" m_c="0.000000" m_d="1.000000" m_tx="0.000000" m_ty="0.000000"/>
  </frame>
  <frame idx="525" w="152" h="490" x="-13.992126" y="-167.551254">
   <element name="missing_post" layername="f2" frame="0" z_index="2" m_a="1.000000" m_b="0.000000" m_c="0.000000" m_d="1.000000" m_tx="0.000000" m_ty="0.000000"/>
  </frame>
  <frame idx="550" w="152" h="490" x="-13.992126" y="-167.551254">
   <element name="missing_post" layername="f2" frame="0" z_index="2" m_a="1.000000" m_b="0.000000" m_c="0.000000" m_d="1.000000" m_tx="0.000000" m_ty="0.000000"/>
  </frame>
  <frame idx="575" w="152" h="490" x="-13.992126" y="-167.551254">
   <element name="missing_post" layername="f2" frame="0" z_index="2" m_a="1.000000" m_b="0.000000" m_c="0.000000" m_d="1.000000" m_tx="0.000000" m_ty="0.000000"/>
  </frame>
  <frame idx="600" w="152" h="490" x="-13.992126" y="-167.551254">
   <element name="missing_post" layername="f2" frame="0" z_index="2" m_a="1.000000" m_b="0.000000" m_c="0.000000" m_d="1.000000" m_tx="0.000000" m_ty="0.000000"/>
  </frame>
  <frame idx="625" w="152" h="490" x="-13.992126" y="-167.551254">
   <element name="missing_post" layername="f2" frame="0" z_index="2" m_a="1.000000" m_b="0.000000" m_c="0.000000" m_d="1.000000" m_tx="0.000000" m_ty="0.000000"/>
  </frame>
  <frame idx="650" w="152" h="490" x="-13.992126" y="-167.551254">
   <element name="missing_post" layername="f2" frame="0" z_index="2" m_a="1.000000" m_b="0.000000" m_c="0.000000" m_d="1.000000" m_tx="0.000000" m_ty="0.000000"/>
  </frame>
  <frame idx="675" w="152" h="490" x="-13.992126" y="-167.551254">
   <element name="missing_post" layername="f2" frame="0" z_index="2" m_a="1.000000" m_b="0.000000" m_c="0.000000" m_d="1.000000" m_tx="0.000000" m_ty="0.000000"/>
  </frame>
  <frame idx="700" w="152" h="490" x="-13.992126" y="-167.551254">
   <element name="missing_post" layername="f2" frame="0" z_index="2" m_a="1.000000" m_b="0.000000" m_c="0.000000" m_d="1.000000" m_tx="0.000000" m_ty="0.000000"/>
  </frame>
  <frame idx="725" w="152" h="490" x="-13.992126" y="-167.551254">
   <element name="missing_post" layername="f2" frame="0" z_index="2" m_a="1.000000" m_b="0.000000" m_c="0.000000" m_d="1.000000" m_tx="0.000000" m_ty="0.000000"/>
  </frame>
  <frame idx="750" w="152" h="490" x="-13.992126" y="-167.551254">
   <element name="missing_post" layername="f2" frame="0" z_index="2" m_a="1.000000" m_b="0.000000" m_c="0.000000" m_d="1.000000" m_tx="0.000000" m_ty="0.000000"/>
  </frame>
  <frame idx="775" w="152" h="490" x="-13.992126" y="-167.551254">
   <element name="missing_post" layername="f2" frame="0" z_index="2" m_a="1.000000" m_b="0.000000" m_c="0.000000" m_d="1.000000" m_tx="0.000000" m_ty="0.000000"/>
  </frame>
  <frame idx="800" w="152" h="490" x="-13.992126" y="-167.551254">
   <element name="missing_post" layername="f2" frame="0" z_index="2" m_a="1.000000" m_b="0.000000" m_c="0.000000" m_d="1.000000" m_tx="0.000000" m_ty="0.000000"/>
  </frame>
  <frame idx="825" w="152" h="490" x="-13.992126" y="-167.551254">
   <element name="missing_post" layername="f2" frame="0" z_index="2" m_a="1.000000" m_b="0.000000" m_c="0.000000" m_d="1.000000" m_tx="0.000000" m_ty="0.000000"/>
  </frame>
  <frame idx="850" w="152" h="490" x="-13.992126" y="-167.551254">
   <element name="missing_post" layername="f2" frame="0" z_index="2" m_a="1.000000" m_b="0.000000" m_c="0.000000" m_d="1.000000" m_tx="0.000000" m_ty="0.000000"/>
  </frame>
  <frame idx="875" w="152" h="490" x="-13.992126" y="-167.551254">
   <element name="missing_post" layername="f2" frame="0" z_index="2" m_a="1.000000" m_b="0.000000" m_c="0.000000" m_d="1.000000" m_tx="0.000000" m_ty="0.000000"/>
  </frame>
  <frame idx="900" w="152" h="490" x="-13.992126" y="-167.551254">
   <element name="missing_post" layername="f2" frame="0" z_index="2" m_a="1.000000" m_b="0.000000" m_c="0.000000" m_d="1.000000" m_tx="0.000000" m_ty="0.000000"/>
  </frame>
  <frame idx="925" w="152" h="490" x="-13.992126" y="-167.551254">
   <element name="missing_post" layername="f2" frame="0" z_index="2" m_a="1.000000" m_b="0.000000" m_c="0.000000" m_d="1.000000" m_tx="0.000000" m_ty="0.000000"/>
  </frame>
  <frame idx="950" w="152" h="490" x="-13.992126" y="-167.551254">
   <element name="missing_post" layername="f2" frame="0" z_index="2" m_a="1.000000" m_b="0.000000" m_c="0.000000" m_d="1.000000" m_tx="0.000000" m_ty="0.000000"/>
  </frame>
  <frame idx="975" w="152" h="490" x="-13.992126" y="-167.551254">
   <element name="missing_post" layername="f2" frame="0" z_index="2" m_a="1.000000" m_b="0.000000" m_c="0.000000" m_d="1.000000" m_tx="0.000000" m_ty="0.000000"/>
  </frame>
 </anim>
 <anim name="wilson" root="missing_post" numframes="1000" framerate="40">
  <frame idx="0" w="152" h="491" x="-15.976372" y="-170.540649">
   <element name="missing_post" layername="" frame="1" z_index="2" m_a="1.000000" m_b="0.000000" m_c="0.000000" m_d="1.000000" m_tx="0.000000" m_ty="0.000000"/>
  </frame>
  <frame idx="25" w="152" h="491" x="-15.976372" y="-170.540649">
   <element name="missing_post" layername="" frame="1" z_index="2" m_a="1.000000" m_b="0.000000" m_c="0.000000" m_d="1.000000" m_tx="0.000000" m_ty="0.000000"/>
  </frame>
  <frame idx="50" w="152" h="491" x="-15.976372" y="-170.540649">
   <element name="missing_post" layername="" frame="1" z_index="2" m_a="1.000000" m_b="0.000000" m_c="0.000000" m_d="1.000000" m_tx="0.000000" m_ty="0.000000"/>
  </frame>
  <frame idx="75" w="152" h="491" x="-15.976372" y="-170.540649">
   <element name="missing_post" layername="" frame="1" z_index="2" m_a="1.000000" m_b="0.000000" m_c="0.000000" m_d="1.000000" m_tx="0.000000" m_ty="0.000000"/>
  </frame>
  <frame idx="100" w="152" h="491" x="-15.976372" y="-170.540649">
   <element name="missing_post" layername="" frame="1" z_index="2" m_a="1.000000" m_b="0.000000" m_c="0.000000" m_d="1.000000" m_tx="0.000000" m_ty="0.000000"/>
  </frame>
  <frame idx="125" w="152" h="491" x="-15.976372" y="-170.540649">
   <element name="missing_post" layername="" frame="1" z_index="2" m_a="1.000000" m_b="0.000000" m_c="0.000000" m_d="1.000000" m_tx="0.000000" m_ty="0.000000"/>
  </frame>
  <frame idx="150" w="152" h="491" x="-15.976372" y="-170.540649">
   <element name="missing_post" layername="" frame="1" z_index="2" m_a="1.000000" m_b="0.000000" m_c="0.000000" m_d="1.000000" m_tx="0.000000" m_ty="0.000000"/>
  </frame>
  <frame idx="175" w="152" h="491" x="-15.976372" y="-170.540649">
   <element name="missing_post" layername="" frame="1" z_index="2" m_a="1.000000" m_b="0.000000" m_c="0.000000" m_d="1.000000" m_tx="0.000000" m_ty="0.000000"/>
  </frame>
  <frame idx="200" w="152" h="491" x="-15.976372" y="-170.540649">
   <element name="missing_post" layername="" frame="1" z_index="2" m_a="1.000000" m_b="0.000000" m_c="0.000000" m_d="1.000000" m_tx="0.000000" m_ty="0.000000"/>
  </frame>
  <frame idx="225" w="152" h="491" x="-15.976372" y="-170.540649">
   <element name="missing_post" layername="" frame="1" z_index="2" m_a="1.000000" m_b="0.000000" m_c="0.000000" m_d="1.000000" m_tx="0.000000" m_ty="0.000000"/>
  </frame>
  <frame idx="250" w="152" h="491" x="-15.976372" y="-170.540649">
   <element name="missing_post" layername="" frame="1" z_index="2" m_a="1.000000" m_b="0.000000" m_c="0.000000" m_d="1.000000" m_tx="0.000000" m_ty="0.000000"/>
  </frame>
  <frame idx="275" w="152" h="491" x="-15.976372" y="-170.540649">
   <element name="missing_post" layername="" frame="1" z_index="2" m_a="1.000000" m_b="0.000000" m_c="0.000000" m_d="1.000000" m_tx="0.000000" m_ty="0.000000"/>
  </frame>
  <frame idx="300" w="152" h="491" x="-15.976372" y="-170.540649">
   <element name="missing_post" layername="" frame="1" z_index="2" m_a="1.000000" m_b="0.000000" m_c="0.000000" m_d="1.000000" m_tx="0.000000" m_ty="0.000000"/>
  </frame>
  <frame idx="325" w="152" h="491" x="-15.976372" y="-170.540649">
   <element name="missing_post" layername="" frame="1" z_index="2" m_a="1.000000" m_b="0.000000" m_c="0.000000" m_d="1.000000" m_tx="0.000000" m_ty="0.000000"/>
  </frame>
  <frame idx="350" w="152" h="491" x="-15.976372" y="-170.540649">
   <element name="missing_post" layername="" frame="1" z_index="2" m_a="1.000000" m_b="0.000000" m_c="0.000000" m_d="1.000000" m_tx="0.000000" m_ty="0.000000"/>
  </frame>
  <frame idx="375" w="152" h="491" x="-15.976372" y="-170.540649">
   <element name="missing_post" layername="" frame="1" z_index="2" m_a="1.000000" m_b="0.000000" m_c="0.000000" m_d="1.000000" m_tx="0.000000" m_ty="0.000000"/>
  </frame>
  <frame idx="400" w="152" h="491" x="-15.976372" y="-170.540649">
   <element name="missing_post" layername="" frame="1" z_index="2" m_a="1.000000" m_b="0.000000" m_c="0.000000" m_d="1.000000" m_tx="0.000000" m_ty="0.000000"/>
  </frame>
  <frame idx="425" w="152" h="491" x="-15.976372" y="-170.540649">
   <element name="missing_post" layername="" frame="1" z_index="2" m_a="1.000000" m_b="0.000000" m_c="0.000000" m_d="1.000000" m_tx="0.000000" m_ty="0.000000"/>
  </frame>
  <frame idx="450" w="152" h="491" x="-15.976372" y="-170.540649">
   <element name="missing_post" layername="" frame="1" z_index="2" m_a="1.000000" m_b="0.000000" m_c="0.000000" m_d="1.000000" m_tx="0.000000" m_ty="0.000000"/>
  </frame>
  <frame idx="475" w="152" h="491" x="-15.976372" y="-170.540649">
   <element name="missing_post" layername="" frame="1" z_index="2" m_a="1.000000" m_b="0.000000" m_c="0.000000" m_d="1.000000" m_tx="0.000000" m_ty="0.000000"/>
  </frame>
  <frame idx="500" w="152" h="491" x="-15.976372" y="-170.540649">
   <element name="missing_post" layername="" frame="1" z_index="2" m_a="1.000000" m_b="0.000000" m_c="0.000000" m_d="1.000000" m_tx="0.000000" m_ty="0.000000"/>
  </frame>
  <frame idx="525" w="152" h="491" x="-15.976372" y="-170.540649">
   <element name="missing_post" layername="" frame="1" z_index="2" m_a="1.000000" m_b="0.000000" m_c="0.000000" m_d="1.000000" m_tx="0.000000" m_ty="0.000000"/>
  </frame>
  <frame idx="550" w="152" h="491" x="-15.976372" y="-170.540649">
   <element name="missing_post" layername="" frame="1" z_index="2" m_a="1.000000" m_b="0.000000" m_c="0.000000" m_d="1.000000" m_tx="0.000000" m_ty="0.000000"/>
  </frame>
  <frame idx="575" w="152" h="491" x="-15.976372" y="-170.540649">
   <element name="missing_post" layername="" frame="1" z_index="2" m_a="1.000000" m_b="0.000000" m_c="0.000000" m_d="1.000000" m_tx="0.000000" m_ty="0.000000"/>
  </frame>
  <frame idx="600" w="152" h="491" x="-15.976372" y="-170.540649">
   <element name="missing_post" layername="" frame="1" z_index="2" m_a="1.000000" m_b="0.000000" m_c="0.000000" m_d="1.000000" m_tx="0.000000" m_ty="0.000000"/>
  </frame>
  <frame idx="625" w="152" h="491" x="-15.976372" y="-170.540649">
   <element name="missing_post" layername="" frame="1" z_index="2" m_a="1.000000" m_b="0.000000" m_c="0.000000" m_d="1.000000" m_tx="0.000000" m_ty="0.000000"/>
  </frame>
  <frame idx="650" w="152" h="491" x="-15.976372" y="-170.540649">
   <element name="missing_post" layername="" frame="1" z_index="2" m_a="1.000000" m_b="0.000000" m_c="0.000000" m_d="1.000000" m_tx="0.000000" m_ty="0.000000"/>
  </frame>
  <frame idx="675" w="152" h="491" x="-15.976372" y="-170.540649">
   <element name="missing_post" layername="" frame="1" z_index="2" m_a="1.000000" m_b="0.000000" m_c="0.000000" m_d="1.000000" m_tx="0.000000" m_ty="0.000000"/>
  </frame>
  <frame idx="700" w="152" h="491" x="-15.976372" y="-170.540649">
   <element name="missing_post" layername="" frame="1" z_index="2" m_a="1.000000" m_b="0.000000" m_c="0.000000" m_d="1.000000" m_tx="0.000000" m_ty="0.000000"/>
  </frame>
  <frame idx="725" w="152" h="491" x="-15.976372" y="-170.540649">
   <element name="missing_post" layername="" frame="1" z_index="2" m_a="1.000000" m_b="0.000000" m_c="0.000000" m_d="1.000000" m_tx="0.000000" m_ty="0.000000"/>
  </frame>
  <frame idx="750" w="152" h="491" x="-15.976372" y="-170.540649">
   <element name="missing_post" layername="" frame="1" z_index="2" m_a="1.000000" m_b="0.000000" m_c="0.000000" m_d="1.000000" m_tx="0.000000" m_ty="0.000000"/>
  </frame>
  <frame idx="775" w="152" h="491" x="-15.976372" y="-170.540649">
   <element name="missing_post" layername="" frame="1" z_index="2" m_a="1.000000" m_b="0.000000" m_c="0.000000" m_d="1.000000" m_tx="0.000000" m_ty="0.000000"/>
  </frame>
  <frame idx="800" w="152" h="491" x="-15.976372" y="-170.540649">
   <element name="missing_post" layername="" frame="1" z_index="2" m_a="1.000000" m_b="0.000000" m_c="0.000000" m_d="1.000000" m_tx="0.000000" m_ty="0.000000"/>
  </frame>
  <frame idx="825" w="152" h="491" x="-15.976372" y="-170.540649">
   <element name="missing_post" layername="" frame="1" z_index="2" m_a="1.000000" m_b="0.000000" m_c="0.000000" m_d="1.000000" m_tx="0.000000" m_ty="0.000000"/>
  </frame>
  <frame idx="850" w="152" h="491" x="-15.976372" y="-170.540649">
   <element name="missing_post" layername="" frame="1" z_index="2" m_a="1.000000" m_b="0.000000" m_c="0.000000" m_d="1.000000" m_tx="0.000000" m_ty="0.000000"/>
  </frame>
  <frame idx="875" w="152" h="491" x="-15.976372" y="-170.540649">
   <element name="missing_post" layername="" frame="1" z_index="2" m_a="1.000000" m_b="0.000000" m_c="0.000000" m_d="1.000000" m_tx="0.000000" m_ty="0.000000"/>
  </frame>
  <frame idx="900" w="152" h="491" x="-15.976372" y="-170.540649">
   <element name="missing_post" layername="" frame="1" z_index="2" m_a="1.000000" m_b="0.000000" m_c="0.000000" m_d="1.000000" m_tx="0.000000" m_ty="0.000000"/>
  </frame>
  <frame idx="925" w="152" h="491" x="-15.976372" y="-170.540649">
   <element name="missing_post" layername="" frame="1" z_index="2" m_a="1.000000" m_b="0.000000" m_c="0.000000" m_d="1.000000" m_tx="0.000000" m_ty="0.000000"/>
  </frame>
  <frame idx="950" w="152" h="491" x="-15.976372" y="-170.540649">
   <element name="missing_post" layername="" frame="1" z_index="2" m_a="1.000000" m_b="0.000000" m_c="0.000000" m_d="1.000000" m_tx="0.000000" m_ty="0.000000"/>
  </frame>
  <frame idx="975" w="152" h="491" x="-15.976372" y="-170.540649">
   <element name="missing_post" layername="" frame="1" z_index="2" m_a="1.000000" m_b="0.000000" m_c="0.000000" m_d="1.000000" m_tx="0.000000" m_ty="0.000000"/>
  </frame>
 </anim>
</Anims>
