<Anims>
 <anim name="cooked_90s" root="raspberry" numframes="25" framerate="40">
  <frame idx="0" w="284" h="201" x="-12.621582" y="-41.554607">
   <element name="berries01" layername="berrie" frame="1" z_index="2" m_a="1.550020" m_b="0.000000" m_c="0.000000" m_d="1.550020" m_tx="2.000000" m_ty="5.050000"/>
  </frame>
 </anim>
 <anim name="idle_90s" root="raspberry" numframes="25" framerate="40">
  <frame idx="0" w="262" h="156" x="-17.093027" y="-32.284538">
   <element name="berries01" layername="berrie" frame="0" z_index="2" m_a="1.550020" m_b="0.000000" m_c="0.000000" m_d="1.550020" m_tx="2.000000" m_ty="5.050000"/>
  </frame>
 </anim>
</Anims>
