<Anims>
 <anim name="idle" root="raspberrymuffin" numframes="1000" framerate="40">
  <frame idx="0" w="173" h="254" x="-11.005255" y="-84.952087">
   <element name="raspberrymuffin" layername="raspberrymuffin" frame="0" z_index="1" m_a="1.000000" m_b="0.000000" m_c="0.000000" m_d="1.000000" m_tx="3.003412" m_ty="-2.423808"/>
  </frame>
  <frame idx="25" w="173" h="254" x="-11.005255" y="-84.952087">
   <element name="raspberrymuffin" layername="raspberrymuffin" frame="0" z_index="1" m_a="1.000000" m_b="0.000000" m_c="0.000000" m_d="1.000000" m_tx="3.003412" m_ty="-2.423808"/>
  </frame>
  <frame idx="50" w="173" h="254" x="-11.005255" y="-84.952087">
   <element name="raspberrymuffin" layername="raspberrymuffin" frame="0" z_index="1" m_a="1.000000" m_b="0.000000" m_c="0.000000" m_d="1.000000" m_tx="3.003412" m_ty="-2.423808"/>
  </frame>
  <frame idx="75" w="173" h="254" x="-11.005255" y="-84.952087">
   <element name="raspberrymuffin" layername="raspberrymuffin" frame="0" z_index="1" m_a="1.000000" m_b="0.000000" m_c="0.000000" m_d="1.000000" m_tx="3.003412" m_ty="-2.423808"/>
  </frame>
  <frame idx="100" w="173" h="254" x="-11.005255" y="-84.952087">
   <element name="raspberrymuffin" layername="raspberrymuffin" frame="0" z_index="1" m_a="1.000000" m_b="0.000000" m_c="0.000000" m_d="1.000000" m_tx="3.003412" m_ty="-2.423808"/>
  </frame>
  <frame idx="125" w="173" h="254" x="-11.005255" y="-84.952087">
   <element name="raspberrymuffin" layername="raspberrymuffin" frame="0" z_index="1" m_a="1.000000" m_b="0.000000" m_c="0.000000" m_d="1.000000" m_tx="3.003412" m_ty="-2.423808"/>
  </frame>
  <frame idx="150" w="173" h="254" x="-11.005255" y="-84.952087">
   <element name="raspberrymuffin" layername="raspberrymuffin" frame="0" z_index="1" m_a="1.000000" m_b="0.000000" m_c="0.000000" m_d="1.000000" m_tx="3.003412" m_ty="-2.423808"/>
  </frame>
  <frame idx="175" w="173" h="254" x="-11.005255" y="-84.952087">
   <element name="raspberrymuffin" layername="raspberrymuffin" frame="0" z_index="1" m_a="1.000000" m_b="0.000000" m_c="0.000000" m_d="1.000000" m_tx="3.003412" m_ty="-2.423808"/>
  </frame>
  <frame idx="200" w="173" h="254" x="-11.005255" y="-84.952087">
   <element name="raspberrymuffin" layername="raspberrymuffin" frame="0" z_index="1" m_a="1.000000" m_b="0.000000" m_c="0.000000" m_d="1.000000" m_tx="3.003412" m_ty="-2.423808"/>
  </frame>
  <frame idx="225" w="173" h="254" x="-11.005255" y="-84.952087">
   <element name="raspberrymuffin" layername="raspberrymuffin" frame="0" z_index="1" m_a="1.000000" m_b="0.000000" m_c="0.000000" m_d="1.000000" m_tx="3.003412" m_ty="-2.423808"/>
  </frame>
  <frame idx="250" w="173" h="254" x="-11.005255" y="-84.952087">
   <element name="raspberrymuffin" layername="raspberrymuffin" frame="0" z_index="1" m_a="1.000000" m_b="0.000000" m_c="0.000000" m_d="1.000000" m_tx="3.003412" m_ty="-2.423808"/>
  </frame>
  <frame idx="275" w="173" h="254" x="-11.005255" y="-84.952087">
   <element name="raspberrymuffin" layername="raspberrymuffin" frame="0" z_index="1" m_a="1.000000" m_b="0.000000" m_c="0.000000" m_d="1.000000" m_tx="3.003412" m_ty="-2.423808"/>
  </frame>
  <frame idx="300" w="173" h="254" x="-11.005255" y="-84.952087">
   <element name="raspberrymuffin" layername="raspberrymuffin" frame="0" z_index="1" m_a="1.000000" m_b="0.000000" m_c="0.000000" m_d="1.000000" m_tx="3.003412" m_ty="-2.423808"/>
  </frame>
  <frame idx="325" w="173" h="254" x="-11.005255" y="-84.952087">
   <element name="raspberrymuffin" layername="raspberrymuffin" frame="0" z_index="1" m_a="1.000000" m_b="0.000000" m_c="0.000000" m_d="1.000000" m_tx="3.003412" m_ty="-2.423808"/>
  </frame>
  <frame idx="350" w="173" h="254" x="-11.005255" y="-84.952087">
   <element name="raspberrymuffin" layername="raspberrymuffin" frame="0" z_index="1" m_a="1.000000" m_b="0.000000" m_c="0.000000" m_d="1.000000" m_tx="3.003412" m_ty="-2.423808"/>
  </frame>
  <frame idx="375" w="173" h="254" x="-11.005255" y="-84.952087">
   <element name="raspberrymuffin" layername="raspberrymuffin" frame="0" z_index="1" m_a="1.000000" m_b="0.000000" m_c="0.000000" m_d="1.000000" m_tx="3.003412" m_ty="-2.423808"/>
  </frame>
  <frame idx="400" w="173" h="254" x="-11.005255" y="-84.952087">
   <element name="raspberrymuffin" layername="raspberrymuffin" frame="0" z_index="1" m_a="1.000000" m_b="0.000000" m_c="0.000000" m_d="1.000000" m_tx="3.003412" m_ty="-2.423808"/>
  </frame>
  <frame idx="425" w="173" h="254" x="-11.005255" y="-84.952087">
   <element name="raspberrymuffin" layername="raspberrymuffin" frame="0" z_index="1" m_a="1.000000" m_b="0.000000" m_c="0.000000" m_d="1.000000" m_tx="3.003412" m_ty="-2.423808"/>
  </frame>
  <frame idx="450" w="173" h="254" x="-11.005255" y="-84.952087">
   <element name="raspberrymuffin" layername="raspberrymuffin" frame="0" z_index="1" m_a="1.000000" m_b="0.000000" m_c="0.000000" m_d="1.000000" m_tx="3.003412" m_ty="-2.423808"/>
  </frame>
  <frame idx="475" w="173" h="254" x="-11.005255" y="-84.952087">
   <element name="raspberrymuffin" layername="raspberrymuffin" frame="0" z_index="1" m_a="1.000000" m_b="0.000000" m_c="0.000000" m_d="1.000000" m_tx="3.003412" m_ty="-2.423808"/>
  </frame>
  <frame idx="500" w="173" h="254" x="-11.005255" y="-84.952087">
   <element name="raspberrymuffin" layername="raspberrymuffin" frame="0" z_index="1" m_a="1.000000" m_b="0.000000" m_c="0.000000" m_d="1.000000" m_tx="3.003412" m_ty="-2.423808"/>
  </frame>
  <frame idx="525" w="173" h="254" x="-11.005255" y="-84.952087">
   <element name="raspberrymuffin" layername="raspberrymuffin" frame="0" z_index="1" m_a="1.000000" m_b="0.000000" m_c="0.000000" m_d="1.000000" m_tx="3.003412" m_ty="-2.423808"/>
  </frame>
  <frame idx="550" w="173" h="254" x="-11.005255" y="-84.952087">
   <element name="raspberrymuffin" layername="raspberrymuffin" frame="0" z_index="1" m_a="1.000000" m_b="0.000000" m_c="0.000000" m_d="1.000000" m_tx="3.003412" m_ty="-2.423808"/>
  </frame>
  <frame idx="575" w="173" h="254" x="-11.005255" y="-84.952087">
   <element name="raspberrymuffin" layername="raspberrymuffin" frame="0" z_index="1" m_a="1.000000" m_b="0.000000" m_c="0.000000" m_d="1.000000" m_tx="3.003412" m_ty="-2.423808"/>
  </frame>
  <frame idx="600" w="173" h="254" x="-11.005255" y="-84.952087">
   <element name="raspberrymuffin" layername="raspberrymuffin" frame="0" z_index="1" m_a="1.000000" m_b="0.000000" m_c="0.000000" m_d="1.000000" m_tx="3.003412" m_ty="-2.423808"/>
  </frame>
  <frame idx="625" w="173" h="254" x="-11.005255" y="-84.952087">
   <element name="raspberrymuffin" layername="raspberrymuffin" frame="0" z_index="1" m_a="1.000000" m_b="0.000000" m_c="0.000000" m_d="1.000000" m_tx="3.003412" m_ty="-2.423808"/>
  </frame>
  <frame idx="650" w="173" h="254" x="-11.005255" y="-84.952087">
   <element name="raspberrymuffin" layername="raspberrymuffin" frame="0" z_index="1" m_a="1.000000" m_b="0.000000" m_c="0.000000" m_d="1.000000" m_tx="3.003412" m_ty="-2.423808"/>
  </frame>
  <frame idx="675" w="173" h="254" x="-11.005255" y="-84.952087">
   <element name="raspberrymuffin" layername="raspberrymuffin" frame="0" z_index="1" m_a="1.000000" m_b="0.000000" m_c="0.000000" m_d="1.000000" m_tx="3.003412" m_ty="-2.423808"/>
  </frame>
  <frame idx="700" w="173" h="254" x="-11.005255" y="-84.952087">
   <element name="raspberrymuffin" layername="raspberrymuffin" frame="0" z_index="1" m_a="1.000000" m_b="0.000000" m_c="0.000000" m_d="1.000000" m_tx="3.003412" m_ty="-2.423808"/>
  </frame>
  <frame idx="725" w="173" h="254" x="-11.005255" y="-84.952087">
   <element name="raspberrymuffin" layername="raspberrymuffin" frame="0" z_index="1" m_a="1.000000" m_b="0.000000" m_c="0.000000" m_d="1.000000" m_tx="3.003412" m_ty="-2.423808"/>
  </frame>
  <frame idx="750" w="173" h="254" x="-11.005255" y="-84.952087">
   <element name="raspberrymuffin" layername="raspberrymuffin" frame="0" z_index="1" m_a="1.000000" m_b="0.000000" m_c="0.000000" m_d="1.000000" m_tx="3.003412" m_ty="-2.423808"/>
  </frame>
  <frame idx="775" w="173" h="254" x="-11.005255" y="-84.952087">
   <element name="raspberrymuffin" layername="raspberrymuffin" frame="0" z_index="1" m_a="1.000000" m_b="0.000000" m_c="0.000000" m_d="1.000000" m_tx="3.003412" m_ty="-2.423808"/>
  </frame>
  <frame idx="800" w="173" h="254" x="-11.005255" y="-84.952087">
   <element name="raspberrymuffin" layername="raspberrymuffin" frame="0" z_index="1" m_a="1.000000" m_b="0.000000" m_c="0.000000" m_d="1.000000" m_tx="3.003412" m_ty="-2.423808"/>
  </frame>
  <frame idx="825" w="173" h="254" x="-11.005255" y="-84.952087">
   <element name="raspberrymuffin" layername="raspberrymuffin" frame="0" z_index="1" m_a="1.000000" m_b="0.000000" m_c="0.000000" m_d="1.000000" m_tx="3.003412" m_ty="-2.423808"/>
  </frame>
  <frame idx="850" w="173" h="254" x="-11.005255" y="-84.952087">
   <element name="raspberrymuffin" layername="raspberrymuffin" frame="0" z_index="1" m_a="1.000000" m_b="0.000000" m_c="0.000000" m_d="1.000000" m_tx="3.003412" m_ty="-2.423808"/>
  </frame>
  <frame idx="875" w="173" h="254" x="-11.005255" y="-84.952087">
   <element name="raspberrymuffin" layername="raspberrymuffin" frame="0" z_index="1" m_a="1.000000" m_b="0.000000" m_c="0.000000" m_d="1.000000" m_tx="3.003412" m_ty="-2.423808"/>
  </frame>
  <frame idx="900" w="173" h="254" x="-11.005255" y="-84.952087">
   <element name="raspberrymuffin" layername="raspberrymuffin" frame="0" z_index="1" m_a="1.000000" m_b="0.000000" m_c="0.000000" m_d="1.000000" m_tx="3.003412" m_ty="-2.423808"/>
  </frame>
  <frame idx="925" w="173" h="254" x="-11.005255" y="-84.952087">
   <element name="raspberrymuffin" layername="raspberrymuffin" frame="0" z_index="1" m_a="1.000000" m_b="0.000000" m_c="0.000000" m_d="1.000000" m_tx="3.003412" m_ty="-2.423808"/>
  </frame>
  <frame idx="950" w="173" h="254" x="-11.005255" y="-84.952087">
   <element name="raspberrymuffin" layername="raspberrymuffin" frame="0" z_index="1" m_a="1.000000" m_b="0.000000" m_c="0.000000" m_d="1.000000" m_tx="3.003412" m_ty="-2.423808"/>
  </frame>
  <frame idx="975" w="173" h="254" x="-11.005255" y="-84.952087">
   <element name="raspberrymuffin" layername="raspberrymuffin" frame="0" z_index="1" m_a="1.000000" m_b="0.000000" m_c="0.000000" m_d="1.000000" m_tx="3.003412" m_ty="-2.423808"/>
  </frame>
 </anim>
</Anims>
