<Anims>
 <anim name="anim" root="bbq" numframes="125" framerate="40">
  <frame idx="0" w="507" h="1118" x="-141.044632" y="-498.730804">
   <element name="pieces" layername="grill" frame="0" z_index="20" m_a="1.000000" m_b="0.000000" m_c="0.000000" m_d="1.000000" m_tx="-24.944231" m_ty="-258.198517"/>
   <element name="pieces" layername="leg_front" frame="1" z_index="19" m_a="1.000000" m_b="0.000000" m_c="0.000000" m_d="0.817214" m_tx="83.955360" m_ty="7.065085"/>
   <element name="pieces" layername="leg_back" frame="1" z_index="21" m_a="-1.000000" m_b="0.000000" m_c="0.000000" m_d="0.790440" m_tx="-46.000000" m_ty="-1.991502"/>
   <element name="pieces" layername="grill_bottom" frame="3" z_index="18" m_a="1.000000" m_b="0.000000" m_c="0.000000" m_d="1.000000" m_tx="-30.912577" m_ty="-137.250000"/>
   <element name="pieces" layername="wheel" frame="4" z_index="16" m_a="0.699344" m_b="0.000000" m_c="0.000000" m_d="1.000000" m_tx="97.010277" m_ty="-406.985199"/>
   <element name="pieces" layername="spit" frame="5" z_index="17" m_a="0.456245" m_b="-0.029209" m_c="0.044486" m_d="0.694878" m_tx="6.085333" m_ty="-404.978729"/>
   <element name="pieces" layername="spit_lever" frame="2" z_index="22" m_a="1.000000" m_b="0.000000" m_c="0.000000" m_d="1.000000" m_tx="-62.358109" m_ty="-407.677979"/>
  </frame>
  <frame idx="25" w="507" h="1118" x="-141.044632" y="-498.730804">
   <element name="pieces" layername="grill" frame="0" z_index="20" m_a="1.000000" m_b="0.000000" m_c="0.000000" m_d="1.000000" m_tx="-24.944231" m_ty="-258.198517"/>
   <element name="pieces" layername="leg_front" frame="1" z_index="19" m_a="1.000000" m_b="0.000000" m_c="0.000000" m_d="0.817214" m_tx="83.955360" m_ty="7.065085"/>
   <element name="pieces" layername="leg_back" frame="1" z_index="21" m_a="-1.000000" m_b="0.000000" m_c="0.000000" m_d="0.790440" m_tx="-46.000000" m_ty="-1.991502"/>
   <element name="pieces" layername="grill_bottom" frame="3" z_index="18" m_a="1.000000" m_b="0.000000" m_c="0.000000" m_d="1.000000" m_tx="-30.912577" m_ty="-137.250000"/>
   <element name="pieces" layername="wheel" frame="4" z_index="16" m_a="0.699344" m_b="0.000000" m_c="0.000000" m_d="1.000000" m_tx="97.010277" m_ty="-406.985199"/>
   <element name="pieces" layername="spit" frame="5" z_index="17" m_a="0.456245" m_b="-0.029209" m_c="0.044486" m_d="0.694878" m_tx="6.085333" m_ty="-404.978729"/>
   <element name="pieces" layername="spit_lever" frame="2" z_index="22" m_a="1.000000" m_b="0.000000" m_c="0.000000" m_d="1.000000" m_tx="-62.358109" m_ty="-407.677979"/>
  </frame>
  <frame idx="50" w="507" h="1118" x="-141.044632" y="-498.730804">
   <element name="pieces" layername="grill" frame="0" z_index="20" m_a="1.000000" m_b="0.000000" m_c="0.000000" m_d="1.000000" m_tx="-24.944231" m_ty="-258.198517"/>
   <element name="pieces" layername="leg_front" frame="1" z_index="19" m_a="1.000000" m_b="0.000000" m_c="0.000000" m_d="0.817214" m_tx="83.955360" m_ty="7.065085"/>
   <element name="pieces" layername="leg_back" frame="1" z_index="21" m_a="-1.000000" m_b="0.000000" m_c="0.000000" m_d="0.790440" m_tx="-46.000000" m_ty="-1.991502"/>
   <element name="pieces" layername="grill_bottom" frame="3" z_index="18" m_a="1.000000" m_b="0.000000" m_c="0.000000" m_d="1.000000" m_tx="-30.912577" m_ty="-137.250000"/>
   <element name="pieces" layername="wheel" frame="4" z_index="16" m_a="0.699344" m_b="0.000000" m_c="0.000000" m_d="1.000000" m_tx="97.010277" m_ty="-406.985199"/>
   <element name="pieces" layername="spit" frame="5" z_index="17" m_a="0.456245" m_b="-0.029209" m_c="0.044486" m_d="0.694878" m_tx="6.085333" m_ty="-404.978729"/>
   <element name="pieces" layername="spit_lever" frame="2" z_index="22" m_a="1.000000" m_b="0.000000" m_c="0.000000" m_d="1.000000" m_tx="-62.358109" m_ty="-407.677979"/>
  </frame>
  <frame idx="75" w="507" h="1118" x="-141.044632" y="-498.730804">
   <element name="pieces" layername="grill" frame="0" z_index="20" m_a="1.000000" m_b="0.000000" m_c="0.000000" m_d="1.000000" m_tx="-24.944231" m_ty="-258.198517"/>
   <element name="pieces" layername="leg_front" frame="1" z_index="19" m_a="1.000000" m_b="0.000000" m_c="0.000000" m_d="0.817214" m_tx="83.955360" m_ty="7.065085"/>
   <element name="pieces" layername="leg_back" frame="1" z_index="21" m_a="-1.000000" m_b="0.000000" m_c="0.000000" m_d="0.790440" m_tx="-46.000000" m_ty="-1.991502"/>
   <element name="pieces" layername="grill_bottom" frame="3" z_index="18" m_a="1.000000" m_b="0.000000" m_c="0.000000" m_d="1.000000" m_tx="-30.912577" m_ty="-137.250000"/>
   <element name="pieces" layername="wheel" frame="4" z_index="16" m_a="0.699344" m_b="0.000000" m_c="0.000000" m_d="1.000000" m_tx="97.010277" m_ty="-406.985199"/>
   <element name="pieces" layername="spit" frame="5" z_index="17" m_a="0.456245" m_b="-0.029209" m_c="0.044486" m_d="0.694878" m_tx="6.085333" m_ty="-404.978729"/>
   <element name="pieces" layername="spit_lever" frame="2" z_index="22" m_a="1.000000" m_b="0.000000" m_c="0.000000" m_d="1.000000" m_tx="-62.358109" m_ty="-407.677979"/>
  </frame>
  <frame idx="100" w="507" h="1118" x="-141.044632" y="-498.730804">
   <element name="pieces" layername="grill" frame="0" z_index="20" m_a="1.000000" m_b="0.000000" m_c="0.000000" m_d="1.000000" m_tx="-24.944231" m_ty="-258.198517"/>
   <element name="pieces" layername="leg_front" frame="1" z_index="19" m_a="1.000000" m_b="0.000000" m_c="0.000000" m_d="0.817214" m_tx="83.955360" m_ty="7.065085"/>
   <element name="pieces" layername="leg_back" frame="1" z_index="21" m_a="-1.000000" m_b="0.000000" m_c="0.000000" m_d="0.790440" m_tx="-46.000000" m_ty="-1.991502"/>
   <element name="pieces" layername="grill_bottom" frame="3" z_index="18" m_a="1.000000" m_b="0.000000" m_c="0.000000" m_d="1.000000" m_tx="-30.912577" m_ty="-137.250000"/>
   <element name="pieces" layername="wheel" frame="4" z_index="16" m_a="0.699344" m_b="0.000000" m_c="0.000000" m_d="1.000000" m_tx="97.010277" m_ty="-406.985199"/>
   <element name="pieces" layername="spit" frame="5" z_index="17" m_a="0.456245" m_b="-0.029209" m_c="0.044486" m_d="0.694878" m_tx="6.085333" m_ty="-404.978729"/>
   <element name="pieces" layername="spit_lever" frame="2" z_index="22" m_a="1.000000" m_b="0.000000" m_c="0.000000" m_d="1.000000" m_tx="-62.358109" m_ty="-407.677979"/>
  </frame>
 </anim>
 <anim name="idle_on" root="bbq" numframes="1000" framerate="40">
  <frame idx="0" w="507" h="1118" x="-141.044632" y="-498.730804">
   <element name="pieces" layername="grill" frame="0" z_index="20" m_a="1.000000" m_b="0.000000" m_c="0.000000" m_d="1.000000" m_tx="-24.944231" m_ty="-258.198517"/>
   <element name="pieces" layername="leg_front" frame="1" z_index="19" m_a="1.000000" m_b="0.000000" m_c="0.000000" m_d="0.817214" m_tx="83.955360" m_ty="7.065085"/>
   <element name="pieces" layername="leg_back" frame="1" z_index="21" m_a="-1.000000" m_b="0.000000" m_c="0.000000" m_d="0.790440" m_tx="-46.000000" m_ty="-1.991502"/>
   <element name="pieces" layername="grill_bottom" frame="3" z_index="18" m_a="1.000000" m_b="0.000000" m_c="0.000000" m_d="1.000000" m_tx="-30.912577" m_ty="-137.250000"/>
   <element name="pieces" layername="wheel" frame="4" z_index="16" m_a="0.699344" m_b="0.000000" m_c="0.000000" m_d="1.000000" m_tx="97.010277" m_ty="-406.985199"/>
   <element name="pieces" layername="spit" frame="5" z_index="17" m_a="0.456245" m_b="-0.029209" m_c="0.044486" m_d="0.694878" m_tx="6.085333" m_ty="-404.978729"/>
   <element name="pieces" layername="spit_lever" frame="2" z_index="22" m_a="1.000000" m_b="0.000000" m_c="0.000000" m_d="1.000000" m_tx="-62.358109" m_ty="-407.677979"/>
  </frame>
  <frame idx="25" w="507" h="1113" x="-141.044632" y="-496.083557">
   <element name="pieces" layername="grill" frame="0" z_index="20" m_a="1.000000" m_b="0.000000" m_c="0.000000" m_d="1.000000" m_tx="-24.944231" m_ty="-257.124908"/>
   <element name="pieces" layername="leg_front" frame="1" z_index="19" m_a="1.000000" m_b="0.000000" m_c="0.000000" m_d="0.813126" m_tx="83.955360" m_ty="7.142620"/>
   <element name="pieces" layername="leg_back" frame="1" z_index="21" m_a="-1.000000" m_b="0.000000" m_c="0.000000" m_d="0.786486" m_tx="-46.000000" m_ty="-1.868662"/>
   <element name="pieces" layername="grill_bottom" frame="3" z_index="18" m_a="1.000000" m_b="0.000000" m_c="0.000000" m_d="1.000000" m_tx="-30.912577" m_ty="-138.038223"/>
   <element name="pieces" layername="wheel" frame="4" z_index="16" m_a="0.699344" m_b="0.000000" m_c="0.000000" m_d="1.000000" m_tx="97.010277" m_ty="-404.837952"/>
   <element name="pieces" layername="spit" frame="5" z_index="17" m_a="0.456245" m_b="-0.029209" m_c="0.044486" m_d="0.694878" m_tx="6.085333" m_ty="-402.831482"/>
   <element name="pieces" layername="spit_lever" frame="2" z_index="22" m_a="0.991765" m_b="0.128074" m_c="-0.128074" m_d="0.991765" m_tx="-62.358109" m_ty="-405.530701"/>
  </frame>
  <frame idx="50" w="507" h="1107" x="-141.044632" y="-493.436340">
   <element name="pieces" layername="grill" frame="0" z_index="20" m_a="1.000000" m_b="0.000000" m_c="0.000000" m_d="1.000000" m_tx="-24.944231" m_ty="-256.051270"/>
   <element name="pieces" layername="leg_front" frame="1" z_index="19" m_a="1.000000" m_b="0.000000" m_c="0.000000" m_d="0.809038" m_tx="83.955360" m_ty="7.220155"/>
   <element name="pieces" layername="leg_back" frame="1" z_index="21" m_a="-1.000000" m_b="0.000000" m_c="0.000000" m_d="0.782532" m_tx="-46.000000" m_ty="-1.745821"/>
   <element name="pieces" layername="grill_bottom" frame="3" z_index="18" m_a="1.000000" m_b="0.000000" m_c="0.000000" m_d="1.000000" m_tx="-30.912577" m_ty="-138.826431"/>
   <element name="pieces" layername="wheel" frame="4" z_index="16" m_a="0.699344" m_b="0.000000" m_c="0.000000" m_d="1.000000" m_tx="97.010277" m_ty="-402.690735"/>
   <element name="pieces" layername="spit" frame="5" z_index="17" m_a="0.456245" m_b="-0.029209" m_c="0.044486" m_d="0.694878" m_tx="6.085333" m_ty="-400.684265"/>
   <element name="pieces" layername="spit_lever" frame="2" z_index="22" m_a="0.999602" m_b="0.028199" m_c="-0.028199" m_d="0.999602" m_tx="-62.358109" m_ty="-403.383484"/>
  </frame>
  <frame idx="75" w="507" h="1102" x="-141.044632" y="-490.789093">
   <element name="pieces" layername="grill" frame="0" z_index="20" m_a="1.000000" m_b="0.000000" m_c="0.000000" m_d="1.000000" m_tx="-24.944231" m_ty="-254.977661"/>
   <element name="pieces" layername="leg_front" frame="1" z_index="19" m_a="1.000000" m_b="0.000000" m_c="0.000000" m_d="0.804950" m_tx="83.955360" m_ty="7.297690"/>
   <element name="pieces" layername="leg_back" frame="1" z_index="21" m_a="-1.000000" m_b="0.000000" m_c="0.000000" m_d="0.778578" m_tx="-46.000000" m_ty="-1.622980"/>
   <element name="pieces" layername="grill_bottom" frame="3" z_index="18" m_a="1.000000" m_b="0.000000" m_c="0.000000" m_d="1.000000" m_tx="-30.912577" m_ty="-139.614655"/>
   <element name="pieces" layername="wheel" frame="4" z_index="16" m_a="0.699344" m_b="0.000000" m_c="0.000000" m_d="1.000000" m_tx="97.010277" m_ty="-400.543488"/>
   <element name="pieces" layername="spit" frame="5" z_index="17" m_a="0.456245" m_b="-0.029209" m_c="0.044486" m_d="0.694878" m_tx="6.085333" m_ty="-398.537018"/>
   <element name="pieces" layername="spit_lever" frame="2" z_index="22" m_a="0.997407" m_b="-0.071960" m_c="0.071960" m_d="0.997407" m_tx="-62.358109" m_ty="-401.236237"/>
  </frame>
  <frame idx="100" w="507" h="1097" x="-141.044632" y="-488.141846">
   <element name="pieces" layername="grill" frame="0" z_index="20" m_a="1.000000" m_b="0.000000" m_c="0.000000" m_d="1.000000" m_tx="-24.944231" m_ty="-253.904037"/>
   <element name="pieces" layername="leg_front" frame="1" z_index="19" m_a="1.000000" m_b="0.000000" m_c="0.000000" m_d="0.800862" m_tx="83.955360" m_ty="7.375225"/>
   <element name="pieces" layername="leg_back" frame="1" z_index="21" m_a="-1.000000" m_b="0.000000" m_c="0.000000" m_d="0.774623" m_tx="-46.000000" m_ty="-1.500140"/>
   <element name="pieces" layername="grill_bottom" frame="3" z_index="18" m_a="1.000000" m_b="0.000000" m_c="0.000000" m_d="1.000000" m_tx="-30.912577" m_ty="-140.346832"/>
   <element name="pieces" layername="wheel" frame="4" z_index="16" m_a="0.699344" m_b="0.000000" m_c="0.000000" m_d="1.000000" m_tx="97.010277" m_ty="-398.396240"/>
   <element name="pieces" layername="spit" frame="5" z_index="17" m_a="0.456245" m_b="-0.029209" m_c="0.044486" m_d="0.694878" m_tx="6.085333" m_ty="-396.389771"/>
   <element name="pieces" layername="spit_lever" frame="2" z_index="22" m_a="0.987525" m_b="-0.157463" m_c="0.157463" m_d="0.987525" m_tx="-62.358109" m_ty="-399.089020"/>
  </frame>
  <frame idx="125" w="507" h="1091" x="-141.044632" y="-485.494598">
   <element name="pieces" layername="grill" frame="0" z_index="20" m_a="1.000000" m_b="0.000000" m_c="0.000000" m_d="1.000000" m_tx="-24.944231" m_ty="-252.830429"/>
   <element name="pieces" layername="leg_front" frame="1" z_index="19" m_a="1.000000" m_b="0.000000" m_c="0.000000" m_d="0.796773" m_tx="83.955360" m_ty="7.452760"/>
   <element name="pieces" layername="leg_back" frame="1" z_index="21" m_a="-1.000000" m_b="0.000000" m_c="0.000000" m_d="0.770669" m_tx="-46.000000" m_ty="-1.377299"/>
   <element name="pieces" layername="grill_bottom" frame="3" z_index="18" m_a="1.000000" m_b="0.000000" m_c="0.000000" m_d="1.000000" m_tx="-30.912577" m_ty="-140.667969"/>
   <element name="pieces" layername="wheel" frame="4" z_index="16" m_a="0.699344" m_b="0.000000" m_c="0.000000" m_d="1.000000" m_tx="97.010277" m_ty="-396.248993"/>
   <element name="pieces" layername="spit" frame="5" z_index="17" m_a="0.456245" m_b="-0.029209" m_c="0.044486" m_d="0.694878" m_tx="6.085333" m_ty="-394.242523"/>
   <element name="pieces" layername="spit_lever" frame="2" z_index="22" m_a="0.990128" m_b="-0.140167" m_c="0.140167" m_d="0.990128" m_tx="-62.358109" m_ty="-396.941772"/>
  </frame>
  <frame idx="150" w="507" h="1086" x="-141.044632" y="-482.847382">
   <element name="pieces" layername="grill" frame="0" z_index="20" m_a="1.000000" m_b="0.000000" m_c="0.000000" m_d="1.000000" m_tx="-24.944231" m_ty="-251.756805"/>
   <element name="pieces" layername="leg_front" frame="1" z_index="19" m_a="1.000000" m_b="0.000000" m_c="0.000000" m_d="0.792685" m_tx="83.955360" m_ty="7.530295"/>
   <element name="pieces" layername="leg_back" frame="1" z_index="21" m_a="-1.000000" m_b="0.000000" m_c="0.000000" m_d="0.766715" m_tx="-46.000000" m_ty="-1.254459"/>
   <element name="pieces" layername="grill_bottom" frame="3" z_index="18" m_a="1.000000" m_b="0.000000" m_c="0.000000" m_d="1.000000" m_tx="-30.912577" m_ty="-140.989120"/>
   <element name="pieces" layername="wheel" frame="4" z_index="16" m_a="0.699344" m_b="0.000000" m_c="0.000000" m_d="1.000000" m_tx="97.010277" m_ty="-394.101776"/>
   <element name="pieces" layername="spit" frame="5" z_index="17" m_a="0.456245" m_b="-0.029209" m_c="0.044486" m_d="0.694878" m_tx="6.085333" m_ty="-392.095306"/>
   <element name="pieces" layername="spit_lever" frame="2" z_index="22" m_a="0.992428" m_b="-0.122828" m_c="0.122828" m_d="0.992428" m_tx="-62.358109" m_ty="-394.794525"/>
  </frame>
  <frame idx="175" w="507" h="1080" x="-141.044632" y="-480.200134">
   <element name="pieces" layername="grill" frame="0" z_index="20" m_a="1.000000" m_b="0.000000" m_c="0.000000" m_d="1.000000" m_tx="-24.944231" m_ty="-250.683182"/>
   <element name="pieces" layername="leg_front" frame="1" z_index="19" m_a="1.000000" m_b="0.000000" m_c="0.000000" m_d="0.788597" m_tx="83.955360" m_ty="7.607831"/>
   <element name="pieces" layername="leg_back" frame="1" z_index="21" m_a="-1.000000" m_b="0.000000" m_c="0.000000" m_d="0.762761" m_tx="-46.000000" m_ty="-1.131618"/>
   <element name="pieces" layername="grill_bottom" frame="3" z_index="18" m_a="1.000000" m_b="0.000000" m_c="0.000000" m_d="1.000000" m_tx="-30.912577" m_ty="-141.310272"/>
   <element name="pieces" layername="wheel" frame="4" z_index="16" m_a="0.699344" m_b="0.000000" m_c="0.000000" m_d="1.000000" m_tx="97.010277" m_ty="-391.954529"/>
   <element name="pieces" layername="spit" frame="5" z_index="17" m_a="0.456245" m_b="-0.029209" m_c="0.044486" m_d="0.694878" m_tx="6.085333" m_ty="-389.948059"/>
   <element name="pieces" layername="spit_lever" frame="2" z_index="22" m_a="0.994425" m_b="-0.105451" m_c="0.105451" m_d="0.994425" m_tx="-62.358109" m_ty="-392.647308"/>
  </frame>
  <frame idx="200" w="507" h="1076" x="-141.044632" y="-478.052887">
   <element name="pieces" layername="grill" frame="0" z_index="20" m_a="1.000000" m_b="0.000000" m_c="0.000000" m_d="1.000000" m_tx="-24.944231" m_ty="-249.609573"/>
   <element name="pieces" layername="leg_front" frame="1" z_index="19" m_a="1.000000" m_b="0.000000" m_c="0.000000" m_d="0.784509" m_tx="83.955360" m_ty="7.685366"/>
   <element name="pieces" layername="leg_back" frame="1" z_index="21" m_a="-1.000000" m_b="0.000000" m_c="0.000000" m_d="0.758807" m_tx="-46.000000" m_ty="-1.008777"/>
   <element name="pieces" layername="grill_bottom" frame="3" z_index="18" m_a="1.000000" m_b="0.000000" m_c="0.000000" m_d="1.000000" m_tx="-30.912577" m_ty="-141.631424"/>
   <element name="pieces" layername="wheel" frame="4" z_index="16" m_a="0.699344" m_b="0.000000" m_c="0.000000" m_d="1.000000" m_tx="97.010277" m_ty="-389.807281"/>
   <element name="pieces" layername="spit" frame="5" z_index="17" m_a="0.456245" m_b="-0.029209" m_c="0.044486" m_d="0.694878" m_tx="6.085333" m_ty="-387.800812"/>
   <element name="pieces" layername="spit_lever" frame="2" z_index="22" m_a="0.996117" m_b="-0.088042" m_c="0.088042" m_d="0.996117" m_tx="-62.358109" m_ty="-390.500061"/>
  </frame>
  <frame idx="225" w="507" h="1071" x="-141.044632" y="-475.405640">
   <element name="pieces" layername="grill" frame="0" z_index="20" m_a="1.000000" m_b="0.000000" m_c="0.000000" m_d="1.000000" m_tx="-24.944231" m_ty="-248.535950"/>
   <element name="pieces" layername="leg_front" frame="1" z_index="19" m_a="1.000000" m_b="0.000000" m_c="0.000000" m_d="0.780421" m_tx="83.955360" m_ty="7.762901"/>
   <element name="pieces" layername="leg_back" frame="1" z_index="21" m_a="-1.000000" m_b="0.000000" m_c="0.000000" m_d="0.754853" m_tx="-46.000000" m_ty="-0.885937"/>
   <element name="pieces" layername="grill_bottom" frame="3" z_index="18" m_a="1.000000" m_b="0.000000" m_c="0.000000" m_d="1.000000" m_tx="-30.912577" m_ty="-141.952560"/>
   <element name="pieces" layername="wheel" frame="4" z_index="16" m_a="0.699344" m_b="0.000000" m_c="0.000000" m_d="1.000000" m_tx="97.010277" m_ty="-387.660034"/>
   <element name="pieces" layername="spit" frame="5" z_index="17" m_a="0.456245" m_b="-0.029209" m_c="0.044486" m_d="0.694878" m_tx="6.085333" m_ty="-385.653564"/>
   <element name="pieces" layername="spit_lever" frame="2" z_index="22" m_a="0.997504" m_b="-0.070606" m_c="0.070606" m_d="0.997504" m_tx="-62.358109" m_ty="-388.352814"/>
  </frame>
  <frame idx="250" w="507" h="1065" x="-141.044632" y="-472.758423">
   <element name="pieces" layername="grill" frame="0" z_index="20" m_a="1.000000" m_b="0.000000" m_c="0.000000" m_d="1.000000" m_tx="-24.944231" m_ty="-247.462326"/>
   <element name="pieces" layername="leg_front" frame="1" z_index="19" m_a="1.000000" m_b="0.000000" m_c="0.000000" m_d="0.776333" m_tx="83.955360" m_ty="7.840436"/>
   <element name="pieces" layername="leg_back" frame="1" z_index="21" m_a="-1.000000" m_b="0.000000" m_c="0.000000" m_d="0.750899" m_tx="-46.000000" m_ty="-0.763096"/>
   <element name="pieces" layername="grill_bottom" frame="3" z_index="18" m_a="1.000000" m_b="0.000000" m_c="0.000000" m_d="1.000000" m_tx="-30.912577" m_ty="-142.273712"/>
   <element name="pieces" layername="wheel" frame="4" z_index="16" m_a="0.699344" m_b="0.000000" m_c="0.000000" m_d="1.000000" m_tx="97.010277" m_ty="-385.512817"/>
   <element name="pieces" layername="spit" frame="5" z_index="17" m_a="0.456245" m_b="-0.029209" m_c="0.044486" m_d="0.694878" m_tx="6.085333" m_ty="-383.506348"/>
   <element name="pieces" layername="spit_lever" frame="2" z_index="22" m_a="0.998587" m_b="-0.053148" m_c="0.053148" m_d="0.998587" m_tx="-62.358109" m_ty="-386.205597"/>
  </frame>
  <frame idx="275" w="507" h="1060" x="-141.044632" y="-470.111176">
   <element name="pieces" layername="grill" frame="0" z_index="20" m_a="1.000000" m_b="0.000000" m_c="0.000000" m_d="1.000000" m_tx="-24.944231" m_ty="-246.388718"/>
   <element name="pieces" layername="leg_front" frame="1" z_index="19" m_a="1.000000" m_b="0.000000" m_c="0.000000" m_d="0.772245" m_tx="83.955360" m_ty="7.917971"/>
   <element name="pieces" layername="leg_back" frame="1" z_index="21" m_a="-1.000000" m_b="0.000000" m_c="0.000000" m_d="0.746944" m_tx="-46.000000" m_ty="-0.640256"/>
   <element name="pieces" layername="grill_bottom" frame="3" z_index="18" m_a="1.000000" m_b="0.000000" m_c="0.000000" m_d="1.000000" m_tx="-30.912577" m_ty="-142.594864"/>
   <element name="pieces" layername="wheel" frame="4" z_index="16" m_a="0.699344" m_b="0.000000" m_c="0.000000" m_d="1.000000" m_tx="97.010277" m_ty="-383.365570"/>
   <element name="pieces" layername="spit" frame="5" z_index="17" m_a="0.456245" m_b="-0.029209" m_c="0.044486" m_d="0.694878" m_tx="6.085333" m_ty="-381.359100"/>
   <element name="pieces" layername="spit_lever" frame="2" z_index="22" m_a="0.999363" m_b="-0.035675" m_c="0.035675" m_d="0.999363" m_tx="-62.358109" m_ty="-384.058350"/>
  </frame>
  <frame idx="300" w="507" h="1055" x="-141.044632" y="-467.463928">
   <element name="pieces" layername="grill" frame="0" z_index="20" m_a="1.000000" m_b="0.000000" m_c="0.000000" m_d="1.000000" m_tx="-24.944231" m_ty="-245.315094"/>
   <element name="pieces" layername="leg_front" frame="1" z_index="19" m_a="1.000000" m_b="0.000000" m_c="0.000000" m_d="0.768157" m_tx="83.955360" m_ty="7.995506"/>
   <element name="pieces" layername="leg_back" frame="1" z_index="21" m_a="-1.000000" m_b="0.000000" m_c="0.000000" m_d="0.742990" m_tx="-46.000000" m_ty="-0.517415"/>
   <element name="pieces" layername="grill_bottom" frame="3" z_index="18" m_a="1.000000" m_b="0.000000" m_c="0.000000" m_d="1.000000" m_tx="-30.912577" m_ty="-142.916000"/>
   <element name="pieces" layername="wheel" frame="4" z_index="16" m_a="0.699344" m_b="0.000000" m_c="0.000000" m_d="1.000000" m_tx="97.010277" m_ty="-381.218323"/>
   <element name="pieces" layername="spit" frame="5" z_index="17" m_a="0.456245" m_b="-0.029209" m_c="0.044486" m_d="0.694878" m_tx="6.085333" m_ty="-379.211853"/>
   <element name="pieces" layername="spit_lever" frame="2" z_index="22" m_a="0.999835" m_b="-0.018190" m_c="0.018190" m_d="0.999835" m_tx="-62.358109" m_ty="-381.911102"/>
  </frame>
  <frame idx="325" w="507" h="1049" x="-141.044632" y="-464.816681">
   <element name="pieces" layername="grill" frame="0" z_index="20" m_a="1.000000" m_b="0.000000" m_c="0.000000" m_d="1.000000" m_tx="-24.944231" m_ty="-244.241470"/>
   <element name="pieces" layername="leg_front" frame="1" z_index="19" m_a="1.000000" m_b="0.000000" m_c="0.000000" m_d="0.764068" m_tx="83.955360" m_ty="8.073041"/>
   <element name="pieces" layername="leg_back" frame="1" z_index="21" m_a="-1.000000" m_b="0.000000" m_c="0.000000" m_d="0.739036" m_tx="-46.000000" m_ty="-0.394575"/>
   <element name="pieces" layername="grill_bottom" frame="3" z_index="18" m_a="1.000000" m_b="0.000000" m_c="0.000000" m_d="1.000000" m_tx="-30.912577" m_ty="-143.237152"/>
   <element name="pieces" layername="wheel" frame="4" z_index="16" m_a="0.699344" m_b="0.000000" m_c="0.000000" m_d="1.000000" m_tx="97.010277" m_ty="-379.071075"/>
   <element name="pieces" layername="spit" frame="5" z_index="17" m_a="0.456245" m_b="-0.029209" m_c="0.044486" m_d="0.694878" m_tx="6.085333" m_ty="-377.064606"/>
   <element name="pieces" layername="spit_lever" frame="2" z_index="22" m_a="1.000000" m_b="-0.000700" m_c="0.000700" m_d="1.000000" m_tx="-62.358109" m_ty="-379.763855"/>
  </frame>
  <frame idx="350" w="507" h="1042" x="-141.044632" y="-461.068024">
   <element name="pieces" layername="grill" frame="0" z_index="20" m_a="1.000000" m_b="0.000000" m_c="0.000000" m_d="1.000000" m_tx="-24.944231" m_ty="-243.640396"/>
   <element name="pieces" layername="leg_front" frame="1" z_index="19" m_a="1.000000" m_b="0.000000" m_c="0.000000" m_d="0.758433" m_tx="83.955360" m_ty="8.179924"/>
   <element name="pieces" layername="leg_back" frame="1" z_index="21" m_a="-1.000000" m_b="0.000000" m_c="0.000000" m_d="0.733585" m_tx="-46.000000" m_ty="-0.225238"/>
   <element name="pieces" layername="grill_bottom" frame="3" z_index="18" m_a="1.000000" m_b="0.000000" m_c="0.000000" m_d="1.000000" m_tx="-30.912577" m_ty="-143.808136"/>
   <element name="pieces" layername="wheel" frame="4" z_index="16" m_a="0.699344" m_b="0.000000" m_c="0.000000" m_d="1.000000" m_tx="97.010277" m_ty="-375.822418"/>
   <element name="pieces" layername="spit" frame="5" z_index="17" m_a="0.456245" m_b="-0.029209" m_c="0.044486" m_d="0.694878" m_tx="6.085333" m_ty="-373.815948"/>
   <element name="pieces" layername="spit_lever" frame="2" z_index="22" m_a="1.000000" m_b="0.000000" m_c="0.000000" m_d="1.000000" m_tx="-62.358109" m_ty="-376.515198"/>
  </frame>
  <frame idx="375" w="507" h="1035" x="-141.044632" y="-457.273438">
   <element name="pieces" layername="grill" frame="0" z_index="20" m_a="1.000000" m_b="0.000000" m_c="0.000000" m_d="1.000000" m_tx="-24.944231" m_ty="-243.058990"/>
   <element name="pieces" layername="leg_front" frame="1" z_index="19" m_a="1.000000" m_b="0.000000" m_c="0.000000" m_d="0.752733" m_tx="83.955360" m_ty="8.288029"/>
   <element name="pieces" layername="leg_back" frame="1" z_index="21" m_a="-1.000000" m_b="0.000000" m_c="0.000000" m_d="0.728072" m_tx="-46.000000" m_ty="-0.053964"/>
   <element name="pieces" layername="grill_bottom" frame="3" z_index="18" m_a="1.000000" m_b="0.000000" m_c="0.000000" m_d="1.000000" m_tx="-30.912577" m_ty="-144.389542"/>
   <element name="pieces" layername="wheel" frame="4" z_index="16" m_a="0.699344" m_b="0.000000" m_c="0.000000" m_d="1.000000" m_tx="97.010277" m_ty="-372.527832"/>
   <element name="pieces" layername="spit" frame="5" z_index="17" m_a="0.456245" m_b="-0.029209" m_c="0.044486" m_d="0.694878" m_tx="6.085333" m_ty="-370.521362"/>
   <element name="pieces" layername="spit_lever" frame="2" z_index="22" m_a="1.000000" m_b="0.000000" m_c="0.000000" m_d="1.000000" m_tx="-62.358109" m_ty="-373.220612"/>
  </frame>
  <frame idx="400" w="507" h="1026" x="-141.044632" y="-452.978882">
   <element name="pieces" layername="grill" frame="0" z_index="20" m_a="1.000000" m_b="0.000000" m_c="0.000000" m_d="1.000000" m_tx="-24.944231" m_ty="-242.477600"/>
   <element name="pieces" layername="leg_front" frame="1" z_index="19" m_a="1.000000" m_b="0.000000" m_c="0.000000" m_d="0.747033" m_tx="83.955360" m_ty="8.396134"/>
   <element name="pieces" layername="leg_back" frame="1" z_index="21" m_a="-1.000000" m_b="0.000000" m_c="0.000000" m_d="0.722558" m_tx="-46.000000" m_ty="0.117310"/>
   <element name="pieces" layername="grill_bottom" frame="3" z_index="18" m_a="1.000000" m_b="0.000000" m_c="0.000000" m_d="1.000000" m_tx="-30.912577" m_ty="-144.970932"/>
   <element name="pieces" layername="wheel" frame="4" z_index="16" m_a="0.699344" m_b="0.000000" m_c="0.000000" m_d="1.000000" m_tx="97.010277" m_ty="-369.233276"/>
   <element name="pieces" layername="spit" frame="5" z_index="17" m_a="0.456245" m_b="-0.029209" m_c="0.044486" m_d="0.694878" m_tx="6.085333" m_ty="-367.226807"/>
   <element name="pieces" layername="spit_lever" frame="2" z_index="22" m_a="1.000000" m_b="0.000000" m_c="0.000000" m_d="1.000000" m_tx="-62.358109" m_ty="-369.926056"/>
  </frame>
  <frame idx="425" w="507" h="1019" x="-141.044632" y="-449.184296">
   <element name="pieces" layername="grill" frame="0" z_index="20" m_a="1.000000" m_b="0.000000" m_c="0.000000" m_d="1.000000" m_tx="-24.944231" m_ty="-241.896210"/>
   <element name="pieces" layername="leg_front" frame="1" z_index="19" m_a="1.000000" m_b="0.000000" m_c="0.000000" m_d="0.741333" m_tx="83.955360" m_ty="8.504240"/>
   <element name="pieces" layername="leg_back" frame="1" z_index="21" m_a="-1.000000" m_b="0.000000" m_c="0.000000" m_d="0.717045" m_tx="-46.000000" m_ty="0.288583"/>
   <element name="pieces" layername="grill_bottom" frame="3" z_index="18" m_a="1.000000" m_b="0.000000" m_c="0.000000" m_d="1.000000" m_tx="-30.912577" m_ty="-145.552322"/>
   <element name="pieces" layername="wheel" frame="4" z_index="16" m_a="0.699344" m_b="0.000000" m_c="0.000000" m_d="1.000000" m_tx="97.010277" m_ty="-365.938690"/>
   <element name="pieces" layername="spit" frame="5" z_index="17" m_a="0.456245" m_b="-0.029209" m_c="0.044486" m_d="0.694878" m_tx="6.085333" m_ty="-363.932220"/>
   <element name="pieces" layername="spit_lever" frame="2" z_index="22" m_a="1.000000" m_b="0.000000" m_c="0.000000" m_d="1.000000" m_tx="-62.358109" m_ty="-366.631470"/>
  </frame>
  <frame idx="450" w="507" h="1011" x="-141.044632" y="-445.389709">
   <element name="pieces" layername="grill" frame="0" z_index="20" m_a="1.000000" m_b="0.000000" m_c="0.000000" m_d="1.000000" m_tx="-24.944231" m_ty="-241.314804"/>
   <element name="pieces" layername="leg_front" frame="1" z_index="19" m_a="1.000000" m_b="0.000000" m_c="0.000000" m_d="0.735633" m_tx="83.955360" m_ty="8.612346"/>
   <element name="pieces" layername="leg_back" frame="1" z_index="21" m_a="-1.000000" m_b="0.000000" m_c="0.000000" m_d="0.711532" m_tx="-46.000000" m_ty="0.459857"/>
   <element name="pieces" layername="grill_bottom" frame="3" z_index="18" m_a="1.000000" m_b="0.000000" m_c="0.000000" m_d="1.000000" m_tx="-30.912577" m_ty="-146.133728"/>
   <element name="pieces" layername="wheel" frame="4" z_index="16" m_a="0.699344" m_b="0.000000" m_c="0.000000" m_d="1.000000" m_tx="97.010277" m_ty="-362.644104"/>
   <element name="pieces" layername="spit" frame="5" z_index="17" m_a="0.456245" m_b="-0.029209" m_c="0.044486" m_d="0.694878" m_tx="6.085333" m_ty="-360.637634"/>
   <element name="pieces" layername="spit_lever" frame="2" z_index="22" m_a="1.000000" m_b="0.000000" m_c="0.000000" m_d="1.000000" m_tx="-62.358109" m_ty="-363.336884"/>
  </frame>
  <frame idx="475" w="507" h="1022" x="-141.044632" y="-450.977966">
   <element name="pieces" layername="grill" frame="0" z_index="20" m_a="1.000000" m_b="0.000000" m_c="0.000000" m_d="1.000000" m_tx="-24.944231" m_ty="-243.023621"/>
   <element name="pieces" layername="leg_front" frame="1" z_index="19" m_a="1.000000" m_b="0.000000" m_c="0.000000" m_d="0.743972" m_tx="83.955360" m_ty="8.495375"/>
   <element name="pieces" layername="leg_back" frame="1" z_index="21" m_a="-1.000000" m_b="0.000000" m_c="0.000000" m_d="0.719597" m_tx="-46.000000" m_ty="0.250474"/>
   <element name="pieces" layername="grill_bottom" frame="3" z_index="18" m_a="1.000000" m_b="0.000000" m_c="0.000000" m_d="1.000000" m_tx="-30.912577" m_ty="-145.945816"/>
   <element name="pieces" layername="wheel" frame="4" z_index="16" m_a="0.699344" m_b="0.000000" m_c="0.000000" m_d="1.000000" m_tx="97.086319" m_ty="-367.308380"/>
   <element name="pieces" layername="spit" frame="5" z_index="17" m_a="0.456245" m_b="-0.029209" m_c="0.044486" m_d="0.694878" m_tx="6.085333" m_ty="-365.225891"/>
   <element name="pieces" layername="spit_lever" frame="2" z_index="22" m_a="0.990240" m_b="0.027125" m_c="-0.027382" m_d="0.999625" m_tx="-62.358109" m_ty="-367.544891"/>
  </frame>
  <frame idx="500" w="507" h="1037" x="-141.044632" y="-458.536896">
   <element name="pieces" layername="grill" frame="0" z_index="20" m_a="1.000000" m_b="0.000000" m_c="0.000000" m_d="1.000000" m_tx="-24.944231" m_ty="-245.304993"/>
   <element name="pieces" layername="leg_front" frame="1" z_index="19" m_a="1.000000" m_b="0.000000" m_c="0.000000" m_d="0.755820" m_tx="83.955360" m_ty="8.322134"/>
   <element name="pieces" layername="leg_back" frame="1" z_index="21" m_a="-1.000000" m_b="0.000000" m_c="0.000000" m_d="0.731057" m_tx="-46.000000" m_ty="-0.054074"/>
   <element name="pieces" layername="grill_bottom" frame="3" z_index="18" m_a="1.000000" m_b="0.000000" m_c="0.000000" m_d="1.000000" m_tx="-30.912577" m_ty="-145.565582"/>
   <element name="pieces" layername="wheel" frame="4" z_index="16" m_a="0.699344" m_b="0.000000" m_c="0.000000" m_d="1.000000" m_tx="97.181381" m_ty="-373.962372"/>
   <element name="pieces" layername="spit" frame="5" z_index="17" m_a="0.456245" m_b="-0.029209" m_c="0.044486" m_d="0.694878" m_tx="6.085333" m_ty="-371.784821"/>
   <element name="pieces" layername="spit_lever" frame="2" z_index="22" m_a="0.977017" m_b="0.060278" m_c="-0.061579" m_d="0.998102" m_tx="-62.358109" m_ty="-373.628540"/>
  </frame>
  <frame idx="525" w="507" h="1053" x="-141.044632" y="-466.631165">
   <element name="pieces" layername="grill" frame="0" z_index="20" m_a="1.000000" m_b="0.000000" m_c="0.000000" m_d="1.000000" m_tx="-24.944231" m_ty="-247.586365"/>
   <element name="pieces" layername="leg_front" frame="1" z_index="19" m_a="1.000000" m_b="0.000000" m_c="0.000000" m_d="0.767669" m_tx="83.955360" m_ty="8.148893"/>
   <element name="pieces" layername="leg_back" frame="1" z_index="21" m_a="-1.000000" m_b="0.000000" m_c="0.000000" m_d="0.742518" m_tx="-46.000000" m_ty="-0.358621"/>
   <element name="pieces" layername="grill_bottom" frame="3" z_index="18" m_a="1.000000" m_b="0.000000" m_c="0.000000" m_d="1.000000" m_tx="-30.912577" m_ty="-145.185364"/>
   <element name="pieces" layername="wheel" frame="4" z_index="16" m_a="0.699344" m_b="0.000000" m_c="0.000000" m_d="1.000000" m_tx="97.276436" m_ty="-380.616364"/>
   <element name="pieces" layername="spit" frame="5" z_index="17" m_a="0.456245" m_b="-0.029209" m_c="0.044486" m_d="0.694878" m_tx="6.085333" m_ty="-378.343750"/>
   <element name="pieces" layername="spit_lever" frame="2" z_index="22" m_a="0.962700" m_b="0.092558" m_c="-0.095703" m_d="0.995410" m_tx="-62.358109" m_ty="-379.712189"/>
  </frame>
  <frame idx="550" w="507" h="1070" x="-141.044632" y="-474.785156">
   <element name="pieces" layername="grill" frame="0" z_index="20" m_a="1.000000" m_b="0.000000" m_c="0.000000" m_d="1.000000" m_tx="-24.944231" m_ty="-249.867722"/>
   <element name="pieces" layername="leg_front" frame="1" z_index="19" m_a="1.000000" m_b="0.000000" m_c="0.000000" m_d="0.779517" m_tx="83.955360" m_ty="7.975654"/>
   <element name="pieces" layername="leg_back" frame="1" z_index="21" m_a="-1.000000" m_b="0.000000" m_c="0.000000" m_d="0.753978" m_tx="-46.000000" m_ty="-0.663169"/>
   <element name="pieces" layername="grill_bottom" frame="3" z_index="18" m_a="1.000000" m_b="0.000000" m_c="0.000000" m_d="1.000000" m_tx="-30.912577" m_ty="-144.805130"/>
   <element name="pieces" layername="wheel" frame="4" z_index="16" m_a="0.699344" m_b="0.000000" m_c="0.000000" m_d="1.000000" m_tx="97.371490" m_ty="-387.270355"/>
   <element name="pieces" layername="spit" frame="5" z_index="17" m_a="0.456245" m_b="-0.029209" m_c="0.044486" m_d="0.694878" m_tx="6.085333" m_ty="-384.902679"/>
   <element name="pieces" layername="spit_lever" frame="2" z_index="22" m_a="0.947331" m_b="0.123930" m_c="-0.129715" m_d="0.991551" m_tx="-62.358109" m_ty="-385.795837"/>
  </frame>
  <frame idx="575" w="507" h="1085" x="-141.044632" y="-482.439178">
   <element name="pieces" layername="grill" frame="0" z_index="20" m_a="1.000000" m_b="0.000000" m_c="0.000000" m_d="1.000000" m_tx="-24.944231" m_ty="-252.149094"/>
   <element name="pieces" layername="leg_front" frame="1" z_index="19" m_a="1.000000" m_b="0.000000" m_c="0.000000" m_d="0.791366" m_tx="83.955360" m_ty="7.802413"/>
   <element name="pieces" layername="leg_back" frame="1" z_index="21" m_a="-1.000000" m_b="0.000000" m_c="0.000000" m_d="0.765438" m_tx="-46.000000" m_ty="-0.967716"/>
   <element name="pieces" layername="grill_bottom" frame="3" z_index="18" m_a="1.000000" m_b="0.000000" m_c="0.000000" m_d="1.000000" m_tx="-30.912577" m_ty="-144.424911"/>
   <element name="pieces" layername="wheel" frame="4" z_index="16" m_a="0.699344" m_b="0.000000" m_c="0.000000" m_d="1.000000" m_tx="97.466553" m_ty="-393.924377"/>
   <element name="pieces" layername="spit" frame="5" z_index="17" m_a="0.456245" m_b="-0.029209" m_c="0.044486" m_d="0.694878" m_tx="6.085333" m_ty="-391.461609"/>
   <element name="pieces" layername="spit_lever" frame="2" z_index="22" m_a="0.930956" m_b="0.154360" m_c="-0.163575" m_d="0.986531" m_tx="-62.358109" m_ty="-391.879486"/>
  </frame>
  <frame idx="600" w="507" h="1101" x="-141.044632" y="-490.593170">
   <element name="pieces" layername="grill" frame="0" z_index="20" m_a="1.000000" m_b="0.000000" m_c="0.000000" m_d="1.000000" m_tx="-24.944231" m_ty="-254.430466"/>
   <element name="pieces" layername="leg_front" frame="1" z_index="19" m_a="1.000000" m_b="0.000000" m_c="0.000000" m_d="0.803214" m_tx="83.955360" m_ty="7.629173"/>
   <element name="pieces" layername="leg_back" frame="1" z_index="21" m_a="-1.000000" m_b="0.000000" m_c="0.000000" m_d="0.776899" m_tx="-46.000000" m_ty="-1.272264"/>
   <element name="pieces" layername="grill_bottom" frame="3" z_index="18" m_a="1.000000" m_b="0.000000" m_c="0.000000" m_d="1.000000" m_tx="-30.912577" m_ty="-144.044678"/>
   <element name="pieces" layername="wheel" frame="4" z_index="16" m_a="0.699344" m_b="0.000000" m_c="0.000000" m_d="1.000000" m_tx="97.561607" m_ty="-400.578369"/>
   <element name="pieces" layername="spit" frame="5" z_index="17" m_a="0.456245" m_b="-0.029209" m_c="0.044486" m_d="0.694878" m_tx="6.085333" m_ty="-398.020569"/>
   <element name="pieces" layername="spit_lever" frame="2" z_index="22" m_a="0.913622" m_b="0.183817" m_c="-0.197243" m_d="0.980355" m_tx="-62.358109" m_ty="-397.963135"/>
  </frame>
  <frame idx="625" w="507" h="1116" x="-141.044632" y="-498.247162">
   <element name="pieces" layername="grill" frame="0" z_index="20" m_a="1.000000" m_b="0.000000" m_c="0.000000" m_d="1.000000" m_tx="-24.944231" m_ty="-256.711823"/>
   <element name="pieces" layername="leg_front" frame="1" z_index="19" m_a="1.000000" m_b="0.000000" m_c="0.000000" m_d="0.815063" m_tx="83.955360" m_ty="7.455933"/>
   <element name="pieces" layername="leg_back" frame="1" z_index="21" m_a="-1.000000" m_b="0.000000" m_c="0.000000" m_d="0.788359" m_tx="-46.000000" m_ty="-1.576811"/>
   <element name="pieces" layername="grill_bottom" frame="3" z_index="18" m_a="1.000000" m_b="0.000000" m_c="0.000000" m_d="1.000000" m_tx="-30.912577" m_ty="-143.664444"/>
   <element name="pieces" layername="wheel" frame="4" z_index="16" m_a="0.699344" m_b="0.000000" m_c="0.000000" m_d="1.000000" m_tx="97.656662" m_ty="-407.232361"/>
   <element name="pieces" layername="spit" frame="5" z_index="17" m_a="0.456245" m_b="-0.029209" m_c="0.044486" m_d="0.694878" m_tx="6.085333" m_ty="-404.579498"/>
   <element name="pieces" layername="spit_lever" frame="2" z_index="22" m_a="0.895376" m_b="0.212271" m_c="-0.230681" m_d="0.973029" m_tx="-62.358109" m_ty="-404.046814"/>
  </frame>
  <frame idx="650" w="507" h="1132" x="-141.044632" y="-506.401154">
   <element name="pieces" layername="grill" frame="0" z_index="20" m_a="1.000000" m_b="0.000000" m_c="0.000000" m_d="1.000000" m_tx="-24.944231" m_ty="-258.993195"/>
   <element name="pieces" layername="leg_front" frame="1" z_index="19" m_a="1.000000" m_b="0.000000" m_c="0.000000" m_d="0.826911" m_tx="83.955360" m_ty="7.282692"/>
   <element name="pieces" layername="leg_back" frame="1" z_index="21" m_a="-1.000000" m_b="0.000000" m_c="0.000000" m_d="0.799819" m_tx="-46.000000" m_ty="-1.881359"/>
   <element name="pieces" layername="grill_bottom" frame="3" z_index="18" m_a="1.000000" m_b="0.000000" m_c="0.000000" m_d="1.000000" m_tx="-30.912577" m_ty="-143.284225"/>
   <element name="pieces" layername="wheel" frame="4" z_index="16" m_a="0.699344" m_b="0.000000" m_c="0.000000" m_d="1.000000" m_tx="97.751724" m_ty="-413.886353"/>
   <element name="pieces" layername="spit" frame="5" z_index="17" m_a="0.456245" m_b="-0.029209" m_c="0.044486" m_d="0.694878" m_tx="6.085333" m_ty="-411.138428"/>
   <element name="pieces" layername="spit_lever" frame="2" z_index="22" m_a="0.876266" m_b="0.239695" m_c="-0.263848" m_d="0.964564" m_tx="-62.358109" m_ty="-410.130463"/>
  </frame>
  <frame idx="675" w="507" h="1148" x="-141.044632" y="-514.555176">
   <element name="pieces" layername="grill" frame="0" z_index="20" m_a="1.000000" m_b="0.000000" m_c="0.000000" m_d="1.000000" m_tx="-24.944231" m_ty="-261.274567"/>
   <element name="pieces" layername="leg_front" frame="1" z_index="19" m_a="1.000000" m_b="0.000000" m_c="0.000000" m_d="0.838760" m_tx="83.955360" m_ty="7.109452"/>
   <element name="pieces" layername="leg_back" frame="1" z_index="21" m_a="-1.000000" m_b="0.000000" m_c="0.000000" m_d="0.811279" m_tx="-46.000000" m_ty="-2.185906"/>
   <element name="pieces" layername="grill_bottom" frame="3" z_index="18" m_a="1.000000" m_b="0.000000" m_c="0.000000" m_d="1.000000" m_tx="-30.912577" m_ty="-142.903992"/>
   <element name="pieces" layername="wheel" frame="4" z_index="16" m_a="0.699344" m_b="0.000000" m_c="0.000000" m_d="1.000000" m_tx="97.846779" m_ty="-420.540344"/>
   <element name="pieces" layername="spit" frame="5" z_index="17" m_a="0.456245" m_b="-0.029209" m_c="0.044486" m_d="0.694878" m_tx="6.085333" m_ty="-417.697357"/>
   <element name="pieces" layername="spit_lever" frame="2" z_index="22" m_a="0.856342" m_b="0.266063" m_c="-0.296706" m_d="0.954969" m_tx="-62.358109" m_ty="-416.214111"/>
  </frame>
  <frame idx="700" w="507" h="1163" x="-141.044632" y="-522.209106">
   <element name="pieces" layername="grill" frame="0" z_index="20" m_a="1.000000" m_b="0.000000" m_c="0.000000" m_d="1.000000" m_tx="-24.944231" m_ty="-263.555939"/>
   <element name="pieces" layername="leg_front" frame="1" z_index="19" m_a="1.000000" m_b="0.000000" m_c="0.000000" m_d="0.850608" m_tx="83.955360" m_ty="6.936212"/>
   <element name="pieces" layername="leg_back" frame="1" z_index="21" m_a="-1.000000" m_b="0.000000" m_c="0.000000" m_d="0.822740" m_tx="-46.000000" m_ty="-2.490454"/>
   <element name="pieces" layername="grill_bottom" frame="3" z_index="18" m_a="1.000000" m_b="0.000000" m_c="0.000000" m_d="1.000000" m_tx="-30.912577" m_ty="-142.523758"/>
   <element name="pieces" layername="wheel" frame="4" z_index="16" m_a="0.699344" m_b="0.000000" m_c="0.000000" m_d="1.000000" m_tx="97.941833" m_ty="-427.194336"/>
   <element name="pieces" layername="spit" frame="5" z_index="17" m_a="0.456245" m_b="-0.029209" m_c="0.044486" m_d="0.694878" m_tx="6.085333" m_ty="-424.256287"/>
   <element name="pieces" layername="spit_lever" frame="2" z_index="22" m_a="0.835652" m_b="0.291351" m_c="-0.329216" m_d="0.944255" m_tx="-62.358109" m_ty="-422.297760"/>
  </frame>
  <frame idx="725" w="507" h="1172" x="-141.044632" y="-526.386902">
   <element name="pieces" layername="grill" frame="0" z_index="20" m_a="1.000000" m_b="0.000000" m_c="0.000000" m_d="1.000000" m_tx="-24.944231" m_ty="-265.264404"/>
   <element name="pieces" layername="leg_front" frame="1" z_index="19" m_a="1.000000" m_b="0.000000" m_c="0.000000" m_d="0.856901" m_tx="83.955360" m_ty="6.847892"/>
   <element name="pieces" layername="leg_back" frame="1" z_index="21" m_a="-1.000000" m_b="0.000000" m_c="0.000000" m_d="0.829321" m_tx="-46.000000" m_ty="-2.679326"/>
   <element name="pieces" layername="grill_bottom" frame="3" z_index="18" m_a="1.000000" m_b="0.000000" m_c="0.000000" m_d="1.000000" m_tx="-30.912577" m_ty="-141.767136"/>
   <element name="pieces" layername="wheel" frame="4" z_index="16" m_a="0.699344" m_b="0.000000" m_c="0.000000" m_d="1.000000" m_tx="97.962334" m_ty="-430.372101"/>
   <element name="pieces" layername="spit" frame="5" z_index="17" m_a="0.456332" m_b="-0.027814" m_c="0.042361" m_d="0.695010" m_tx="6.085333" m_ty="-427.636261"/>
   <element name="pieces" layername="spit_lever" frame="2" z_index="22" m_a="0.842093" m_b="0.263832" m_c="-0.298975" m_d="0.954261" m_tx="-62.358109" m_ty="-425.537506"/>
  </frame>
  <frame idx="750" w="507" h="1160" x="-141.044632" y="-519.889648">
   <element name="pieces" layername="grill" frame="0" z_index="20" m_a="1.000000" m_b="0.000000" m_c="0.000000" m_d="1.000000" m_tx="-24.944231" m_ty="-265.499756"/>
   <element name="pieces" layername="leg_front" frame="1" z_index="19" m_a="1.000000" m_b="0.000000" m_c="0.000000" m_d="0.848909" m_tx="83.955360" m_ty="6.977941"/>
   <element name="pieces" layername="leg_back" frame="1" z_index="21" m_a="-1.000000" m_b="0.000000" m_c="0.000000" m_d="0.823359" m_tx="-46.000000" m_ty="-2.570748"/>
   <element name="pieces" layername="grill_bottom" frame="3" z_index="18" m_a="1.000000" m_b="0.000000" m_c="0.000000" m_d="1.000000" m_tx="-30.912577" m_ty="-140.042633"/>
   <element name="pieces" layername="wheel" frame="4" z_index="16" m_a="0.699344" m_b="0.000000" m_c="0.000000" m_d="1.000000" m_tx="97.791100" m_ty="-424.611053"/>
   <element name="pieces" layername="spit" frame="5" z_index="17" m_a="0.456609" m_b="-0.022830" m_c="0.034770" m_d="0.695431" m_tx="6.085333" m_ty="-422.841736"/>
   <element name="pieces" layername="spit_lever" frame="2" z_index="22" m_a="0.898916" m_b="0.091852" m_c="-0.101651" m_d="0.994820" m_tx="-62.358109" m_ty="-421.464447"/>
  </frame>
  <frame idx="775" w="507" h="1149" x="-141.044632" y="-513.935669">
   <element name="pieces" layername="grill" frame="0" z_index="20" m_a="1.000000" m_b="0.000000" m_c="0.000000" m_d="1.000000" m_tx="-24.944231" m_ty="-265.735107"/>
   <element name="pieces" layername="leg_front" frame="1" z_index="19" m_a="1.000000" m_b="0.000000" m_c="0.000000" m_d="0.840917" m_tx="83.955360" m_ty="7.107988"/>
   <element name="pieces" layername="leg_back" frame="1" z_index="21" m_a="-1.000000" m_b="0.000000" m_c="0.000000" m_d="0.817396" m_tx="-46.000000" m_ty="-2.462170"/>
   <element name="pieces" layername="grill_bottom" frame="3" z_index="18" m_a="1.000000" m_b="0.000000" m_c="0.000000" m_d="1.000000" m_tx="-30.912577" m_ty="-138.318130"/>
   <element name="pieces" layername="wheel" frame="4" z_index="16" m_a="0.699344" m_b="0.000000" m_c="0.000000" m_d="1.000000" m_tx="97.619865" m_ty="-418.850006"/>
   <element name="pieces" layername="spit" frame="5" z_index="17" m_a="0.456831" m_b="-0.017843" m_c="0.027175" m_d="0.695770" m_tx="6.085333" m_ty="-418.047211"/>
   <element name="pieces" layername="spit_lever" frame="2" z_index="22" m_a="0.920121" m_b="-0.092287" m_c="0.099798" m_d="0.995008" m_tx="-62.358109" m_ty="-417.391388"/>
  </frame>
  <frame idx="800" w="507" h="1137" x="-141.044632" y="-507.981720">
   <element name="pieces" layername="grill" frame="0" z_index="20" m_a="1.000000" m_b="0.000000" m_c="0.000000" m_d="1.000000" m_tx="-24.944231" m_ty="-265.970459"/>
   <element name="pieces" layername="leg_front" frame="1" z_index="19" m_a="1.000000" m_b="0.000000" m_c="0.000000" m_d="0.832924" m_tx="83.955360" m_ty="7.238036"/>
   <element name="pieces" layername="leg_back" frame="1" z_index="21" m_a="-1.000000" m_b="0.000000" m_c="0.000000" m_d="0.811433" m_tx="-46.000000" m_ty="-2.353591"/>
   <element name="pieces" layername="grill_bottom" frame="3" z_index="18" m_a="1.000000" m_b="0.000000" m_c="0.000000" m_d="1.000000" m_tx="-30.912577" m_ty="-136.593628"/>
   <element name="pieces" layername="wheel" frame="4" z_index="16" m_a="0.699344" m_b="0.000000" m_c="0.000000" m_d="1.000000" m_tx="97.448631" m_ty="-413.088928"/>
   <element name="pieces" layername="spit" frame="5" z_index="17" m_a="0.456998" m_b="-0.012854" m_c="0.019577" m_d="0.696025" m_tx="6.085333" m_ty="-413.252716"/>
   <element name="pieces" layername="spit_lever" frame="2" z_index="22" m_a="0.903140" m_b="-0.281112" m_c="0.297197" m_d="0.954816" m_tx="-62.358109" m_ty="-413.318298"/>
  </frame>
  <frame idx="825" w="507" h="1126" x="-141.044632" y="-502.027740">
   <element name="pieces" layername="grill" frame="0" z_index="20" m_a="1.000000" m_b="0.000000" m_c="0.000000" m_d="1.000000" m_tx="-24.944231" m_ty="-266.205811"/>
   <element name="pieces" layername="leg_front" frame="1" z_index="19" m_a="1.000000" m_b="0.000000" m_c="0.000000" m_d="0.824932" m_tx="83.955360" m_ty="7.368084"/>
   <element name="pieces" layername="leg_back" frame="1" z_index="21" m_a="-1.000000" m_b="0.000000" m_c="0.000000" m_d="0.805470" m_tx="-46.000000" m_ty="-2.245013"/>
   <element name="pieces" layername="grill_bottom" frame="3" z_index="18" m_a="1.000000" m_b="0.000000" m_c="0.000000" m_d="1.000000" m_tx="-30.912577" m_ty="-134.869125"/>
   <element name="pieces" layername="wheel" frame="4" z_index="16" m_a="0.699344" m_b="0.000000" m_c="0.000000" m_d="1.000000" m_tx="97.277397" m_ty="-407.327881"/>
   <element name="pieces" layername="spit" frame="5" z_index="17" m_a="0.457111" m_b="-0.007863" m_c="0.011976" m_d="0.696197" m_tx="6.085333" m_ty="-408.458191"/>
   <element name="pieces" layername="spit_lever" frame="2" z_index="22" m_a="0.846990" m_b="-0.466621" m_c="0.482535" m_d="0.875877" m_tx="-62.358109" m_ty="-409.245239"/>
  </frame>
  <frame idx="850" w="507" h="1115" x="-141.044632" y="-496.073853">
   <element name="pieces" layername="grill" frame="0" z_index="20" m_a="1.000000" m_b="0.000000" m_c="0.000000" m_d="1.000000" m_tx="-24.944231" m_ty="-266.441132"/>
   <element name="pieces" layername="leg_front" frame="1" z_index="19" m_a="1.000000" m_b="0.000000" m_c="0.000000" m_d="0.816940" m_tx="83.955360" m_ty="7.498132"/>
   <element name="pieces" layername="leg_back" frame="1" z_index="21" m_a="-1.000000" m_b="0.000000" m_c="0.000000" m_d="0.799507" m_tx="-46.000000" m_ty="-2.136435"/>
   <element name="pieces" layername="grill_bottom" frame="3" z_index="18" m_a="1.000000" m_b="0.000000" m_c="0.000000" m_d="1.000000" m_tx="-30.912577" m_ty="-133.144623"/>
   <element name="pieces" layername="wheel" frame="4" z_index="16" m_a="0.699344" m_b="0.000000" m_c="0.000000" m_d="1.000000" m_tx="97.106171" m_ty="-401.566833"/>
   <element name="pieces" layername="spit" frame="5" z_index="17" m_a="0.457170" m_b="-0.002872" m_c="0.004374" m_d="0.696286" m_tx="6.085333" m_ty="-403.663666"/>
   <element name="pieces" layername="spit_lever" frame="2" z_index="22" m_a="0.752378" m_b="-0.640616" m_c="0.648291" m_d="0.761392" m_tx="-62.358109" m_ty="-405.172150"/>
  </frame>
  <frame idx="875" w="507" h="1109" x="-141.044632" y="-493.198456">
   <element name="pieces" layername="grill" frame="0" z_index="20" m_a="1.000000" m_b="0.000000" m_c="0.000000" m_d="1.000000" m_tx="-24.944231" m_ty="-265.895599"/>
   <element name="pieces" layername="leg_front" frame="1" z_index="19" m_a="1.000000" m_b="0.000000" m_c="0.000000" m_d="0.812848" m_tx="83.955360" m_ty="7.530043"/>
   <element name="pieces" layername="leg_back" frame="1" z_index="21" m_a="-1.000000" m_b="0.000000" m_c="0.000000" m_d="0.795705" m_tx="-46.000000" m_ty="-2.068826"/>
   <element name="pieces" layername="grill_bottom" frame="3" z_index="18" m_a="1.000000" m_b="0.000000" m_c="0.000000" m_d="1.000000" m_tx="-30.912577" m_ty="-132.589066"/>
   <element name="pieces" layername="wheel" frame="4" z_index="16" m_a="0.699344" m_b="0.000000" m_c="0.000000" m_d="1.000000" m_tx="97.010277" m_ty="-399.039825"/>
   <element name="pieces" layername="spit" frame="5" z_index="17" m_a="0.457173" m_b="-0.002435" m_c="0.003708" m_d="0.696290" m_tx="6.085333" m_ty="-401.302246"/>
   <element name="pieces" layername="spit_lever" frame="2" z_index="22" m_a="0.730220" m_b="-0.683212" m_c="0.683212" m_d="0.730220" m_tx="-62.358109" m_ty="-403.278412"/>
  </frame>
  <frame idx="900" w="507" h="1110" x="-141.044632" y="-494.104889">
   <element name="pieces" layername="grill" frame="0" z_index="20" m_a="1.000000" m_b="0.000000" m_c="0.000000" m_d="1.000000" m_tx="-24.944231" m_ty="-264.356171"/>
   <element name="pieces" layername="leg_front" frame="1" z_index="19" m_a="1.000000" m_b="0.000000" m_c="0.000000" m_d="0.813721" m_tx="83.955360" m_ty="7.437051"/>
   <element name="pieces" layername="leg_back" frame="1" z_index="21" m_a="-1.000000" m_b="0.000000" m_c="0.000000" m_d="0.794652" m_tx="-46.000000" m_ty="-2.053361"/>
   <element name="pieces" layername="grill_bottom" frame="3" z_index="18" m_a="1.000000" m_b="0.000000" m_c="0.000000" m_d="1.000000" m_tx="-30.912577" m_ty="-133.521255"/>
   <element name="pieces" layername="wheel" frame="4" z_index="16" m_a="0.699344" m_b="0.000000" m_c="0.000000" m_d="1.000000" m_tx="97.010277" m_ty="-400.628906"/>
   <element name="pieces" layername="spit" frame="5" z_index="17" m_a="0.457113" m_b="-0.007793" m_c="0.011869" m_d="0.696199" m_tx="6.085333" m_ty="-402.037567"/>
   <element name="pieces" layername="spit_lever" frame="2" z_index="22" m_a="0.824362" m_b="-0.566063" m_c="0.566063" m_d="0.824362" m_tx="-62.358109" m_ty="-404.158325"/>
  </frame>
  <frame idx="925" w="507" h="1113" x="-141.044632" y="-495.511322">
   <element name="pieces" layername="grill" frame="0" z_index="20" m_a="1.000000" m_b="0.000000" m_c="0.000000" m_d="1.000000" m_tx="-24.944231" m_ty="-262.816772"/>
   <element name="pieces" layername="leg_front" frame="1" z_index="19" m_a="1.000000" m_b="0.000000" m_c="0.000000" m_d="0.814595" m_tx="83.955360" m_ty="7.344059"/>
   <element name="pieces" layername="leg_back" frame="1" z_index="21" m_a="-1.000000" m_b="0.000000" m_c="0.000000" m_d="0.793599" m_tx="-46.000000" m_ty="-2.037897"/>
   <element name="pieces" layername="grill_bottom" frame="3" z_index="18" m_a="1.000000" m_b="0.000000" m_c="0.000000" m_d="1.000000" m_tx="-30.912577" m_ty="-134.453445"/>
   <element name="pieces" layername="wheel" frame="4" z_index="16" m_a="0.699344" m_b="0.000000" m_c="0.000000" m_d="1.000000" m_tx="97.010277" m_ty="-402.217987"/>
   <element name="pieces" layername="spit" frame="5" z_index="17" m_a="0.456990" m_b="-0.013150" m_c="0.020028" m_d="0.696012" m_tx="6.085333" m_ty="-402.772858"/>
   <element name="pieces" layername="spit_lever" frame="2" z_index="22" m_a="0.899885" m_b="-0.436128" m_c="0.436128" m_d="0.899885" m_tx="-62.358109" m_ty="-405.038239"/>
  </frame>
  <frame idx="950" w="507" h="1114" x="-141.044632" y="-496.417816">
   <element name="pieces" layername="grill" frame="0" z_index="20" m_a="1.000000" m_b="0.000000" m_c="0.000000" m_d="1.000000" m_tx="-24.944231" m_ty="-261.277344"/>
   <element name="pieces" layername="leg_front" frame="1" z_index="19" m_a="1.000000" m_b="0.000000" m_c="0.000000" m_d="0.815468" m_tx="83.955360" m_ty="7.251068"/>
   <element name="pieces" layername="leg_back" frame="1" z_index="21" m_a="-1.000000" m_b="0.000000" m_c="0.000000" m_d="0.792546" m_tx="-46.000000" m_ty="-2.022432"/>
   <element name="pieces" layername="grill_bottom" frame="3" z_index="18" m_a="1.000000" m_b="0.000000" m_c="0.000000" m_d="1.000000" m_tx="-30.912577" m_ty="-135.385635"/>
   <element name="pieces" layername="wheel" frame="4" z_index="16" m_a="0.699344" m_b="0.000000" m_c="0.000000" m_d="1.000000" m_tx="97.010277" m_ty="-403.807037"/>
   <element name="pieces" layername="spit" frame="5" z_index="17" m_a="0.456804" m_b="-0.018506" m_c="0.028185" m_d="0.695729" m_tx="6.085333" m_ty="-403.508148"/>
   <element name="pieces" layername="spit_lever" frame="2" z_index="22" m_a="0.955082" m_b="-0.296342" m_c="0.296342" m_d="0.955082" m_tx="-62.358109" m_ty="-405.918152"/>
  </frame>
  <frame idx="975" w="507" h="1116" x="-141.044632" y="-497.324310">
   <element name="pieces" layername="grill" frame="0" z_index="20" m_a="1.000000" m_b="0.000000" m_c="0.000000" m_d="1.000000" m_tx="-24.944231" m_ty="-259.737946"/>
   <element name="pieces" layername="leg_front" frame="1" z_index="19" m_a="1.000000" m_b="0.000000" m_c="0.000000" m_d="0.816341" m_tx="83.955360" m_ty="7.158076"/>
   <element name="pieces" layername="leg_back" frame="1" z_index="21" m_a="-1.000000" m_b="0.000000" m_c="0.000000" m_d="0.791493" m_tx="-46.000000" m_ty="-2.006967"/>
   <element name="pieces" layername="grill_bottom" frame="3" z_index="18" m_a="1.000000" m_b="0.000000" m_c="0.000000" m_d="1.000000" m_tx="-30.912577" m_ty="-136.317810"/>
   <element name="pieces" layername="wheel" frame="4" z_index="16" m_a="0.699344" m_b="0.000000" m_c="0.000000" m_d="1.000000" m_tx="97.010277" m_ty="-405.396118"/>
   <element name="pieces" layername="spit" frame="5" z_index="17" m_a="0.456556" m_b="-0.023859" m_c="0.036338" m_d="0.695351" m_tx="6.085333" m_ty="-404.243439"/>
   <element name="pieces" layername="spit_lever" frame="2" z_index="22" m_a="0.988707" m_b="-0.149864" m_c="0.149864" m_d="0.988707" m_tx="-62.358109" m_ty="-406.798065"/>
  </frame>
 </anim>
 <anim name="idle_off" root="bbq" numframes="125" framerate="40">
  <frame idx="0" w="507" h="1118" x="-141.044632" y="-498.730804">
   <element name="pieces" layername="grill" frame="0" z_index="20" m_a="1.000000" m_b="0.000000" m_c="0.000000" m_d="1.000000" m_tx="-24.944231" m_ty="-258.198517"/>
   <element name="pieces" layername="leg_front" frame="1" z_index="19" m_a="1.000000" m_b="0.000000" m_c="0.000000" m_d="0.817214" m_tx="83.955360" m_ty="7.065085"/>
   <element name="pieces" layername="leg_back" frame="1" z_index="21" m_a="-1.000000" m_b="0.000000" m_c="0.000000" m_d="0.790440" m_tx="-46.000000" m_ty="-1.991502"/>
   <element name="pieces" layername="grill_bottom" frame="3" z_index="18" m_a="1.000000" m_b="0.000000" m_c="0.000000" m_d="1.000000" m_tx="-30.912577" m_ty="-137.250000"/>
   <element name="pieces" layername="wheel" frame="4" z_index="16" m_a="0.699344" m_b="0.000000" m_c="0.000000" m_d="1.000000" m_tx="97.010277" m_ty="-406.985199"/>
   <element name="pieces" layername="spit" frame="5" z_index="17" m_a="0.456245" m_b="-0.029209" m_c="0.044486" m_d="0.694878" m_tx="6.085333" m_ty="-404.978729"/>
   <element name="pieces" layername="spit_lever" frame="2" z_index="22" m_a="1.000000" m_b="0.000000" m_c="0.000000" m_d="1.000000" m_tx="-62.358109" m_ty="-407.677979"/>
  </frame>
  <frame idx="25" w="507" h="1118" x="-141.044632" y="-498.730804">
   <element name="pieces" layername="grill" frame="0" z_index="20" m_a="1.000000" m_b="0.000000" m_c="0.000000" m_d="1.000000" m_tx="-24.944231" m_ty="-258.198517"/>
   <element name="pieces" layername="leg_front" frame="1" z_index="19" m_a="1.000000" m_b="0.000000" m_c="0.000000" m_d="0.817214" m_tx="83.955360" m_ty="7.065085"/>
   <element name="pieces" layername="leg_back" frame="1" z_index="21" m_a="-1.000000" m_b="0.000000" m_c="0.000000" m_d="0.790440" m_tx="-46.000000" m_ty="-1.991502"/>
   <element name="pieces" layername="grill_bottom" frame="3" z_index="18" m_a="1.000000" m_b="0.000000" m_c="0.000000" m_d="1.000000" m_tx="-30.912577" m_ty="-137.250000"/>
   <element name="pieces" layername="wheel" frame="4" z_index="16" m_a="0.699344" m_b="0.000000" m_c="0.000000" m_d="1.000000" m_tx="97.010277" m_ty="-406.985199"/>
   <element name="pieces" layername="spit" frame="5" z_index="17" m_a="0.456245" m_b="-0.029209" m_c="0.044486" m_d="0.694878" m_tx="6.085333" m_ty="-404.978729"/>
   <element name="pieces" layername="spit_lever" frame="2" z_index="22" m_a="1.000000" m_b="0.000000" m_c="0.000000" m_d="1.000000" m_tx="-62.358109" m_ty="-407.677979"/>
  </frame>
  <frame idx="50" w="507" h="1118" x="-141.044632" y="-498.730804">
   <element name="pieces" layername="grill" frame="0" z_index="20" m_a="1.000000" m_b="0.000000" m_c="0.000000" m_d="1.000000" m_tx="-24.944231" m_ty="-258.198517"/>
   <element name="pieces" layername="leg_front" frame="1" z_index="19" m_a="1.000000" m_b="0.000000" m_c="0.000000" m_d="0.817214" m_tx="83.955360" m_ty="7.065085"/>
   <element name="pieces" layername="leg_back" frame="1" z_index="21" m_a="-1.000000" m_b="0.000000" m_c="0.000000" m_d="0.790440" m_tx="-46.000000" m_ty="-1.991502"/>
   <element name="pieces" layername="grill_bottom" frame="3" z_index="18" m_a="1.000000" m_b="0.000000" m_c="0.000000" m_d="1.000000" m_tx="-30.912577" m_ty="-137.250000"/>
   <element name="pieces" layername="wheel" frame="4" z_index="16" m_a="0.699344" m_b="0.000000" m_c="0.000000" m_d="1.000000" m_tx="97.010277" m_ty="-406.985199"/>
   <element name="pieces" layername="spit" frame="5" z_index="17" m_a="0.456245" m_b="-0.029209" m_c="0.044486" m_d="0.694878" m_tx="6.085333" m_ty="-404.978729"/>
   <element name="pieces" layername="spit_lever" frame="2" z_index="22" m_a="1.000000" m_b="0.000000" m_c="0.000000" m_d="1.000000" m_tx="-62.358109" m_ty="-407.677979"/>
  </frame>
  <frame idx="75" w="507" h="1118" x="-141.044632" y="-498.730804">
   <element name="pieces" layername="grill" frame="0" z_index="20" m_a="1.000000" m_b="0.000000" m_c="0.000000" m_d="1.000000" m_tx="-24.944231" m_ty="-258.198517"/>
   <element name="pieces" layername="leg_front" frame="1" z_index="19" m_a="1.000000" m_b="0.000000" m_c="0.000000" m_d="0.817214" m_tx="83.955360" m_ty="7.065085"/>
   <element name="pieces" layername="leg_back" frame="1" z_index="21" m_a="-1.000000" m_b="0.000000" m_c="0.000000" m_d="0.790440" m_tx="-46.000000" m_ty="-1.991502"/>
   <element name="pieces" layername="grill_bottom" frame="3" z_index="18" m_a="1.000000" m_b="0.000000" m_c="0.000000" m_d="1.000000" m_tx="-30.912577" m_ty="-137.250000"/>
   <element name="pieces" layername="wheel" frame="4" z_index="16" m_a="0.699344" m_b="0.000000" m_c="0.000000" m_d="1.000000" m_tx="97.010277" m_ty="-406.985199"/>
   <element name="pieces" layername="spit" frame="5" z_index="17" m_a="0.456245" m_b="-0.029209" m_c="0.044486" m_d="0.694878" m_tx="6.085333" m_ty="-404.978729"/>
   <element name="pieces" layername="spit_lever" frame="2" z_index="22" m_a="1.000000" m_b="0.000000" m_c="0.000000" m_d="1.000000" m_tx="-62.358109" m_ty="-407.677979"/>
  </frame>
  <frame idx="100" w="507" h="1118" x="-141.044632" y="-498.730804">
   <element name="pieces" layername="grill" frame="0" z_index="20" m_a="1.000000" m_b="0.000000" m_c="0.000000" m_d="1.000000" m_tx="-24.944231" m_ty="-258.198517"/>
   <element name="pieces" layername="leg_front" frame="1" z_index="19" m_a="1.000000" m_b="0.000000" m_c="0.000000" m_d="0.817214" m_tx="83.955360" m_ty="7.065085"/>
   <element name="pieces" layername="leg_back" frame="1" z_index="21" m_a="-1.000000" m_b="0.000000" m_c="0.000000" m_d="0.790440" m_tx="-46.000000" m_ty="-1.991502"/>
   <element name="pieces" layername="grill_bottom" frame="3" z_index="18" m_a="1.000000" m_b="0.000000" m_c="0.000000" m_d="1.000000" m_tx="-30.912577" m_ty="-137.250000"/>
   <element name="pieces" layername="wheel" frame="4" z_index="16" m_a="0.699344" m_b="0.000000" m_c="0.000000" m_d="1.000000" m_tx="97.010277" m_ty="-406.985199"/>
   <element name="pieces" layername="spit" frame="5" z_index="17" m_a="0.456245" m_b="-0.029209" m_c="0.044486" m_d="0.694878" m_tx="6.085333" m_ty="-404.978729"/>
   <element name="pieces" layername="spit_lever" frame="2" z_index="22" m_a="1.000000" m_b="0.000000" m_c="0.000000" m_d="1.000000" m_tx="-62.358109" m_ty="-407.677979"/>
  </frame>
 </anim>
 <anim name="burnt" root="bbq" numframes="1000" framerate="40">
  <frame idx="0" w="388" h="831" x="-53.999916" y="-297.000000">
   <element name="pieces" layername="burnt" frame="6" z_index="22" m_a="1.000000" m_b="0.000000" m_c="0.000000" m_d="1.000000" m_tx="2.924383" m_ty="0.529835"/>
  </frame>
  <frame idx="25" w="388" h="831" x="-53.999916" y="-297.000000">
   <element name="pieces" layername="burnt" frame="6" z_index="22" m_a="1.000000" m_b="0.000000" m_c="0.000000" m_d="1.000000" m_tx="2.924383" m_ty="0.529835"/>
  </frame>
  <frame idx="50" w="388" h="831" x="-53.999916" y="-297.000000">
   <element name="pieces" layername="burnt" frame="6" z_index="22" m_a="1.000000" m_b="0.000000" m_c="0.000000" m_d="1.000000" m_tx="2.924383" m_ty="0.529835"/>
  </frame>
  <frame idx="75" w="388" h="831" x="-53.999916" y="-297.000000">
   <element name="pieces" layername="burnt" frame="6" z_index="22" m_a="1.000000" m_b="0.000000" m_c="0.000000" m_d="1.000000" m_tx="2.924383" m_ty="0.529835"/>
  </frame>
  <frame idx="100" w="388" h="831" x="-53.999916" y="-297.000000">
   <element name="pieces" layername="burnt" frame="6" z_index="22" m_a="1.000000" m_b="0.000000" m_c="0.000000" m_d="1.000000" m_tx="2.924383" m_ty="0.529835"/>
  </frame>
  <frame idx="125" w="388" h="831" x="-53.999916" y="-297.000000">
   <element name="pieces" layername="burnt" frame="6" z_index="22" m_a="1.000000" m_b="0.000000" m_c="0.000000" m_d="1.000000" m_tx="2.924383" m_ty="0.529835"/>
  </frame>
  <frame idx="150" w="388" h="831" x="-53.999916" y="-297.000000">
   <element name="pieces" layername="burnt" frame="6" z_index="22" m_a="1.000000" m_b="0.000000" m_c="0.000000" m_d="1.000000" m_tx="2.924383" m_ty="0.529835"/>
  </frame>
  <frame idx="175" w="388" h="831" x="-53.999916" y="-297.000000">
   <element name="pieces" layername="burnt" frame="6" z_index="22" m_a="1.000000" m_b="0.000000" m_c="0.000000" m_d="1.000000" m_tx="2.924383" m_ty="0.529835"/>
  </frame>
  <frame idx="200" w="388" h="831" x="-53.999916" y="-297.000000">
   <element name="pieces" layername="burnt" frame="6" z_index="22" m_a="1.000000" m_b="0.000000" m_c="0.000000" m_d="1.000000" m_tx="2.924383" m_ty="0.529835"/>
  </frame>
  <frame idx="225" w="388" h="831" x="-53.999916" y="-297.000000">
   <element name="pieces" layername="burnt" frame="6" z_index="22" m_a="1.000000" m_b="0.000000" m_c="0.000000" m_d="1.000000" m_tx="2.924383" m_ty="0.529835"/>
  </frame>
  <frame idx="250" w="388" h="831" x="-53.999916" y="-297.000000">
   <element name="pieces" layername="burnt" frame="6" z_index="22" m_a="1.000000" m_b="0.000000" m_c="0.000000" m_d="1.000000" m_tx="2.924383" m_ty="0.529835"/>
  </frame>
  <frame idx="275" w="388" h="831" x="-53.999916" y="-297.000000">
   <element name="pieces" layername="burnt" frame="6" z_index="22" m_a="1.000000" m_b="0.000000" m_c="0.000000" m_d="1.000000" m_tx="2.924383" m_ty="0.529835"/>
  </frame>
  <frame idx="300" w="388" h="831" x="-53.999916" y="-297.000000">
   <element name="pieces" layername="burnt" frame="6" z_index="22" m_a="1.000000" m_b="0.000000" m_c="0.000000" m_d="1.000000" m_tx="2.924383" m_ty="0.529835"/>
  </frame>
  <frame idx="325" w="388" h="831" x="-53.999916" y="-297.000000">
   <element name="pieces" layername="burnt" frame="6" z_index="22" m_a="1.000000" m_b="0.000000" m_c="0.000000" m_d="1.000000" m_tx="2.924383" m_ty="0.529835"/>
  </frame>
  <frame idx="350" w="388" h="831" x="-53.999916" y="-297.000000">
   <element name="pieces" layername="burnt" frame="6" z_index="22" m_a="1.000000" m_b="0.000000" m_c="0.000000" m_d="1.000000" m_tx="2.924383" m_ty="0.529835"/>
  </frame>
  <frame idx="375" w="388" h="831" x="-53.999916" y="-297.000000">
   <element name="pieces" layername="burnt" frame="6" z_index="22" m_a="1.000000" m_b="0.000000" m_c="0.000000" m_d="1.000000" m_tx="2.924383" m_ty="0.529835"/>
  </frame>
  <frame idx="400" w="388" h="831" x="-53.999916" y="-297.000000">
   <element name="pieces" layername="burnt" frame="6" z_index="22" m_a="1.000000" m_b="0.000000" m_c="0.000000" m_d="1.000000" m_tx="2.924383" m_ty="0.529835"/>
  </frame>
  <frame idx="425" w="388" h="831" x="-53.999916" y="-297.000000">
   <element name="pieces" layername="burnt" frame="6" z_index="22" m_a="1.000000" m_b="0.000000" m_c="0.000000" m_d="1.000000" m_tx="2.924383" m_ty="0.529835"/>
  </frame>
  <frame idx="450" w="388" h="831" x="-53.999916" y="-297.000000">
   <element name="pieces" layername="burnt" frame="6" z_index="22" m_a="1.000000" m_b="0.000000" m_c="0.000000" m_d="1.000000" m_tx="2.924383" m_ty="0.529835"/>
  </frame>
  <frame idx="475" w="388" h="831" x="-53.999916" y="-297.000000">
   <element name="pieces" layername="burnt" frame="6" z_index="22" m_a="1.000000" m_b="0.000000" m_c="0.000000" m_d="1.000000" m_tx="2.924383" m_ty="0.529835"/>
  </frame>
  <frame idx="500" w="388" h="831" x="-53.999916" y="-297.000000">
   <element name="pieces" layername="burnt" frame="6" z_index="22" m_a="1.000000" m_b="0.000000" m_c="0.000000" m_d="1.000000" m_tx="2.924383" m_ty="0.529835"/>
  </frame>
  <frame idx="525" w="388" h="831" x="-53.999916" y="-297.000000">
   <element name="pieces" layername="burnt" frame="6" z_index="22" m_a="1.000000" m_b="0.000000" m_c="0.000000" m_d="1.000000" m_tx="2.924383" m_ty="0.529835"/>
  </frame>
  <frame idx="550" w="388" h="831" x="-53.999916" y="-297.000000">
   <element name="pieces" layername="burnt" frame="6" z_index="22" m_a="1.000000" m_b="0.000000" m_c="0.000000" m_d="1.000000" m_tx="2.924383" m_ty="0.529835"/>
  </frame>
  <frame idx="575" w="388" h="831" x="-53.999916" y="-297.000000">
   <element name="pieces" layername="burnt" frame="6" z_index="22" m_a="1.000000" m_b="0.000000" m_c="0.000000" m_d="1.000000" m_tx="2.924383" m_ty="0.529835"/>
  </frame>
  <frame idx="600" w="388" h="831" x="-53.999916" y="-297.000000">
   <element name="pieces" layername="burnt" frame="6" z_index="22" m_a="1.000000" m_b="0.000000" m_c="0.000000" m_d="1.000000" m_tx="2.924383" m_ty="0.529835"/>
  </frame>
  <frame idx="625" w="388" h="831" x="-53.999916" y="-297.000000">
   <element name="pieces" layername="burnt" frame="6" z_index="22" m_a="1.000000" m_b="0.000000" m_c="0.000000" m_d="1.000000" m_tx="2.924383" m_ty="0.529835"/>
  </frame>
  <frame idx="650" w="388" h="831" x="-53.999916" y="-297.000000">
   <element name="pieces" layername="burnt" frame="6" z_index="22" m_a="1.000000" m_b="0.000000" m_c="0.000000" m_d="1.000000" m_tx="2.924383" m_ty="0.529835"/>
  </frame>
  <frame idx="675" w="388" h="831" x="-53.999916" y="-297.000000">
   <element name="pieces" layername="burnt" frame="6" z_index="22" m_a="1.000000" m_b="0.000000" m_c="0.000000" m_d="1.000000" m_tx="2.924383" m_ty="0.529835"/>
  </frame>
  <frame idx="700" w="388" h="831" x="-53.999916" y="-297.000000">
   <element name="pieces" layername="burnt" frame="6" z_index="22" m_a="1.000000" m_b="0.000000" m_c="0.000000" m_d="1.000000" m_tx="2.924383" m_ty="0.529835"/>
  </frame>
  <frame idx="725" w="388" h="831" x="-53.999916" y="-297.000000">
   <element name="pieces" layername="burnt" frame="6" z_index="22" m_a="1.000000" m_b="0.000000" m_c="0.000000" m_d="1.000000" m_tx="2.924383" m_ty="0.529835"/>
  </frame>
  <frame idx="750" w="388" h="831" x="-53.999916" y="-297.000000">
   <element name="pieces" layername="burnt" frame="6" z_index="22" m_a="1.000000" m_b="0.000000" m_c="0.000000" m_d="1.000000" m_tx="2.924383" m_ty="0.529835"/>
  </frame>
  <frame idx="775" w="388" h="831" x="-53.999916" y="-297.000000">
   <element name="pieces" layername="burnt" frame="6" z_index="22" m_a="1.000000" m_b="0.000000" m_c="0.000000" m_d="1.000000" m_tx="2.924383" m_ty="0.529835"/>
  </frame>
  <frame idx="800" w="388" h="831" x="-53.999916" y="-297.000000">
   <element name="pieces" layername="burnt" frame="6" z_index="22" m_a="1.000000" m_b="0.000000" m_c="0.000000" m_d="1.000000" m_tx="2.924383" m_ty="0.529835"/>
  </frame>
  <frame idx="825" w="388" h="831" x="-53.999916" y="-297.000000">
   <element name="pieces" layername="burnt" frame="6" z_index="22" m_a="1.000000" m_b="0.000000" m_c="0.000000" m_d="1.000000" m_tx="2.924383" m_ty="0.529835"/>
  </frame>
  <frame idx="850" w="388" h="831" x="-53.999916" y="-297.000000">
   <element name="pieces" layername="burnt" frame="6" z_index="22" m_a="1.000000" m_b="0.000000" m_c="0.000000" m_d="1.000000" m_tx="2.924383" m_ty="0.529835"/>
  </frame>
  <frame idx="875" w="388" h="831" x="-53.999916" y="-297.000000">
   <element name="pieces" layername="burnt" frame="6" z_index="22" m_a="1.000000" m_b="0.000000" m_c="0.000000" m_d="1.000000" m_tx="2.924383" m_ty="0.529835"/>
  </frame>
  <frame idx="900" w="388" h="831" x="-53.999916" y="-297.000000">
   <element name="pieces" layername="burnt" frame="6" z_index="22" m_a="1.000000" m_b="0.000000" m_c="0.000000" m_d="1.000000" m_tx="2.924383" m_ty="0.529835"/>
  </frame>
  <frame idx="925" w="388" h="831" x="-53.999916" y="-297.000000">
   <element name="pieces" layername="burnt" frame="6" z_index="22" m_a="1.000000" m_b="0.000000" m_c="0.000000" m_d="1.000000" m_tx="2.924383" m_ty="0.529835"/>
  </frame>
  <frame idx="950" w="388" h="831" x="-53.999916" y="-297.000000">
   <element name="pieces" layername="burnt" frame="6" z_index="22" m_a="1.000000" m_b="0.000000" m_c="0.000000" m_d="1.000000" m_tx="2.924383" m_ty="0.529835"/>
  </frame>
  <frame idx="975" w="388" h="831" x="-53.999916" y="-297.000000">
   <element name="pieces" layername="burnt" frame="6" z_index="22" m_a="1.000000" m_b="0.000000" m_c="0.000000" m_d="1.000000" m_tx="2.924383" m_ty="0.529835"/>
  </frame>
 </anim>
</Anims>
