<Anims>
 <anim name="idle" root="banato" numframes="1000" framerate="40">
  <frame idx="0" w="184" h="233" x="-12.692579" y="-64.729370">
   <element name="banato01" layername="banat" frame="0" z_index="2" m_a="1.000000" m_b="0.000000" m_c="0.000000" m_d="1.000000" m_tx="-2.624075" m_ty="5.501198"/>
  </frame>
  <frame idx="25" w="184" h="233" x="-12.692579" y="-64.729370">
   <element name="banato01" layername="banat" frame="0" z_index="2" m_a="1.000000" m_b="0.000000" m_c="0.000000" m_d="1.000000" m_tx="-2.624075" m_ty="5.501198"/>
  </frame>
  <frame idx="50" w="184" h="233" x="-12.692579" y="-64.729370">
   <element name="banato01" layername="banat" frame="0" z_index="2" m_a="1.000000" m_b="0.000000" m_c="0.000000" m_d="1.000000" m_tx="-2.624075" m_ty="5.501198"/>
  </frame>
  <frame idx="75" w="184" h="233" x="-12.692579" y="-64.729370">
   <element name="banato01" layername="banat" frame="0" z_index="2" m_a="1.000000" m_b="0.000000" m_c="0.000000" m_d="1.000000" m_tx="-2.624075" m_ty="5.501198"/>
  </frame>
  <frame idx="100" w="184" h="233" x="-12.692579" y="-64.729370">
   <element name="banato01" layername="banat" frame="0" z_index="2" m_a="1.000000" m_b="0.000000" m_c="0.000000" m_d="1.000000" m_tx="-2.624075" m_ty="5.501198"/>
  </frame>
  <frame idx="125" w="184" h="233" x="-12.692579" y="-64.729370">
   <element name="banato01" layername="banat" frame="0" z_index="2" m_a="1.000000" m_b="0.000000" m_c="0.000000" m_d="1.000000" m_tx="-2.624075" m_ty="5.501198"/>
  </frame>
  <frame idx="150" w="184" h="233" x="-12.692579" y="-64.729370">
   <element name="banato01" layername="banat" frame="0" z_index="2" m_a="1.000000" m_b="0.000000" m_c="0.000000" m_d="1.000000" m_tx="-2.624075" m_ty="5.501198"/>
  </frame>
  <frame idx="175" w="184" h="233" x="-12.692579" y="-64.729370">
   <element name="banato01" layername="banat" frame="0" z_index="2" m_a="1.000000" m_b="0.000000" m_c="0.000000" m_d="1.000000" m_tx="-2.624075" m_ty="5.501198"/>
  </frame>
  <frame idx="200" w="184" h="233" x="-12.692579" y="-64.729370">
   <element name="banato01" layername="banat" frame="0" z_index="2" m_a="1.000000" m_b="0.000000" m_c="0.000000" m_d="1.000000" m_tx="-2.624075" m_ty="5.501198"/>
  </frame>
  <frame idx="225" w="184" h="233" x="-12.692579" y="-64.729370">
   <element name="banato01" layername="banat" frame="0" z_index="2" m_a="1.000000" m_b="0.000000" m_c="0.000000" m_d="1.000000" m_tx="-2.624075" m_ty="5.501198"/>
  </frame>
  <frame idx="250" w="184" h="233" x="-12.692579" y="-64.729370">
   <element name="banato01" layername="banat" frame="0" z_index="2" m_a="1.000000" m_b="0.000000" m_c="0.000000" m_d="1.000000" m_tx="-2.624075" m_ty="5.501198"/>
  </frame>
  <frame idx="275" w="184" h="233" x="-12.692579" y="-64.729370">
   <element name="banato01" layername="banat" frame="0" z_index="2" m_a="1.000000" m_b="0.000000" m_c="0.000000" m_d="1.000000" m_tx="-2.624075" m_ty="5.501198"/>
  </frame>
  <frame idx="300" w="184" h="233" x="-12.692579" y="-64.729370">
   <element name="banato01" layername="banat" frame="0" z_index="2" m_a="1.000000" m_b="0.000000" m_c="0.000000" m_d="1.000000" m_tx="-2.624075" m_ty="5.501198"/>
  </frame>
  <frame idx="325" w="184" h="233" x="-12.692579" y="-64.729370">
   <element name="banato01" layername="banat" frame="0" z_index="2" m_a="1.000000" m_b="0.000000" m_c="0.000000" m_d="1.000000" m_tx="-2.624075" m_ty="5.501198"/>
  </frame>
  <frame idx="350" w="184" h="233" x="-12.692579" y="-64.729370">
   <element name="banato01" layername="banat" frame="0" z_index="2" m_a="1.000000" m_b="0.000000" m_c="0.000000" m_d="1.000000" m_tx="-2.624075" m_ty="5.501198"/>
  </frame>
  <frame idx="375" w="184" h="233" x="-12.692579" y="-64.729370">
   <element name="banato01" layername="banat" frame="0" z_index="2" m_a="1.000000" m_b="0.000000" m_c="0.000000" m_d="1.000000" m_tx="-2.624075" m_ty="5.501198"/>
  </frame>
  <frame idx="400" w="184" h="233" x="-12.692579" y="-64.729370">
   <element name="banato01" layername="banat" frame="0" z_index="2" m_a="1.000000" m_b="0.000000" m_c="0.000000" m_d="1.000000" m_tx="-2.624075" m_ty="5.501198"/>
  </frame>
  <frame idx="425" w="184" h="233" x="-12.692579" y="-64.729370">
   <element name="banato01" layername="banat" frame="0" z_index="2" m_a="1.000000" m_b="0.000000" m_c="0.000000" m_d="1.000000" m_tx="-2.624075" m_ty="5.501198"/>
  </frame>
  <frame idx="450" w="184" h="233" x="-12.692579" y="-64.729370">
   <element name="banato01" layername="banat" frame="0" z_index="2" m_a="1.000000" m_b="0.000000" m_c="0.000000" m_d="1.000000" m_tx="-2.624075" m_ty="5.501198"/>
  </frame>
  <frame idx="475" w="184" h="233" x="-12.692579" y="-64.729370">
   <element name="banato01" layername="banat" frame="0" z_index="2" m_a="1.000000" m_b="0.000000" m_c="0.000000" m_d="1.000000" m_tx="-2.624075" m_ty="5.501198"/>
  </frame>
  <frame idx="500" w="184" h="233" x="-12.692579" y="-64.729370">
   <element name="banato01" layername="banat" frame="0" z_index="2" m_a="1.000000" m_b="0.000000" m_c="0.000000" m_d="1.000000" m_tx="-2.624075" m_ty="5.501198"/>
  </frame>
  <frame idx="525" w="184" h="233" x="-12.692579" y="-64.729370">
   <element name="banato01" layername="banat" frame="0" z_index="2" m_a="1.000000" m_b="0.000000" m_c="0.000000" m_d="1.000000" m_tx="-2.624075" m_ty="5.501198"/>
  </frame>
  <frame idx="550" w="184" h="233" x="-12.692579" y="-64.729370">
   <element name="banato01" layername="banat" frame="0" z_index="2" m_a="1.000000" m_b="0.000000" m_c="0.000000" m_d="1.000000" m_tx="-2.624075" m_ty="5.501198"/>
  </frame>
  <frame idx="575" w="184" h="233" x="-12.692579" y="-64.729370">
   <element name="banato01" layername="banat" frame="0" z_index="2" m_a="1.000000" m_b="0.000000" m_c="0.000000" m_d="1.000000" m_tx="-2.624075" m_ty="5.501198"/>
  </frame>
  <frame idx="600" w="184" h="233" x="-12.692579" y="-64.729370">
   <element name="banato01" layername="banat" frame="0" z_index="2" m_a="1.000000" m_b="0.000000" m_c="0.000000" m_d="1.000000" m_tx="-2.624075" m_ty="5.501198"/>
  </frame>
  <frame idx="625" w="184" h="233" x="-12.692579" y="-64.729370">
   <element name="banato01" layername="banat" frame="0" z_index="2" m_a="1.000000" m_b="0.000000" m_c="0.000000" m_d="1.000000" m_tx="-2.624075" m_ty="5.501198"/>
  </frame>
  <frame idx="650" w="184" h="233" x="-12.692579" y="-64.729370">
   <element name="banato01" layername="banat" frame="0" z_index="2" m_a="1.000000" m_b="0.000000" m_c="0.000000" m_d="1.000000" m_tx="-2.624075" m_ty="5.501198"/>
  </frame>
  <frame idx="675" w="184" h="233" x="-12.692579" y="-64.729370">
   <element name="banato01" layername="banat" frame="0" z_index="2" m_a="1.000000" m_b="0.000000" m_c="0.000000" m_d="1.000000" m_tx="-2.624075" m_ty="5.501198"/>
  </frame>
  <frame idx="700" w="184" h="233" x="-12.692579" y="-64.729370">
   <element name="banato01" layername="banat" frame="0" z_index="2" m_a="1.000000" m_b="0.000000" m_c="0.000000" m_d="1.000000" m_tx="-2.624075" m_ty="5.501198"/>
  </frame>
  <frame idx="725" w="184" h="233" x="-12.692579" y="-64.729370">
   <element name="banato01" layername="banat" frame="0" z_index="2" m_a="1.000000" m_b="0.000000" m_c="0.000000" m_d="1.000000" m_tx="-2.624075" m_ty="5.501198"/>
  </frame>
  <frame idx="750" w="184" h="233" x="-12.692579" y="-64.729370">
   <element name="banato01" layername="banat" frame="0" z_index="2" m_a="1.000000" m_b="0.000000" m_c="0.000000" m_d="1.000000" m_tx="-2.624075" m_ty="5.501198"/>
  </frame>
  <frame idx="775" w="184" h="233" x="-12.692579" y="-64.729370">
   <element name="banato01" layername="banat" frame="0" z_index="2" m_a="1.000000" m_b="0.000000" m_c="0.000000" m_d="1.000000" m_tx="-2.624075" m_ty="5.501198"/>
  </frame>
  <frame idx="800" w="184" h="233" x="-12.692579" y="-64.729370">
   <element name="banato01" layername="banat" frame="0" z_index="2" m_a="1.000000" m_b="0.000000" m_c="0.000000" m_d="1.000000" m_tx="-2.624075" m_ty="5.501198"/>
  </frame>
  <frame idx="825" w="184" h="233" x="-12.692579" y="-64.729370">
   <element name="banato01" layername="banat" frame="0" z_index="2" m_a="1.000000" m_b="0.000000" m_c="0.000000" m_d="1.000000" m_tx="-2.624075" m_ty="5.501198"/>
  </frame>
  <frame idx="850" w="184" h="233" x="-12.692579" y="-64.729370">
   <element name="banato01" layername="banat" frame="0" z_index="2" m_a="1.000000" m_b="0.000000" m_c="0.000000" m_d="1.000000" m_tx="-2.624075" m_ty="5.501198"/>
  </frame>
  <frame idx="875" w="184" h="233" x="-12.692579" y="-64.729370">
   <element name="banato01" layername="banat" frame="0" z_index="2" m_a="1.000000" m_b="0.000000" m_c="0.000000" m_d="1.000000" m_tx="-2.624075" m_ty="5.501198"/>
  </frame>
  <frame idx="900" w="184" h="233" x="-12.692579" y="-64.729370">
   <element name="banato01" layername="banat" frame="0" z_index="2" m_a="1.000000" m_b="0.000000" m_c="0.000000" m_d="1.000000" m_tx="-2.624075" m_ty="5.501198"/>
  </frame>
  <frame idx="925" w="184" h="233" x="-12.692579" y="-64.729370">
   <element name="banato01" layername="banat" frame="0" z_index="2" m_a="1.000000" m_b="0.000000" m_c="0.000000" m_d="1.000000" m_tx="-2.624075" m_ty="5.501198"/>
  </frame>
  <frame idx="950" w="184" h="233" x="-12.692579" y="-64.729370">
   <element name="banato01" layername="banat" frame="0" z_index="2" m_a="1.000000" m_b="0.000000" m_c="0.000000" m_d="1.000000" m_tx="-2.624075" m_ty="5.501198"/>
  </frame>
  <frame idx="975" w="184" h="233" x="-12.692579" y="-64.729370">
   <element name="banato01" layername="banat" frame="0" z_index="2" m_a="1.000000" m_b="0.000000" m_c="0.000000" m_d="1.000000" m_tx="-2.624075" m_ty="5.501198"/>
  </frame>
 </anim>
 <anim name="OnGround" root="banato" numframes="1000" framerate="40">
  <frame idx="0" w="184" h="179" x="61.000023" y="57.500046">
   <element name="banato01" layername="banat" frame="0" z_index="2" m_a="1.000000" m_b="0.000000" m_c="0.000000" m_d="1.000000" m_tx="71.068527" m_ty="123.230614"/>
  </frame>
  <frame idx="25" w="184" h="179" x="61.000023" y="57.500046">
   <element name="banato01" layername="banat" frame="0" z_index="2" m_a="1.000000" m_b="0.000000" m_c="0.000000" m_d="1.000000" m_tx="71.068527" m_ty="123.230614"/>
  </frame>
  <frame idx="50" w="184" h="179" x="61.000023" y="57.500046">
   <element name="banato01" layername="banat" frame="0" z_index="2" m_a="1.000000" m_b="0.000000" m_c="0.000000" m_d="1.000000" m_tx="71.068527" m_ty="123.230614"/>
  </frame>
  <frame idx="75" w="184" h="179" x="61.000023" y="57.500046">
   <element name="banato01" layername="banat" frame="0" z_index="2" m_a="1.000000" m_b="0.000000" m_c="0.000000" m_d="1.000000" m_tx="71.068527" m_ty="123.230614"/>
  </frame>
  <frame idx="100" w="184" h="179" x="61.000023" y="57.500046">
   <element name="banato01" layername="banat" frame="0" z_index="2" m_a="1.000000" m_b="0.000000" m_c="0.000000" m_d="1.000000" m_tx="71.068527" m_ty="123.230614"/>
  </frame>
  <frame idx="125" w="184" h="179" x="61.000023" y="57.500046">
   <element name="banato01" layername="banat" frame="0" z_index="2" m_a="1.000000" m_b="0.000000" m_c="0.000000" m_d="1.000000" m_tx="71.068527" m_ty="123.230614"/>
  </frame>
  <frame idx="150" w="184" h="179" x="61.000023" y="57.500046">
   <element name="banato01" layername="banat" frame="0" z_index="2" m_a="1.000000" m_b="0.000000" m_c="0.000000" m_d="1.000000" m_tx="71.068527" m_ty="123.230614"/>
  </frame>
  <frame idx="175" w="184" h="179" x="61.000023" y="57.500046">
   <element name="banato01" layername="banat" frame="0" z_index="2" m_a="1.000000" m_b="0.000000" m_c="0.000000" m_d="1.000000" m_tx="71.068527" m_ty="123.230614"/>
  </frame>
  <frame idx="200" w="184" h="179" x="61.000023" y="57.500046">
   <element name="banato01" layername="banat" frame="0" z_index="2" m_a="1.000000" m_b="0.000000" m_c="0.000000" m_d="1.000000" m_tx="71.068527" m_ty="123.230614"/>
  </frame>
  <frame idx="225" w="184" h="179" x="61.000023" y="57.500046">
   <element name="banato01" layername="banat" frame="0" z_index="2" m_a="1.000000" m_b="0.000000" m_c="0.000000" m_d="1.000000" m_tx="71.068527" m_ty="123.230614"/>
  </frame>
  <frame idx="250" w="184" h="179" x="61.000023" y="57.500046">
   <element name="banato01" layername="banat" frame="0" z_index="2" m_a="1.000000" m_b="0.000000" m_c="0.000000" m_d="1.000000" m_tx="71.068527" m_ty="123.230614"/>
  </frame>
  <frame idx="275" w="184" h="179" x="61.000023" y="57.500046">
   <element name="banato01" layername="banat" frame="0" z_index="2" m_a="1.000000" m_b="0.000000" m_c="0.000000" m_d="1.000000" m_tx="71.068527" m_ty="123.230614"/>
  </frame>
  <frame idx="300" w="184" h="179" x="61.000023" y="57.500046">
   <element name="banato01" layername="banat" frame="0" z_index="2" m_a="1.000000" m_b="0.000000" m_c="0.000000" m_d="1.000000" m_tx="71.068527" m_ty="123.230614"/>
  </frame>
  <frame idx="325" w="184" h="179" x="61.000023" y="57.500046">
   <element name="banato01" layername="banat" frame="0" z_index="2" m_a="1.000000" m_b="0.000000" m_c="0.000000" m_d="1.000000" m_tx="71.068527" m_ty="123.230614"/>
  </frame>
  <frame idx="350" w="184" h="179" x="61.000023" y="57.500046">
   <element name="banato01" layername="banat" frame="0" z_index="2" m_a="1.000000" m_b="0.000000" m_c="0.000000" m_d="1.000000" m_tx="71.068527" m_ty="123.230614"/>
  </frame>
  <frame idx="375" w="184" h="179" x="61.000023" y="57.500046">
   <element name="banato01" layername="banat" frame="0" z_index="2" m_a="1.000000" m_b="0.000000" m_c="0.000000" m_d="1.000000" m_tx="71.068527" m_ty="123.230614"/>
  </frame>
  <frame idx="400" w="184" h="179" x="61.000023" y="57.500046">
   <element name="banato01" layername="banat" frame="0" z_index="2" m_a="1.000000" m_b="0.000000" m_c="0.000000" m_d="1.000000" m_tx="71.068527" m_ty="123.230614"/>
  </frame>
  <frame idx="425" w="184" h="179" x="61.000023" y="57.500046">
   <element name="banato01" layername="banat" frame="0" z_index="2" m_a="1.000000" m_b="0.000000" m_c="0.000000" m_d="1.000000" m_tx="71.068527" m_ty="123.230614"/>
  </frame>
  <frame idx="450" w="184" h="179" x="61.000023" y="57.500046">
   <element name="banato01" layername="banat" frame="0" z_index="2" m_a="1.000000" m_b="0.000000" m_c="0.000000" m_d="1.000000" m_tx="71.068527" m_ty="123.230614"/>
  </frame>
  <frame idx="475" w="184" h="179" x="61.000023" y="57.500046">
   <element name="banato01" layername="banat" frame="0" z_index="2" m_a="1.000000" m_b="0.000000" m_c="0.000000" m_d="1.000000" m_tx="71.068527" m_ty="123.230614"/>
  </frame>
  <frame idx="500" w="184" h="179" x="61.000023" y="57.500046">
   <element name="banato01" layername="banat" frame="0" z_index="2" m_a="1.000000" m_b="0.000000" m_c="0.000000" m_d="1.000000" m_tx="71.068527" m_ty="123.230614"/>
  </frame>
  <frame idx="525" w="184" h="179" x="61.000023" y="57.500046">
   <element name="banato01" layername="banat" frame="0" z_index="2" m_a="1.000000" m_b="0.000000" m_c="0.000000" m_d="1.000000" m_tx="71.068527" m_ty="123.230614"/>
  </frame>
  <frame idx="550" w="184" h="179" x="61.000023" y="57.500046">
   <element name="banato01" layername="banat" frame="0" z_index="2" m_a="1.000000" m_b="0.000000" m_c="0.000000" m_d="1.000000" m_tx="71.068527" m_ty="123.230614"/>
  </frame>
  <frame idx="575" w="184" h="179" x="61.000023" y="57.500046">
   <element name="banato01" layername="banat" frame="0" z_index="2" m_a="1.000000" m_b="0.000000" m_c="0.000000" m_d="1.000000" m_tx="71.068527" m_ty="123.230614"/>
  </frame>
  <frame idx="600" w="184" h="179" x="61.000023" y="57.500046">
   <element name="banato01" layername="banat" frame="0" z_index="2" m_a="1.000000" m_b="0.000000" m_c="0.000000" m_d="1.000000" m_tx="71.068527" m_ty="123.230614"/>
  </frame>
  <frame idx="625" w="184" h="179" x="61.000023" y="57.500046">
   <element name="banato01" layername="banat" frame="0" z_index="2" m_a="1.000000" m_b="0.000000" m_c="0.000000" m_d="1.000000" m_tx="71.068527" m_ty="123.230614"/>
  </frame>
  <frame idx="650" w="184" h="179" x="61.000023" y="57.500046">
   <element name="banato01" layername="banat" frame="0" z_index="2" m_a="1.000000" m_b="0.000000" m_c="0.000000" m_d="1.000000" m_tx="71.068527" m_ty="123.230614"/>
  </frame>
  <frame idx="675" w="184" h="179" x="61.000023" y="57.500046">
   <element name="banato01" layername="banat" frame="0" z_index="2" m_a="1.000000" m_b="0.000000" m_c="0.000000" m_d="1.000000" m_tx="71.068527" m_ty="123.230614"/>
  </frame>
  <frame idx="700" w="184" h="179" x="61.000023" y="57.500046">
   <element name="banato01" layername="banat" frame="0" z_index="2" m_a="1.000000" m_b="0.000000" m_c="0.000000" m_d="1.000000" m_tx="71.068527" m_ty="123.230614"/>
  </frame>
  <frame idx="725" w="184" h="179" x="61.000023" y="57.500046">
   <element name="banato01" layername="banat" frame="0" z_index="2" m_a="1.000000" m_b="0.000000" m_c="0.000000" m_d="1.000000" m_tx="71.068527" m_ty="123.230614"/>
  </frame>
  <frame idx="750" w="184" h="179" x="61.000023" y="57.500046">
   <element name="banato01" layername="banat" frame="0" z_index="2" m_a="1.000000" m_b="0.000000" m_c="0.000000" m_d="1.000000" m_tx="71.068527" m_ty="123.230614"/>
  </frame>
  <frame idx="775" w="184" h="179" x="61.000023" y="57.500046">
   <element name="banato01" layername="banat" frame="0" z_index="2" m_a="1.000000" m_b="0.000000" m_c="0.000000" m_d="1.000000" m_tx="71.068527" m_ty="123.230614"/>
  </frame>
  <frame idx="800" w="184" h="179" x="61.000023" y="57.500046">
   <element name="banato01" layername="banat" frame="0" z_index="2" m_a="1.000000" m_b="0.000000" m_c="0.000000" m_d="1.000000" m_tx="71.068527" m_ty="123.230614"/>
  </frame>
  <frame idx="825" w="184" h="179" x="61.000023" y="57.500046">
   <element name="banato01" layername="banat" frame="0" z_index="2" m_a="1.000000" m_b="0.000000" m_c="0.000000" m_d="1.000000" m_tx="71.068527" m_ty="123.230614"/>
  </frame>
  <frame idx="850" w="184" h="179" x="61.000023" y="57.500046">
   <element name="banato01" layername="banat" frame="0" z_index="2" m_a="1.000000" m_b="0.000000" m_c="0.000000" m_d="1.000000" m_tx="71.068527" m_ty="123.230614"/>
  </frame>
  <frame idx="875" w="184" h="179" x="61.000023" y="57.500046">
   <element name="banato01" layername="banat" frame="0" z_index="2" m_a="1.000000" m_b="0.000000" m_c="0.000000" m_d="1.000000" m_tx="71.068527" m_ty="123.230614"/>
  </frame>
  <frame idx="900" w="184" h="179" x="61.000023" y="57.500046">
   <element name="banato01" layername="banat" frame="0" z_index="2" m_a="1.000000" m_b="0.000000" m_c="0.000000" m_d="1.000000" m_tx="71.068527" m_ty="123.230614"/>
  </frame>
  <frame idx="925" w="184" h="179" x="61.000023" y="57.500046">
   <element name="banato01" layername="banat" frame="0" z_index="2" m_a="1.000000" m_b="0.000000" m_c="0.000000" m_d="1.000000" m_tx="71.068527" m_ty="123.230614"/>
  </frame>
  <frame idx="950" w="184" h="179" x="61.000023" y="57.500046">
   <element name="banato01" layername="banat" frame="0" z_index="2" m_a="1.000000" m_b="0.000000" m_c="0.000000" m_d="1.000000" m_tx="71.068527" m_ty="123.230614"/>
  </frame>
  <frame idx="975" w="184" h="179" x="61.000023" y="57.500046">
   <element name="banato01" layername="banat" frame="0" z_index="2" m_a="1.000000" m_b="0.000000" m_c="0.000000" m_d="1.000000" m_tx="71.068527" m_ty="123.230614"/>
  </frame>
 </anim>
</Anims>
