<Anims>
 <anim name="idle" root="loonie" numframes="1000" framerate="40">
  <frame idx="0" w="192" h="84" x="-18.881565" y="-23.268639">
   <element name="coin" layername="coin" frame="0" z_index="3" m_a="1.000000" m_b="0.000000" m_c="0.000000" m_d="1.000000" m_tx="-4.986842" m_ty="4.626866"/>
  </frame>
  <frame idx="25" w="192" h="84" x="-18.881565" y="-23.268639">
   <element name="coin" layername="coin" frame="0" z_index="3" m_a="1.000000" m_b="0.000000" m_c="0.000000" m_d="1.000000" m_tx="-4.986842" m_ty="4.626866"/>
  </frame>
  <frame idx="50" w="192" h="84" x="-18.881565" y="-23.268639">
   <element name="coin" layername="coin" frame="0" z_index="3" m_a="1.000000" m_b="0.000000" m_c="0.000000" m_d="1.000000" m_tx="-4.986842" m_ty="4.626866"/>
  </frame>
  <frame idx="75" w="192" h="84" x="-18.881565" y="-23.268639">
   <element name="coin" layername="coin" frame="0" z_index="3" m_a="1.000000" m_b="0.000000" m_c="0.000000" m_d="1.000000" m_tx="-4.986842" m_ty="4.626866"/>
  </frame>
  <frame idx="100" w="192" h="84" x="-18.881565" y="-23.268639">
   <element name="coin" layername="coin" frame="0" z_index="3" m_a="1.000000" m_b="0.000000" m_c="0.000000" m_d="1.000000" m_tx="-4.986842" m_ty="4.626866"/>
  </frame>
  <frame idx="125" w="192" h="84" x="-18.881565" y="-23.268639">
   <element name="coin" layername="coin" frame="0" z_index="3" m_a="1.000000" m_b="0.000000" m_c="0.000000" m_d="1.000000" m_tx="-4.986842" m_ty="4.626866"/>
  </frame>
  <frame idx="150" w="192" h="84" x="-18.881565" y="-23.268639">
   <element name="coin" layername="coin" frame="0" z_index="3" m_a="1.000000" m_b="0.000000" m_c="0.000000" m_d="1.000000" m_tx="-4.986842" m_ty="4.626866"/>
  </frame>
  <frame idx="175" w="192" h="84" x="-18.881565" y="-23.268639">
   <element name="coin" layername="coin" frame="0" z_index="3" m_a="1.000000" m_b="0.000000" m_c="0.000000" m_d="1.000000" m_tx="-4.986842" m_ty="4.626866"/>
  </frame>
  <frame idx="200" w="192" h="84" x="-18.881565" y="-23.268639">
   <element name="coin" layername="coin" frame="0" z_index="3" m_a="1.000000" m_b="0.000000" m_c="0.000000" m_d="1.000000" m_tx="-4.986842" m_ty="4.626866"/>
  </frame>
  <frame idx="225" w="192" h="84" x="-18.881565" y="-23.268639">
   <element name="coin" layername="coin" frame="0" z_index="3" m_a="1.000000" m_b="0.000000" m_c="0.000000" m_d="1.000000" m_tx="-4.986842" m_ty="4.626866"/>
  </frame>
  <frame idx="250" w="192" h="84" x="-18.881565" y="-23.268639">
   <element name="coin" layername="coin" frame="0" z_index="3" m_a="1.000000" m_b="0.000000" m_c="0.000000" m_d="1.000000" m_tx="-4.986842" m_ty="4.626866"/>
  </frame>
  <frame idx="275" w="192" h="84" x="-18.881565" y="-23.268639">
   <element name="coin" layername="coin" frame="0" z_index="3" m_a="1.000000" m_b="0.000000" m_c="0.000000" m_d="1.000000" m_tx="-4.986842" m_ty="4.626866"/>
  </frame>
  <frame idx="300" w="192" h="84" x="-18.881565" y="-23.268639">
   <element name="coin" layername="coin" frame="0" z_index="3" m_a="1.000000" m_b="0.000000" m_c="0.000000" m_d="1.000000" m_tx="-4.986842" m_ty="4.626866"/>
  </frame>
  <frame idx="325" w="192" h="84" x="-18.881565" y="-23.268639">
   <element name="coin" layername="coin" frame="0" z_index="3" m_a="1.000000" m_b="0.000000" m_c="0.000000" m_d="1.000000" m_tx="-4.986842" m_ty="4.626866"/>
  </frame>
  <frame idx="350" w="192" h="84" x="-18.881565" y="-23.268639">
   <element name="coin" layername="coin" frame="0" z_index="3" m_a="1.000000" m_b="0.000000" m_c="0.000000" m_d="1.000000" m_tx="-4.986842" m_ty="4.626866"/>
  </frame>
  <frame idx="375" w="192" h="84" x="-18.881565" y="-23.268639">
   <element name="coin" layername="coin" frame="0" z_index="3" m_a="1.000000" m_b="0.000000" m_c="0.000000" m_d="1.000000" m_tx="-4.986842" m_ty="4.626866"/>
  </frame>
  <frame idx="400" w="192" h="84" x="-18.881565" y="-23.268639">
   <element name="coin" layername="coin" frame="0" z_index="3" m_a="1.000000" m_b="0.000000" m_c="0.000000" m_d="1.000000" m_tx="-4.986842" m_ty="4.626866"/>
  </frame>
  <frame idx="425" w="192" h="84" x="-18.881565" y="-23.268639">
   <element name="coin" layername="coin" frame="0" z_index="3" m_a="1.000000" m_b="0.000000" m_c="0.000000" m_d="1.000000" m_tx="-4.986842" m_ty="4.626866"/>
  </frame>
  <frame idx="450" w="192" h="84" x="-18.881565" y="-23.268639">
   <element name="coin" layername="coin" frame="0" z_index="3" m_a="1.000000" m_b="0.000000" m_c="0.000000" m_d="1.000000" m_tx="-4.986842" m_ty="4.626866"/>
  </frame>
  <frame idx="475" w="192" h="84" x="-18.881565" y="-23.268639">
   <element name="coin" layername="coin" frame="0" z_index="3" m_a="1.000000" m_b="0.000000" m_c="0.000000" m_d="1.000000" m_tx="-4.986842" m_ty="4.626866"/>
  </frame>
  <frame idx="500" w="192" h="84" x="-18.881565" y="-23.268639">
   <element name="coin" layername="coin" frame="0" z_index="3" m_a="1.000000" m_b="0.000000" m_c="0.000000" m_d="1.000000" m_tx="-4.986842" m_ty="4.626866"/>
  </frame>
  <frame idx="525" w="192" h="84" x="-18.881565" y="-23.268639">
   <element name="coin" layername="coin" frame="0" z_index="3" m_a="1.000000" m_b="0.000000" m_c="0.000000" m_d="1.000000" m_tx="-4.986842" m_ty="4.626866"/>
  </frame>
  <frame idx="550" w="192" h="84" x="-18.881565" y="-23.268639">
   <element name="coin" layername="coin" frame="0" z_index="3" m_a="1.000000" m_b="0.000000" m_c="0.000000" m_d="1.000000" m_tx="-4.986842" m_ty="4.626866"/>
  </frame>
  <frame idx="575" w="192" h="84" x="-18.881565" y="-23.268639">
   <element name="coin" layername="coin" frame="0" z_index="3" m_a="1.000000" m_b="0.000000" m_c="0.000000" m_d="1.000000" m_tx="-4.986842" m_ty="4.626866"/>
  </frame>
  <frame idx="600" w="192" h="84" x="-18.881565" y="-23.268639">
   <element name="coin" layername="coin" frame="0" z_index="3" m_a="1.000000" m_b="0.000000" m_c="0.000000" m_d="1.000000" m_tx="-4.986842" m_ty="4.626866"/>
  </frame>
  <frame idx="625" w="192" h="84" x="-18.881565" y="-23.268639">
   <element name="coin" layername="coin" frame="0" z_index="3" m_a="1.000000" m_b="0.000000" m_c="0.000000" m_d="1.000000" m_tx="-4.986842" m_ty="4.626866"/>
  </frame>
  <frame idx="650" w="192" h="84" x="-18.881565" y="-23.268639">
   <element name="coin" layername="coin" frame="0" z_index="3" m_a="1.000000" m_b="0.000000" m_c="0.000000" m_d="1.000000" m_tx="-4.986842" m_ty="4.626866"/>
  </frame>
  <frame idx="675" w="192" h="84" x="-18.881565" y="-23.268639">
   <element name="coin" layername="coin" frame="0" z_index="3" m_a="1.000000" m_b="0.000000" m_c="0.000000" m_d="1.000000" m_tx="-4.986842" m_ty="4.626866"/>
  </frame>
  <frame idx="700" w="192" h="84" x="-18.881565" y="-23.268639">
   <element name="coin" layername="coin" frame="0" z_index="3" m_a="1.000000" m_b="0.000000" m_c="0.000000" m_d="1.000000" m_tx="-4.986842" m_ty="4.626866"/>
  </frame>
  <frame idx="725" w="192" h="84" x="-18.881565" y="-23.268639">
   <element name="coin" layername="coin" frame="0" z_index="3" m_a="1.000000" m_b="0.000000" m_c="0.000000" m_d="1.000000" m_tx="-4.986842" m_ty="4.626866"/>
  </frame>
  <frame idx="750" w="192" h="84" x="-18.881565" y="-23.268639">
   <element name="coin" layername="coin" frame="0" z_index="3" m_a="1.000000" m_b="0.000000" m_c="0.000000" m_d="1.000000" m_tx="-4.986842" m_ty="4.626866"/>
  </frame>
  <frame idx="775" w="192" h="84" x="-18.881565" y="-23.268639">
   <element name="coin" layername="coin" frame="0" z_index="3" m_a="1.000000" m_b="0.000000" m_c="0.000000" m_d="1.000000" m_tx="-4.986842" m_ty="4.626866"/>
  </frame>
  <frame idx="800" w="192" h="84" x="-18.881565" y="-23.268639">
   <element name="coin" layername="coin" frame="0" z_index="3" m_a="1.000000" m_b="0.000000" m_c="0.000000" m_d="1.000000" m_tx="-4.986842" m_ty="4.626866"/>
  </frame>
  <frame idx="825" w="192" h="84" x="-18.881565" y="-23.268639">
   <element name="coin" layername="coin" frame="0" z_index="3" m_a="1.000000" m_b="0.000000" m_c="0.000000" m_d="1.000000" m_tx="-4.986842" m_ty="4.626866"/>
  </frame>
  <frame idx="850" w="192" h="84" x="-18.881565" y="-23.268639">
   <element name="coin" layername="coin" frame="0" z_index="3" m_a="1.000000" m_b="0.000000" m_c="0.000000" m_d="1.000000" m_tx="-4.986842" m_ty="4.626866"/>
  </frame>
  <frame idx="875" w="192" h="84" x="-18.881565" y="-23.268639">
   <element name="coin" layername="coin" frame="0" z_index="3" m_a="1.000000" m_b="0.000000" m_c="0.000000" m_d="1.000000" m_tx="-4.986842" m_ty="4.626866"/>
  </frame>
  <frame idx="900" w="192" h="84" x="-18.881565" y="-23.268639">
   <element name="coin" layername="coin" frame="0" z_index="3" m_a="1.000000" m_b="0.000000" m_c="0.000000" m_d="1.000000" m_tx="-4.986842" m_ty="4.626866"/>
  </frame>
  <frame idx="925" w="192" h="84" x="-18.881565" y="-23.268639">
   <element name="coin" layername="coin" frame="0" z_index="3" m_a="1.000000" m_b="0.000000" m_c="0.000000" m_d="1.000000" m_tx="-4.986842" m_ty="4.626866"/>
  </frame>
  <frame idx="950" w="192" h="84" x="-18.881565" y="-23.268639">
   <element name="coin" layername="coin" frame="0" z_index="3" m_a="1.000000" m_b="0.000000" m_c="0.000000" m_d="1.000000" m_tx="-4.986842" m_ty="4.626866"/>
  </frame>
  <frame idx="975" w="192" h="84" x="-18.881565" y="-23.268639">
   <element name="coin" layername="coin" frame="0" z_index="3" m_a="1.000000" m_b="0.000000" m_c="0.000000" m_d="1.000000" m_tx="-4.986842" m_ty="4.626866"/>
  </frame>
 </anim>
 <anim name="sparkle" root="loonie" numframes="600" framerate="40">
  <frame idx="0" w="192" h="90" x="-18.881565" y="-23.768639">
   <element name="coin" layername="coin" frame="0" z_index="3" m_a="1.000000" m_b="0.000000" m_c="0.000000" m_d="1.000000" m_tx="-4.986842" m_ty="4.626866"/>
   <element name="sparkle" layername="sparkle" frame="0" z_index="2" m_a="0.050000" m_b="0.000000" m_c="0.000000" m_d="0.050000" m_tx="49.519230" m_ty="-11.538462"/>
  </frame>
  <frame idx="25" w="192" h="103" x="-18.881565" y="-25.268639">
   <element name="coin" layername="coin" frame="0" z_index="3" m_a="1.000000" m_b="0.000000" m_c="0.000000" m_d="1.000000" m_tx="-4.986842" m_ty="4.626866"/>
   <element name="sparkle" layername="sparkle" frame="0" z_index="2" m_a="0.086963" m_b="0.013514" m_c="-0.013514" m_d="0.086963" m_tx="49.519230" m_ty="-11.538462"/>
  </frame>
  <frame idx="50" w="192" h="116" x="-18.881565" y="-26.268639">
   <element name="coin" layername="coin" frame="0" z_index="3" m_a="1.000000" m_b="0.000000" m_c="0.000000" m_d="1.000000" m_tx="-4.986842" m_ty="4.626866"/>
   <element name="sparkle" layername="sparkle" frame="0" z_index="2" m_a="0.120071" m_b="0.038240" m_c="-0.038240" m_d="0.120071" m_tx="49.519230" m_ty="-11.538462"/>
  </frame>
  <frame idx="75" w="192" h="131" x="-18.881565" y="-27.268639">
   <element name="coin" layername="coin" frame="0" z_index="3" m_a="1.000000" m_b="0.000000" m_c="0.000000" m_d="1.000000" m_tx="-4.986842" m_ty="4.626866"/>
   <element name="sparkle" layername="sparkle" frame="0" z_index="2" m_a="0.146789" m_b="0.073181" m_c="-0.073181" m_d="0.146789" m_tx="49.519230" m_ty="-11.538462"/>
  </frame>
  <frame idx="100" w="192" h="146" x="-18.881565" y="-28.768639">
   <element name="coin" layername="coin" frame="0" z_index="3" m_a="1.000000" m_b="0.000000" m_c="0.000000" m_d="1.000000" m_tx="-4.986842" m_ty="4.626866"/>
   <element name="sparkle" layername="sparkle" frame="0" z_index="2" m_a="0.164818" m_b="0.116832" m_c="-0.116832" m_d="0.164818" m_tx="49.519230" m_ty="-11.538462"/>
  </frame>
  <frame idx="125" w="192" h="161" x="-18.881565" y="-29.768639">
   <element name="coin" layername="coin" frame="0" z_index="3" m_a="1.000000" m_b="0.000000" m_c="0.000000" m_d="1.000000" m_tx="-4.986842" m_ty="4.626866"/>
   <element name="sparkle" layername="sparkle" frame="0" z_index="2" m_a="0.159985" m_b="0.178944" m_c="-0.178944" m_d="0.159985" m_tx="49.519230" m_ty="-11.538462"/>
  </frame>
  <frame idx="150" w="192" h="164" x="-18.881565" y="-30.268639">
   <element name="coin" layername="coin" frame="0" z_index="3" m_a="1.000000" m_b="0.000000" m_c="0.000000" m_d="1.000000" m_tx="-4.986842" m_ty="4.626866"/>
   <element name="sparkle" layername="sparkle" frame="0" z_index="2" m_a="0.061489" m_b="0.271156" m_c="-0.271156" m_d="0.061489" m_tx="49.519230" m_ty="-11.538462"/>
  </frame>
  <frame idx="175" w="221" h="140" x="-44.632763" y="-28.268639">
   <element name="coin" layername="coin" frame="0" z_index="3" m_a="1.000000" m_b="0.000000" m_c="0.000000" m_d="1.000000" m_tx="-4.986842" m_ty="4.626866"/>
   <element name="sparkle" layername="sparkle" frame="0" z_index="2" m_a="-0.088413" m_b="0.303429" m_c="-0.303429" m_d="-0.088413" m_tx="49.519230" m_ty="-11.538462"/>
  </frame>
  <frame idx="200" w="250" h="89" x="-71.109245" y="-23.768639">
   <element name="coin" layername="coin" frame="0" z_index="3" m_a="1.000000" m_b="0.000000" m_c="0.000000" m_d="1.000000" m_tx="-4.986842" m_ty="4.626866"/>
   <element name="sparkle" layername="sparkle" frame="0" z_index="2" m_a="-0.251517" m_b="0.249186" m_c="-0.249186" m_d="-0.251517" m_tx="49.519230" m_ty="-11.538462"/>
  </frame>
  <frame idx="225" w="249" h="84" x="-70.574951" y="-23.268639">
   <element name="coin" layername="coin" frame="0" z_index="3" m_a="1.000000" m_b="0.000000" m_c="0.000000" m_d="1.000000" m_tx="-4.986842" m_ty="4.626866"/>
   <element name="sparkle" layername="sparkle" frame="0" z_index="2" m_a="-0.377412" m_b="0.106169" m_c="-0.106169" m_d="-0.377412" m_tx="49.519230" m_ty="-11.538462"/>
  </frame>
  <frame idx="250" w="205" h="129" x="-29.413223" y="-63.992310">
   <element name="coin" layername="coin" frame="0" z_index="3" m_a="1.000000" m_b="0.000000" m_c="0.000000" m_d="1.000000" m_tx="-4.986842" m_ty="4.626866"/>
   <element name="sparkle" layername="sparkle" frame="0" z_index="2" m_a="-0.409920" m_b="-0.130091" m_c="0.130091" m_d="-0.409920" m_tx="49.519230" m_ty="-11.538462"/>
  </frame>
  <frame idx="275" w="192" h="162" x="-18.881565" y="-94.864906">
   <element name="coin" layername="coin" frame="0" z_index="3" m_a="1.000000" m_b="0.000000" m_c="0.000000" m_d="1.000000" m_tx="-4.986842" m_ty="4.626866"/>
   <element name="sparkle" layername="sparkle" frame="0" z_index="2" m_a="-0.252378" m_b="-0.394207" m_c="0.394207" m_d="-0.252378" m_tx="49.519230" m_ty="-11.538462"/>
  </frame>
  <frame idx="300" w="192" h="125" x="-18.881565" y="-60.451504">
   <element name="coin" layername="coin" frame="0" z_index="3" m_a="1.000000" m_b="0.000000" m_c="0.000000" m_d="1.000000" m_tx="-4.986842" m_ty="4.626866"/>
   <element name="sparkle" layername="sparkle" frame="0" z_index="2" m_a="0.037549" m_b="-0.492650" m_c="0.492650" m_d="0.037549" m_tx="49.519230" m_ty="-11.538462"/>
  </frame>
  <frame idx="325" w="208" h="84" x="-20.381565" y="-23.268639">
   <element name="coin" layername="coin" frame="0" z_index="3" m_a="1.000000" m_b="0.000000" m_c="0.000000" m_d="1.000000" m_tx="-4.986842" m_ty="4.626866"/>
   <element name="sparkle" layername="sparkle" frame="0" z_index="2" m_a="0.205804" m_b="-0.408117" m_c="0.408117" m_d="0.205804" m_tx="49.519230" m_ty="-11.538462"/>
  </frame>
  <frame idx="350" w="206" h="84" x="-20.381565" y="-23.268639">
   <element name="coin" layername="coin" frame="0" z_index="3" m_a="1.000000" m_b="0.000000" m_c="0.000000" m_d="1.000000" m_tx="-4.986842" m_ty="4.626866"/>
   <element name="sparkle" layername="sparkle" frame="0" z_index="2" m_a="0.317810" m_b="-0.274685" m_c="0.274685" m_d="0.317810" m_tx="49.519230" m_ty="-11.538462"/>
  </frame>
  <frame idx="375" w="192" h="128" x="-18.881565" y="-27.268639">
   <element name="coin" layername="coin" frame="0" z_index="3" m_a="1.000000" m_b="0.000000" m_c="0.000000" m_d="1.000000" m_tx="-4.986842" m_ty="4.626866"/>
   <element name="sparkle" layername="sparkle" frame="0" z_index="2" m_a="0.363402" m_b="-0.121134" m_c="0.121134" m_d="0.363402" m_tx="49.519230" m_ty="-11.538462"/>
  </frame>
  <frame idx="400" w="192" h="154" x="-18.881565" y="-29.268639">
   <element name="coin" layername="coin" frame="0" z_index="3" m_a="1.000000" m_b="0.000000" m_c="0.000000" m_d="1.000000" m_tx="-4.986842" m_ty="4.626866"/>
   <element name="sparkle" layername="sparkle" frame="0" z_index="2" m_a="0.346013" m_b="-0.005223" m_c="0.005223" m_d="0.346013" m_tx="49.519230" m_ty="-11.538462"/>
  </frame>
  <frame idx="425" w="192" h="167" x="-18.881565" y="-30.268639">
   <element name="coin" layername="coin" frame="0" z_index="3" m_a="1.000000" m_b="0.000000" m_c="0.000000" m_d="1.000000" m_tx="-4.986842" m_ty="4.626866"/>
   <element name="sparkle" layername="sparkle" frame="0" z_index="2" m_a="0.296003" m_b="0.088834" m_c="-0.088834" m_d="0.296003" m_tx="49.519230" m_ty="-11.538462"/>
  </frame>
  <frame idx="450" w="192" h="168" x="-18.881565" y="-30.268639">
   <element name="coin" layername="coin" frame="0" z_index="3" m_a="1.000000" m_b="0.000000" m_c="0.000000" m_d="1.000000" m_tx="-4.986842" m_ty="4.626866"/>
   <element name="sparkle" layername="sparkle" frame="0" z_index="2" m_a="0.224798" m_b="0.153204" m_c="-0.153204" m_d="0.224798" m_tx="49.519230" m_ty="-11.538462"/>
  </frame>
  <frame idx="475" w="192" h="160" x="-18.881565" y="-29.768639">
   <element name="coin" layername="coin" frame="0" z_index="3" m_a="1.000000" m_b="0.000000" m_c="0.000000" m_d="1.000000" m_tx="-4.986842" m_ty="4.626866"/>
   <element name="sparkle" layername="sparkle" frame="0" z_index="2" m_a="0.145200" m_b="0.184817" m_c="-0.184817" m_d="0.145200" m_tx="49.519230" m_ty="-11.538462"/>
  </frame>
  <frame idx="500" w="192" h="143" x="-18.881565" y="-28.268639">
   <element name="coin" layername="coin" frame="0" z_index="3" m_a="1.000000" m_b="0.000000" m_c="0.000000" m_d="1.000000" m_tx="-4.986842" m_ty="4.626866"/>
   <element name="sparkle" layername="sparkle" frame="0" z_index="2" m_a="0.069624" m_b="0.185383" m_c="-0.185383" m_d="0.069624" m_tx="49.519230" m_ty="-11.538462"/>
  </frame>
  <frame idx="525" w="192" h="99" x="-18.881565" y="-24.768639">
   <element name="coin" layername="coin" frame="0" z_index="3" m_a="1.000000" m_b="0.000000" m_c="0.000000" m_d="1.000000" m_tx="-4.986842" m_ty="4.626866"/>
   <element name="sparkle" layername="sparkle" frame="0" z_index="2" m_a="-0.079501" m_b="0.140025" m_c="-0.140025" m_d="-0.079501" m_tx="49.519230" m_ty="-11.538462"/>
  </frame>
  <frame idx="550" w="192" h="84" x="-18.881565" y="-23.268639">
   <element name="coin" layername="coin" frame="0" z_index="3" m_a="1.000000" m_b="0.000000" m_c="0.000000" m_d="1.000000" m_tx="-4.986842" m_ty="4.626866"/>
   <element name="sparkle" layername="sparkle" frame="0" z_index="2" m_a="-0.122978" m_b="0.015989" m_c="-0.015989" m_d="-0.122978" m_tx="49.519230" m_ty="-11.538462"/>
  </frame>
  <frame idx="575" w="192" h="84" x="-18.881565" y="-23.268639">
   <element name="coin" layername="coin" frame="0" z_index="3" m_a="1.000000" m_b="0.000000" m_c="0.000000" m_d="1.000000" m_tx="-4.986842" m_ty="4.626866"/>
   <element name="sparkle" layername="sparkle" frame="0" z_index="2" m_a="-0.060877" m_b="-0.062162" m_c="0.062162" m_d="-0.060877" m_tx="49.519230" m_ty="-11.538462"/>
  </frame>
 </anim>
</Anims>
