<Anims>
 <anim name="idle_winter" root="bumpkinfarm" numframes="1000" framerate="40">
  <frame idx="0" w="573" h="400" x="-63.161461" y="-36.851864">
   <element name="cutstone" layername="ston" frame="0" z_index="8" m_a="1.500000" m_b="0.000000" m_c="0.000000" m_d="1.500000" m_tx="-3.431400" m_ty="-3.040595"/>
   <element name="dirt" layername="dir" frame="0" z_index="7" m_a="1.500000" m_b="0.000000" m_c="0.000000" m_d="1.500000" m_tx="-13.358606" m_ty="-16.629501"/>
   <element name="grass" layername="gras" frame="0" z_index="6" m_a="1.500000" m_b="0.000000" m_c="0.000000" m_d="1.500000" m_tx="-17.098112" m_ty="-8.699633"/>
   <element name="rocks" layername="rock" frame="0" z_index="5" m_a="1.500000" m_b="0.000000" m_c="0.000000" m_d="1.500000" m_tx="-22.969332" m_ty="-16.234043"/>
  </frame>
  <frame idx="25" w="573" h="400" x="-63.161461" y="-36.851864">
   <element name="cutstone" layername="ston" frame="0" z_index="8" m_a="1.500000" m_b="0.000000" m_c="0.000000" m_d="1.500000" m_tx="-3.431400" m_ty="-3.040595"/>
   <element name="dirt" layername="dir" frame="0" z_index="7" m_a="1.500000" m_b="0.000000" m_c="0.000000" m_d="1.500000" m_tx="-13.358606" m_ty="-16.629501"/>
   <element name="grass" layername="gras" frame="0" z_index="6" m_a="1.500000" m_b="0.000000" m_c="0.000000" m_d="1.500000" m_tx="-17.098112" m_ty="-8.699633"/>
   <element name="rocks" layername="rock" frame="0" z_index="5" m_a="1.500000" m_b="0.000000" m_c="0.000000" m_d="1.500000" m_tx="-22.969332" m_ty="-16.234043"/>
  </frame>
  <frame idx="50" w="573" h="400" x="-63.161461" y="-36.851864">
   <element name="cutstone" layername="ston" frame="0" z_index="8" m_a="1.500000" m_b="0.000000" m_c="0.000000" m_d="1.500000" m_tx="-3.431400" m_ty="-3.040595"/>
   <element name="dirt" layername="dir" frame="0" z_index="7" m_a="1.500000" m_b="0.000000" m_c="0.000000" m_d="1.500000" m_tx="-13.358606" m_ty="-16.629501"/>
   <element name="grass" layername="gras" frame="0" z_index="6" m_a="1.500000" m_b="0.000000" m_c="0.000000" m_d="1.500000" m_tx="-17.098112" m_ty="-8.699633"/>
   <element name="rocks" layername="rock" frame="0" z_index="5" m_a="1.500000" m_b="0.000000" m_c="0.000000" m_d="1.500000" m_tx="-22.969332" m_ty="-16.234043"/>
  </frame>
  <frame idx="75" w="573" h="400" x="-63.161461" y="-36.851864">
   <element name="cutstone" layername="ston" frame="0" z_index="8" m_a="1.500000" m_b="0.000000" m_c="0.000000" m_d="1.500000" m_tx="-3.431400" m_ty="-3.040595"/>
   <element name="dirt" layername="dir" frame="0" z_index="7" m_a="1.500000" m_b="0.000000" m_c="0.000000" m_d="1.500000" m_tx="-13.358606" m_ty="-16.629501"/>
   <element name="grass" layername="gras" frame="0" z_index="6" m_a="1.500000" m_b="0.000000" m_c="0.000000" m_d="1.500000" m_tx="-17.098112" m_ty="-8.699633"/>
   <element name="rocks" layername="rock" frame="0" z_index="5" m_a="1.500000" m_b="0.000000" m_c="0.000000" m_d="1.500000" m_tx="-22.969332" m_ty="-16.234043"/>
  </frame>
  <frame idx="100" w="573" h="400" x="-63.161461" y="-36.851864">
   <element name="cutstone" layername="ston" frame="0" z_index="8" m_a="1.500000" m_b="0.000000" m_c="0.000000" m_d="1.500000" m_tx="-3.431400" m_ty="-3.040595"/>
   <element name="dirt" layername="dir" frame="0" z_index="7" m_a="1.500000" m_b="0.000000" m_c="0.000000" m_d="1.500000" m_tx="-13.358606" m_ty="-16.629501"/>
   <element name="grass" layername="gras" frame="0" z_index="6" m_a="1.500000" m_b="0.000000" m_c="0.000000" m_d="1.500000" m_tx="-17.098112" m_ty="-8.699633"/>
   <element name="rocks" layername="rock" frame="0" z_index="5" m_a="1.500000" m_b="0.000000" m_c="0.000000" m_d="1.500000" m_tx="-22.969332" m_ty="-16.234043"/>
  </frame>
  <frame idx="125" w="573" h="400" x="-63.161461" y="-36.851864">
   <element name="cutstone" layername="ston" frame="0" z_index="8" m_a="1.500000" m_b="0.000000" m_c="0.000000" m_d="1.500000" m_tx="-3.431400" m_ty="-3.040595"/>
   <element name="dirt" layername="dir" frame="0" z_index="7" m_a="1.500000" m_b="0.000000" m_c="0.000000" m_d="1.500000" m_tx="-13.358606" m_ty="-16.629501"/>
   <element name="grass" layername="gras" frame="0" z_index="6" m_a="1.500000" m_b="0.000000" m_c="0.000000" m_d="1.500000" m_tx="-17.098112" m_ty="-8.699633"/>
   <element name="rocks" layername="rock" frame="0" z_index="5" m_a="1.500000" m_b="0.000000" m_c="0.000000" m_d="1.500000" m_tx="-22.969332" m_ty="-16.234043"/>
  </frame>
  <frame idx="150" w="573" h="400" x="-63.161461" y="-36.851864">
   <element name="cutstone" layername="ston" frame="0" z_index="8" m_a="1.500000" m_b="0.000000" m_c="0.000000" m_d="1.500000" m_tx="-3.431400" m_ty="-3.040595"/>
   <element name="dirt" layername="dir" frame="0" z_index="7" m_a="1.500000" m_b="0.000000" m_c="0.000000" m_d="1.500000" m_tx="-13.358606" m_ty="-16.629501"/>
   <element name="grass" layername="gras" frame="0" z_index="6" m_a="1.500000" m_b="0.000000" m_c="0.000000" m_d="1.500000" m_tx="-17.098112" m_ty="-8.699633"/>
   <element name="rocks" layername="rock" frame="0" z_index="5" m_a="1.500000" m_b="0.000000" m_c="0.000000" m_d="1.500000" m_tx="-22.969332" m_ty="-16.234043"/>
  </frame>
  <frame idx="175" w="573" h="400" x="-63.161461" y="-36.851864">
   <element name="cutstone" layername="ston" frame="0" z_index="8" m_a="1.500000" m_b="0.000000" m_c="0.000000" m_d="1.500000" m_tx="-3.431400" m_ty="-3.040595"/>
   <element name="dirt" layername="dir" frame="0" z_index="7" m_a="1.500000" m_b="0.000000" m_c="0.000000" m_d="1.500000" m_tx="-13.358606" m_ty="-16.629501"/>
   <element name="grass" layername="gras" frame="0" z_index="6" m_a="1.500000" m_b="0.000000" m_c="0.000000" m_d="1.500000" m_tx="-17.098112" m_ty="-8.699633"/>
   <element name="rocks" layername="rock" frame="0" z_index="5" m_a="1.500000" m_b="0.000000" m_c="0.000000" m_d="1.500000" m_tx="-22.969332" m_ty="-16.234043"/>
  </frame>
  <frame idx="200" w="573" h="400" x="-63.161461" y="-36.851864">
   <element name="cutstone" layername="ston" frame="0" z_index="8" m_a="1.500000" m_b="0.000000" m_c="0.000000" m_d="1.500000" m_tx="-3.431400" m_ty="-3.040595"/>
   <element name="dirt" layername="dir" frame="0" z_index="7" m_a="1.500000" m_b="0.000000" m_c="0.000000" m_d="1.500000" m_tx="-13.358606" m_ty="-16.629501"/>
   <element name="grass" layername="gras" frame="0" z_index="6" m_a="1.500000" m_b="0.000000" m_c="0.000000" m_d="1.500000" m_tx="-17.098112" m_ty="-8.699633"/>
   <element name="rocks" layername="rock" frame="0" z_index="5" m_a="1.500000" m_b="0.000000" m_c="0.000000" m_d="1.500000" m_tx="-22.969332" m_ty="-16.234043"/>
  </frame>
  <frame idx="225" w="573" h="400" x="-63.161461" y="-36.851864">
   <element name="cutstone" layername="ston" frame="0" z_index="8" m_a="1.500000" m_b="0.000000" m_c="0.000000" m_d="1.500000" m_tx="-3.431400" m_ty="-3.040595"/>
   <element name="dirt" layername="dir" frame="0" z_index="7" m_a="1.500000" m_b="0.000000" m_c="0.000000" m_d="1.500000" m_tx="-13.358606" m_ty="-16.629501"/>
   <element name="grass" layername="gras" frame="0" z_index="6" m_a="1.500000" m_b="0.000000" m_c="0.000000" m_d="1.500000" m_tx="-17.098112" m_ty="-8.699633"/>
   <element name="rocks" layername="rock" frame="0" z_index="5" m_a="1.500000" m_b="0.000000" m_c="0.000000" m_d="1.500000" m_tx="-22.969332" m_ty="-16.234043"/>
  </frame>
  <frame idx="250" w="573" h="400" x="-63.161461" y="-36.851864">
   <element name="cutstone" layername="ston" frame="0" z_index="8" m_a="1.500000" m_b="0.000000" m_c="0.000000" m_d="1.500000" m_tx="-3.431400" m_ty="-3.040595"/>
   <element name="dirt" layername="dir" frame="0" z_index="7" m_a="1.500000" m_b="0.000000" m_c="0.000000" m_d="1.500000" m_tx="-13.358606" m_ty="-16.629501"/>
   <element name="grass" layername="gras" frame="0" z_index="6" m_a="1.500000" m_b="0.000000" m_c="0.000000" m_d="1.500000" m_tx="-17.098112" m_ty="-8.699633"/>
   <element name="rocks" layername="rock" frame="0" z_index="5" m_a="1.500000" m_b="0.000000" m_c="0.000000" m_d="1.500000" m_tx="-22.969332" m_ty="-16.234043"/>
  </frame>
  <frame idx="275" w="573" h="400" x="-63.161461" y="-36.851864">
   <element name="cutstone" layername="ston" frame="0" z_index="8" m_a="1.500000" m_b="0.000000" m_c="0.000000" m_d="1.500000" m_tx="-3.431400" m_ty="-3.040595"/>
   <element name="dirt" layername="dir" frame="0" z_index="7" m_a="1.500000" m_b="0.000000" m_c="0.000000" m_d="1.500000" m_tx="-13.358606" m_ty="-16.629501"/>
   <element name="grass" layername="gras" frame="0" z_index="6" m_a="1.500000" m_b="0.000000" m_c="0.000000" m_d="1.500000" m_tx="-17.098112" m_ty="-8.699633"/>
   <element name="rocks" layername="rock" frame="0" z_index="5" m_a="1.500000" m_b="0.000000" m_c="0.000000" m_d="1.500000" m_tx="-22.969332" m_ty="-16.234043"/>
  </frame>
  <frame idx="300" w="573" h="400" x="-63.161461" y="-36.851864">
   <element name="cutstone" layername="ston" frame="0" z_index="8" m_a="1.500000" m_b="0.000000" m_c="0.000000" m_d="1.500000" m_tx="-3.431400" m_ty="-3.040595"/>
   <element name="dirt" layername="dir" frame="0" z_index="7" m_a="1.500000" m_b="0.000000" m_c="0.000000" m_d="1.500000" m_tx="-13.358606" m_ty="-16.629501"/>
   <element name="grass" layername="gras" frame="0" z_index="6" m_a="1.500000" m_b="0.000000" m_c="0.000000" m_d="1.500000" m_tx="-17.098112" m_ty="-8.699633"/>
   <element name="rocks" layername="rock" frame="0" z_index="5" m_a="1.500000" m_b="0.000000" m_c="0.000000" m_d="1.500000" m_tx="-22.969332" m_ty="-16.234043"/>
  </frame>
  <frame idx="325" w="573" h="400" x="-63.161461" y="-36.851864">
   <element name="cutstone" layername="ston" frame="0" z_index="8" m_a="1.500000" m_b="0.000000" m_c="0.000000" m_d="1.500000" m_tx="-3.431400" m_ty="-3.040595"/>
   <element name="dirt" layername="dir" frame="0" z_index="7" m_a="1.500000" m_b="0.000000" m_c="0.000000" m_d="1.500000" m_tx="-13.358606" m_ty="-16.629501"/>
   <element name="grass" layername="gras" frame="0" z_index="6" m_a="1.500000" m_b="0.000000" m_c="0.000000" m_d="1.500000" m_tx="-17.098112" m_ty="-8.699633"/>
   <element name="rocks" layername="rock" frame="0" z_index="5" m_a="1.500000" m_b="0.000000" m_c="0.000000" m_d="1.500000" m_tx="-22.969332" m_ty="-16.234043"/>
  </frame>
  <frame idx="350" w="573" h="400" x="-63.161461" y="-36.851864">
   <element name="cutstone" layername="ston" frame="0" z_index="8" m_a="1.500000" m_b="0.000000" m_c="0.000000" m_d="1.500000" m_tx="-3.431400" m_ty="-3.040595"/>
   <element name="dirt" layername="dir" frame="0" z_index="7" m_a="1.500000" m_b="0.000000" m_c="0.000000" m_d="1.500000" m_tx="-13.358606" m_ty="-16.629501"/>
   <element name="grass" layername="gras" frame="0" z_index="6" m_a="1.500000" m_b="0.000000" m_c="0.000000" m_d="1.500000" m_tx="-17.098112" m_ty="-8.699633"/>
   <element name="rocks" layername="rock" frame="0" z_index="5" m_a="1.500000" m_b="0.000000" m_c="0.000000" m_d="1.500000" m_tx="-22.969332" m_ty="-16.234043"/>
  </frame>
  <frame idx="375" w="573" h="400" x="-63.161461" y="-36.851864">
   <element name="cutstone" layername="ston" frame="0" z_index="8" m_a="1.500000" m_b="0.000000" m_c="0.000000" m_d="1.500000" m_tx="-3.431400" m_ty="-3.040595"/>
   <element name="dirt" layername="dir" frame="0" z_index="7" m_a="1.500000" m_b="0.000000" m_c="0.000000" m_d="1.500000" m_tx="-13.358606" m_ty="-16.629501"/>
   <element name="grass" layername="gras" frame="0" z_index="6" m_a="1.500000" m_b="0.000000" m_c="0.000000" m_d="1.500000" m_tx="-17.098112" m_ty="-8.699633"/>
   <element name="rocks" layername="rock" frame="0" z_index="5" m_a="1.500000" m_b="0.000000" m_c="0.000000" m_d="1.500000" m_tx="-22.969332" m_ty="-16.234043"/>
  </frame>
  <frame idx="400" w="573" h="400" x="-63.161461" y="-36.851864">
   <element name="cutstone" layername="ston" frame="0" z_index="8" m_a="1.500000" m_b="0.000000" m_c="0.000000" m_d="1.500000" m_tx="-3.431400" m_ty="-3.040595"/>
   <element name="dirt" layername="dir" frame="0" z_index="7" m_a="1.500000" m_b="0.000000" m_c="0.000000" m_d="1.500000" m_tx="-13.358606" m_ty="-16.629501"/>
   <element name="grass" layername="gras" frame="0" z_index="6" m_a="1.500000" m_b="0.000000" m_c="0.000000" m_d="1.500000" m_tx="-17.098112" m_ty="-8.699633"/>
   <element name="rocks" layername="rock" frame="0" z_index="5" m_a="1.500000" m_b="0.000000" m_c="0.000000" m_d="1.500000" m_tx="-22.969332" m_ty="-16.234043"/>
  </frame>
  <frame idx="425" w="573" h="400" x="-63.161461" y="-36.851864">
   <element name="cutstone" layername="ston" frame="0" z_index="8" m_a="1.500000" m_b="0.000000" m_c="0.000000" m_d="1.500000" m_tx="-3.431400" m_ty="-3.040595"/>
   <element name="dirt" layername="dir" frame="0" z_index="7" m_a="1.500000" m_b="0.000000" m_c="0.000000" m_d="1.500000" m_tx="-13.358606" m_ty="-16.629501"/>
   <element name="grass" layername="gras" frame="0" z_index="6" m_a="1.500000" m_b="0.000000" m_c="0.000000" m_d="1.500000" m_tx="-17.098112" m_ty="-8.699633"/>
   <element name="rocks" layername="rock" frame="0" z_index="5" m_a="1.500000" m_b="0.000000" m_c="0.000000" m_d="1.500000" m_tx="-22.969332" m_ty="-16.234043"/>
  </frame>
  <frame idx="450" w="573" h="400" x="-63.161461" y="-36.851864">
   <element name="cutstone" layername="ston" frame="0" z_index="8" m_a="1.500000" m_b="0.000000" m_c="0.000000" m_d="1.500000" m_tx="-3.431400" m_ty="-3.040595"/>
   <element name="dirt" layername="dir" frame="0" z_index="7" m_a="1.500000" m_b="0.000000" m_c="0.000000" m_d="1.500000" m_tx="-13.358606" m_ty="-16.629501"/>
   <element name="grass" layername="gras" frame="0" z_index="6" m_a="1.500000" m_b="0.000000" m_c="0.000000" m_d="1.500000" m_tx="-17.098112" m_ty="-8.699633"/>
   <element name="rocks" layername="rock" frame="0" z_index="5" m_a="1.500000" m_b="0.000000" m_c="0.000000" m_d="1.500000" m_tx="-22.969332" m_ty="-16.234043"/>
  </frame>
  <frame idx="475" w="573" h="400" x="-63.161461" y="-36.851864">
   <element name="cutstone" layername="ston" frame="0" z_index="8" m_a="1.500000" m_b="0.000000" m_c="0.000000" m_d="1.500000" m_tx="-3.431400" m_ty="-3.040595"/>
   <element name="dirt" layername="dir" frame="0" z_index="7" m_a="1.500000" m_b="0.000000" m_c="0.000000" m_d="1.500000" m_tx="-13.358606" m_ty="-16.629501"/>
   <element name="grass" layername="gras" frame="0" z_index="6" m_a="1.500000" m_b="0.000000" m_c="0.000000" m_d="1.500000" m_tx="-17.098112" m_ty="-8.699633"/>
   <element name="rocks" layername="rock" frame="0" z_index="5" m_a="1.500000" m_b="0.000000" m_c="0.000000" m_d="1.500000" m_tx="-22.969332" m_ty="-16.234043"/>
  </frame>
  <frame idx="500" w="573" h="400" x="-63.161461" y="-36.851864">
   <element name="cutstone" layername="ston" frame="0" z_index="8" m_a="1.500000" m_b="0.000000" m_c="0.000000" m_d="1.500000" m_tx="-3.431400" m_ty="-3.040595"/>
   <element name="dirt" layername="dir" frame="0" z_index="7" m_a="1.500000" m_b="0.000000" m_c="0.000000" m_d="1.500000" m_tx="-13.358606" m_ty="-16.629501"/>
   <element name="grass" layername="gras" frame="0" z_index="6" m_a="1.500000" m_b="0.000000" m_c="0.000000" m_d="1.500000" m_tx="-17.098112" m_ty="-8.699633"/>
   <element name="rocks" layername="rock" frame="0" z_index="5" m_a="1.500000" m_b="0.000000" m_c="0.000000" m_d="1.500000" m_tx="-22.969332" m_ty="-16.234043"/>
  </frame>
  <frame idx="525" w="573" h="400" x="-63.161461" y="-36.851864">
   <element name="cutstone" layername="ston" frame="0" z_index="8" m_a="1.500000" m_b="0.000000" m_c="0.000000" m_d="1.500000" m_tx="-3.431400" m_ty="-3.040595"/>
   <element name="dirt" layername="dir" frame="0" z_index="7" m_a="1.500000" m_b="0.000000" m_c="0.000000" m_d="1.500000" m_tx="-13.358606" m_ty="-16.629501"/>
   <element name="grass" layername="gras" frame="0" z_index="6" m_a="1.500000" m_b="0.000000" m_c="0.000000" m_d="1.500000" m_tx="-17.098112" m_ty="-8.699633"/>
   <element name="rocks" layername="rock" frame="0" z_index="5" m_a="1.500000" m_b="0.000000" m_c="0.000000" m_d="1.500000" m_tx="-22.969332" m_ty="-16.234043"/>
  </frame>
  <frame idx="550" w="573" h="400" x="-63.161461" y="-36.851864">
   <element name="cutstone" layername="ston" frame="0" z_index="8" m_a="1.500000" m_b="0.000000" m_c="0.000000" m_d="1.500000" m_tx="-3.431400" m_ty="-3.040595"/>
   <element name="dirt" layername="dir" frame="0" z_index="7" m_a="1.500000" m_b="0.000000" m_c="0.000000" m_d="1.500000" m_tx="-13.358606" m_ty="-16.629501"/>
   <element name="grass" layername="gras" frame="0" z_index="6" m_a="1.500000" m_b="0.000000" m_c="0.000000" m_d="1.500000" m_tx="-17.098112" m_ty="-8.699633"/>
   <element name="rocks" layername="rock" frame="0" z_index="5" m_a="1.500000" m_b="0.000000" m_c="0.000000" m_d="1.500000" m_tx="-22.969332" m_ty="-16.234043"/>
  </frame>
  <frame idx="575" w="573" h="400" x="-63.161461" y="-36.851864">
   <element name="cutstone" layername="ston" frame="0" z_index="8" m_a="1.500000" m_b="0.000000" m_c="0.000000" m_d="1.500000" m_tx="-3.431400" m_ty="-3.040595"/>
   <element name="dirt" layername="dir" frame="0" z_index="7" m_a="1.500000" m_b="0.000000" m_c="0.000000" m_d="1.500000" m_tx="-13.358606" m_ty="-16.629501"/>
   <element name="grass" layername="gras" frame="0" z_index="6" m_a="1.500000" m_b="0.000000" m_c="0.000000" m_d="1.500000" m_tx="-17.098112" m_ty="-8.699633"/>
   <element name="rocks" layername="rock" frame="0" z_index="5" m_a="1.500000" m_b="0.000000" m_c="0.000000" m_d="1.500000" m_tx="-22.969332" m_ty="-16.234043"/>
  </frame>
  <frame idx="600" w="573" h="400" x="-63.161461" y="-36.851864">
   <element name="cutstone" layername="ston" frame="0" z_index="8" m_a="1.500000" m_b="0.000000" m_c="0.000000" m_d="1.500000" m_tx="-3.431400" m_ty="-3.040595"/>
   <element name="dirt" layername="dir" frame="0" z_index="7" m_a="1.500000" m_b="0.000000" m_c="0.000000" m_d="1.500000" m_tx="-13.358606" m_ty="-16.629501"/>
   <element name="grass" layername="gras" frame="0" z_index="6" m_a="1.500000" m_b="0.000000" m_c="0.000000" m_d="1.500000" m_tx="-17.098112" m_ty="-8.699633"/>
   <element name="rocks" layername="rock" frame="0" z_index="5" m_a="1.500000" m_b="0.000000" m_c="0.000000" m_d="1.500000" m_tx="-22.969332" m_ty="-16.234043"/>
  </frame>
  <frame idx="625" w="573" h="400" x="-63.161461" y="-36.851864">
   <element name="cutstone" layername="ston" frame="0" z_index="8" m_a="1.500000" m_b="0.000000" m_c="0.000000" m_d="1.500000" m_tx="-3.431400" m_ty="-3.040595"/>
   <element name="dirt" layername="dir" frame="0" z_index="7" m_a="1.500000" m_b="0.000000" m_c="0.000000" m_d="1.500000" m_tx="-13.358606" m_ty="-16.629501"/>
   <element name="grass" layername="gras" frame="0" z_index="6" m_a="1.500000" m_b="0.000000" m_c="0.000000" m_d="1.500000" m_tx="-17.098112" m_ty="-8.699633"/>
   <element name="rocks" layername="rock" frame="0" z_index="5" m_a="1.500000" m_b="0.000000" m_c="0.000000" m_d="1.500000" m_tx="-22.969332" m_ty="-16.234043"/>
  </frame>
  <frame idx="650" w="573" h="400" x="-63.161461" y="-36.851864">
   <element name="cutstone" layername="ston" frame="0" z_index="8" m_a="1.500000" m_b="0.000000" m_c="0.000000" m_d="1.500000" m_tx="-3.431400" m_ty="-3.040595"/>
   <element name="dirt" layername="dir" frame="0" z_index="7" m_a="1.500000" m_b="0.000000" m_c="0.000000" m_d="1.500000" m_tx="-13.358606" m_ty="-16.629501"/>
   <element name="grass" layername="gras" frame="0" z_index="6" m_a="1.500000" m_b="0.000000" m_c="0.000000" m_d="1.500000" m_tx="-17.098112" m_ty="-8.699633"/>
   <element name="rocks" layername="rock" frame="0" z_index="5" m_a="1.500000" m_b="0.000000" m_c="0.000000" m_d="1.500000" m_tx="-22.969332" m_ty="-16.234043"/>
  </frame>
  <frame idx="675" w="573" h="400" x="-63.161461" y="-36.851864">
   <element name="cutstone" layername="ston" frame="0" z_index="8" m_a="1.500000" m_b="0.000000" m_c="0.000000" m_d="1.500000" m_tx="-3.431400" m_ty="-3.040595"/>
   <element name="dirt" layername="dir" frame="0" z_index="7" m_a="1.500000" m_b="0.000000" m_c="0.000000" m_d="1.500000" m_tx="-13.358606" m_ty="-16.629501"/>
   <element name="grass" layername="gras" frame="0" z_index="6" m_a="1.500000" m_b="0.000000" m_c="0.000000" m_d="1.500000" m_tx="-17.098112" m_ty="-8.699633"/>
   <element name="rocks" layername="rock" frame="0" z_index="5" m_a="1.500000" m_b="0.000000" m_c="0.000000" m_d="1.500000" m_tx="-22.969332" m_ty="-16.234043"/>
  </frame>
  <frame idx="700" w="573" h="400" x="-63.161461" y="-36.851864">
   <element name="cutstone" layername="ston" frame="0" z_index="8" m_a="1.500000" m_b="0.000000" m_c="0.000000" m_d="1.500000" m_tx="-3.431400" m_ty="-3.040595"/>
   <element name="dirt" layername="dir" frame="0" z_index="7" m_a="1.500000" m_b="0.000000" m_c="0.000000" m_d="1.500000" m_tx="-13.358606" m_ty="-16.629501"/>
   <element name="grass" layername="gras" frame="0" z_index="6" m_a="1.500000" m_b="0.000000" m_c="0.000000" m_d="1.500000" m_tx="-17.098112" m_ty="-8.699633"/>
   <element name="rocks" layername="rock" frame="0" z_index="5" m_a="1.500000" m_b="0.000000" m_c="0.000000" m_d="1.500000" m_tx="-22.969332" m_ty="-16.234043"/>
  </frame>
  <frame idx="725" w="573" h="400" x="-63.161461" y="-36.851864">
   <element name="cutstone" layername="ston" frame="0" z_index="8" m_a="1.500000" m_b="0.000000" m_c="0.000000" m_d="1.500000" m_tx="-3.431400" m_ty="-3.040595"/>
   <element name="dirt" layername="dir" frame="0" z_index="7" m_a="1.500000" m_b="0.000000" m_c="0.000000" m_d="1.500000" m_tx="-13.358606" m_ty="-16.629501"/>
   <element name="grass" layername="gras" frame="0" z_index="6" m_a="1.500000" m_b="0.000000" m_c="0.000000" m_d="1.500000" m_tx="-17.098112" m_ty="-8.699633"/>
   <element name="rocks" layername="rock" frame="0" z_index="5" m_a="1.500000" m_b="0.000000" m_c="0.000000" m_d="1.500000" m_tx="-22.969332" m_ty="-16.234043"/>
  </frame>
  <frame idx="750" w="573" h="400" x="-63.161461" y="-36.851864">
   <element name="cutstone" layername="ston" frame="0" z_index="8" m_a="1.500000" m_b="0.000000" m_c="0.000000" m_d="1.500000" m_tx="-3.431400" m_ty="-3.040595"/>
   <element name="dirt" layername="dir" frame="0" z_index="7" m_a="1.500000" m_b="0.000000" m_c="0.000000" m_d="1.500000" m_tx="-13.358606" m_ty="-16.629501"/>
   <element name="grass" layername="gras" frame="0" z_index="6" m_a="1.500000" m_b="0.000000" m_c="0.000000" m_d="1.500000" m_tx="-17.098112" m_ty="-8.699633"/>
   <element name="rocks" layername="rock" frame="0" z_index="5" m_a="1.500000" m_b="0.000000" m_c="0.000000" m_d="1.500000" m_tx="-22.969332" m_ty="-16.234043"/>
  </frame>
  <frame idx="775" w="573" h="400" x="-63.161461" y="-36.851864">
   <element name="cutstone" layername="ston" frame="0" z_index="8" m_a="1.500000" m_b="0.000000" m_c="0.000000" m_d="1.500000" m_tx="-3.431400" m_ty="-3.040595"/>
   <element name="dirt" layername="dir" frame="0" z_index="7" m_a="1.500000" m_b="0.000000" m_c="0.000000" m_d="1.500000" m_tx="-13.358606" m_ty="-16.629501"/>
   <element name="grass" layername="gras" frame="0" z_index="6" m_a="1.500000" m_b="0.000000" m_c="0.000000" m_d="1.500000" m_tx="-17.098112" m_ty="-8.699633"/>
   <element name="rocks" layername="rock" frame="0" z_index="5" m_a="1.500000" m_b="0.000000" m_c="0.000000" m_d="1.500000" m_tx="-22.969332" m_ty="-16.234043"/>
  </frame>
  <frame idx="800" w="573" h="400" x="-63.161461" y="-36.851864">
   <element name="cutstone" layername="ston" frame="0" z_index="8" m_a="1.500000" m_b="0.000000" m_c="0.000000" m_d="1.500000" m_tx="-3.431400" m_ty="-3.040595"/>
   <element name="dirt" layername="dir" frame="0" z_index="7" m_a="1.500000" m_b="0.000000" m_c="0.000000" m_d="1.500000" m_tx="-13.358606" m_ty="-16.629501"/>
   <element name="grass" layername="gras" frame="0" z_index="6" m_a="1.500000" m_b="0.000000" m_c="0.000000" m_d="1.500000" m_tx="-17.098112" m_ty="-8.699633"/>
   <element name="rocks" layername="rock" frame="0" z_index="5" m_a="1.500000" m_b="0.000000" m_c="0.000000" m_d="1.500000" m_tx="-22.969332" m_ty="-16.234043"/>
  </frame>
  <frame idx="825" w="573" h="400" x="-63.161461" y="-36.851864">
   <element name="cutstone" layername="ston" frame="0" z_index="8" m_a="1.500000" m_b="0.000000" m_c="0.000000" m_d="1.500000" m_tx="-3.431400" m_ty="-3.040595"/>
   <element name="dirt" layername="dir" frame="0" z_index="7" m_a="1.500000" m_b="0.000000" m_c="0.000000" m_d="1.500000" m_tx="-13.358606" m_ty="-16.629501"/>
   <element name="grass" layername="gras" frame="0" z_index="6" m_a="1.500000" m_b="0.000000" m_c="0.000000" m_d="1.500000" m_tx="-17.098112" m_ty="-8.699633"/>
   <element name="rocks" layername="rock" frame="0" z_index="5" m_a="1.500000" m_b="0.000000" m_c="0.000000" m_d="1.500000" m_tx="-22.969332" m_ty="-16.234043"/>
  </frame>
  <frame idx="850" w="573" h="400" x="-63.161461" y="-36.851864">
   <element name="cutstone" layername="ston" frame="0" z_index="8" m_a="1.500000" m_b="0.000000" m_c="0.000000" m_d="1.500000" m_tx="-3.431400" m_ty="-3.040595"/>
   <element name="dirt" layername="dir" frame="0" z_index="7" m_a="1.500000" m_b="0.000000" m_c="0.000000" m_d="1.500000" m_tx="-13.358606" m_ty="-16.629501"/>
   <element name="grass" layername="gras" frame="0" z_index="6" m_a="1.500000" m_b="0.000000" m_c="0.000000" m_d="1.500000" m_tx="-17.098112" m_ty="-8.699633"/>
   <element name="rocks" layername="rock" frame="0" z_index="5" m_a="1.500000" m_b="0.000000" m_c="0.000000" m_d="1.500000" m_tx="-22.969332" m_ty="-16.234043"/>
  </frame>
  <frame idx="875" w="573" h="400" x="-63.161461" y="-36.851864">
   <element name="cutstone" layername="ston" frame="0" z_index="8" m_a="1.500000" m_b="0.000000" m_c="0.000000" m_d="1.500000" m_tx="-3.431400" m_ty="-3.040595"/>
   <element name="dirt" layername="dir" frame="0" z_index="7" m_a="1.500000" m_b="0.000000" m_c="0.000000" m_d="1.500000" m_tx="-13.358606" m_ty="-16.629501"/>
   <element name="grass" layername="gras" frame="0" z_index="6" m_a="1.500000" m_b="0.000000" m_c="0.000000" m_d="1.500000" m_tx="-17.098112" m_ty="-8.699633"/>
   <element name="rocks" layername="rock" frame="0" z_index="5" m_a="1.500000" m_b="0.000000" m_c="0.000000" m_d="1.500000" m_tx="-22.969332" m_ty="-16.234043"/>
  </frame>
  <frame idx="900" w="573" h="400" x="-63.161461" y="-36.851864">
   <element name="cutstone" layername="ston" frame="0" z_index="8" m_a="1.500000" m_b="0.000000" m_c="0.000000" m_d="1.500000" m_tx="-3.431400" m_ty="-3.040595"/>
   <element name="dirt" layername="dir" frame="0" z_index="7" m_a="1.500000" m_b="0.000000" m_c="0.000000" m_d="1.500000" m_tx="-13.358606" m_ty="-16.629501"/>
   <element name="grass" layername="gras" frame="0" z_index="6" m_a="1.500000" m_b="0.000000" m_c="0.000000" m_d="1.500000" m_tx="-17.098112" m_ty="-8.699633"/>
   <element name="rocks" layername="rock" frame="0" z_index="5" m_a="1.500000" m_b="0.000000" m_c="0.000000" m_d="1.500000" m_tx="-22.969332" m_ty="-16.234043"/>
  </frame>
  <frame idx="925" w="573" h="400" x="-63.161461" y="-36.851864">
   <element name="cutstone" layername="ston" frame="0" z_index="8" m_a="1.500000" m_b="0.000000" m_c="0.000000" m_d="1.500000" m_tx="-3.431400" m_ty="-3.040595"/>
   <element name="dirt" layername="dir" frame="0" z_index="7" m_a="1.500000" m_b="0.000000" m_c="0.000000" m_d="1.500000" m_tx="-13.358606" m_ty="-16.629501"/>
   <element name="grass" layername="gras" frame="0" z_index="6" m_a="1.500000" m_b="0.000000" m_c="0.000000" m_d="1.500000" m_tx="-17.098112" m_ty="-8.699633"/>
   <element name="rocks" layername="rock" frame="0" z_index="5" m_a="1.500000" m_b="0.000000" m_c="0.000000" m_d="1.500000" m_tx="-22.969332" m_ty="-16.234043"/>
  </frame>
  <frame idx="950" w="573" h="400" x="-63.161461" y="-36.851864">
   <element name="cutstone" layername="ston" frame="0" z_index="8" m_a="1.500000" m_b="0.000000" m_c="0.000000" m_d="1.500000" m_tx="-3.431400" m_ty="-3.040595"/>
   <element name="dirt" layername="dir" frame="0" z_index="7" m_a="1.500000" m_b="0.000000" m_c="0.000000" m_d="1.500000" m_tx="-13.358606" m_ty="-16.629501"/>
   <element name="grass" layername="gras" frame="0" z_index="6" m_a="1.500000" m_b="0.000000" m_c="0.000000" m_d="1.500000" m_tx="-17.098112" m_ty="-8.699633"/>
   <element name="rocks" layername="rock" frame="0" z_index="5" m_a="1.500000" m_b="0.000000" m_c="0.000000" m_d="1.500000" m_tx="-22.969332" m_ty="-16.234043"/>
  </frame>
  <frame idx="975" w="573" h="400" x="-63.161461" y="-36.851864">
   <element name="cutstone" layername="ston" frame="0" z_index="8" m_a="1.500000" m_b="0.000000" m_c="0.000000" m_d="1.500000" m_tx="-3.431400" m_ty="-3.040595"/>
   <element name="dirt" layername="dir" frame="0" z_index="7" m_a="1.500000" m_b="0.000000" m_c="0.000000" m_d="1.500000" m_tx="-13.358606" m_ty="-16.629501"/>
   <element name="grass" layername="gras" frame="0" z_index="6" m_a="1.500000" m_b="0.000000" m_c="0.000000" m_d="1.500000" m_tx="-17.098112" m_ty="-8.699633"/>
   <element name="rocks" layername="rock" frame="0" z_index="5" m_a="1.500000" m_b="0.000000" m_c="0.000000" m_d="1.500000" m_tx="-22.969332" m_ty="-16.234043"/>
  </frame>
 </anim>
 <anim name="idle_summer" root="bumpkinfarm" numframes="1000" framerate="40">
  <frame idx="0" w="591" h="550" x="-70.068039" y="-131.438446">
   <element name="cutstone" layername="ston" frame="0" z_index="8" m_a="1.500000" m_b="0.000000" m_c="0.000000" m_d="1.500000" m_tx="-6.993481" m_ty="-10.468909"/>
   <element name="dirt" layername="dir" frame="0" z_index="7" m_a="1.500000" m_b="0.000000" m_c="0.000000" m_d="1.500000" m_tx="-16.920687" m_ty="-24.057816"/>
   <element name="tarp" layername="tar" frame="0" z_index="5" m_a="1.500000" m_b="0.000000" m_c="0.000000" m_d="1.500000" m_tx="-9.973950" m_ty="6.156996"/>
   <element name="grass" layername="shado" frame="1" z_index="6" m_a="1.500000" m_b="0.000000" m_c="0.000000" m_d="1.500000" m_tx="-25.714779" m_ty="-9.218848"/>
  </frame>
  <frame idx="25" w="591" h="550" x="-70.068039" y="-131.438446">
   <element name="cutstone" layername="ston" frame="0" z_index="8" m_a="1.500000" m_b="0.000000" m_c="0.000000" m_d="1.500000" m_tx="-6.993481" m_ty="-10.468909"/>
   <element name="dirt" layername="dir" frame="0" z_index="7" m_a="1.500000" m_b="0.000000" m_c="0.000000" m_d="1.500000" m_tx="-16.920687" m_ty="-24.057816"/>
   <element name="tarp" layername="tar" frame="0" z_index="5" m_a="1.500000" m_b="0.000000" m_c="0.000000" m_d="1.500000" m_tx="-9.973950" m_ty="6.156996"/>
   <element name="grass" layername="shado" frame="1" z_index="6" m_a="1.500000" m_b="0.000000" m_c="0.000000" m_d="1.500000" m_tx="-25.714779" m_ty="-9.218848"/>
  </frame>
  <frame idx="50" w="591" h="550" x="-70.068039" y="-131.438446">
   <element name="cutstone" layername="ston" frame="0" z_index="8" m_a="1.500000" m_b="0.000000" m_c="0.000000" m_d="1.500000" m_tx="-6.993481" m_ty="-10.468909"/>
   <element name="dirt" layername="dir" frame="0" z_index="7" m_a="1.500000" m_b="0.000000" m_c="0.000000" m_d="1.500000" m_tx="-16.920687" m_ty="-24.057816"/>
   <element name="tarp" layername="tar" frame="0" z_index="5" m_a="1.500000" m_b="0.000000" m_c="0.000000" m_d="1.500000" m_tx="-9.973950" m_ty="6.156996"/>
   <element name="grass" layername="shado" frame="1" z_index="6" m_a="1.500000" m_b="0.000000" m_c="0.000000" m_d="1.500000" m_tx="-25.714779" m_ty="-9.218848"/>
  </frame>
  <frame idx="75" w="591" h="550" x="-70.068039" y="-131.438446">
   <element name="cutstone" layername="ston" frame="0" z_index="8" m_a="1.500000" m_b="0.000000" m_c="0.000000" m_d="1.500000" m_tx="-6.993481" m_ty="-10.468909"/>
   <element name="dirt" layername="dir" frame="0" z_index="7" m_a="1.500000" m_b="0.000000" m_c="0.000000" m_d="1.500000" m_tx="-16.920687" m_ty="-24.057816"/>
   <element name="tarp" layername="tar" frame="0" z_index="5" m_a="1.500000" m_b="0.000000" m_c="0.000000" m_d="1.500000" m_tx="-9.973950" m_ty="6.156996"/>
   <element name="grass" layername="shado" frame="1" z_index="6" m_a="1.500000" m_b="0.000000" m_c="0.000000" m_d="1.500000" m_tx="-25.714779" m_ty="-9.218848"/>
  </frame>
  <frame idx="100" w="591" h="550" x="-70.068039" y="-131.438446">
   <element name="cutstone" layername="ston" frame="0" z_index="8" m_a="1.500000" m_b="0.000000" m_c="0.000000" m_d="1.500000" m_tx="-6.993481" m_ty="-10.468909"/>
   <element name="dirt" layername="dir" frame="0" z_index="7" m_a="1.500000" m_b="0.000000" m_c="0.000000" m_d="1.500000" m_tx="-16.920687" m_ty="-24.057816"/>
   <element name="tarp" layername="tar" frame="0" z_index="5" m_a="1.500000" m_b="0.000000" m_c="0.000000" m_d="1.500000" m_tx="-9.973950" m_ty="6.156996"/>
   <element name="grass" layername="shado" frame="1" z_index="6" m_a="1.500000" m_b="0.000000" m_c="0.000000" m_d="1.500000" m_tx="-25.714779" m_ty="-9.218848"/>
  </frame>
  <frame idx="125" w="591" h="550" x="-70.068039" y="-131.438446">
   <element name="cutstone" layername="ston" frame="0" z_index="8" m_a="1.500000" m_b="0.000000" m_c="0.000000" m_d="1.500000" m_tx="-6.993481" m_ty="-10.468909"/>
   <element name="dirt" layername="dir" frame="0" z_index="7" m_a="1.500000" m_b="0.000000" m_c="0.000000" m_d="1.500000" m_tx="-16.920687" m_ty="-24.057816"/>
   <element name="tarp" layername="tar" frame="0" z_index="5" m_a="1.500000" m_b="0.000000" m_c="0.000000" m_d="1.500000" m_tx="-9.973950" m_ty="6.156996"/>
   <element name="grass" layername="shado" frame="1" z_index="6" m_a="1.500000" m_b="0.000000" m_c="0.000000" m_d="1.500000" m_tx="-25.714779" m_ty="-9.218848"/>
  </frame>
  <frame idx="150" w="591" h="550" x="-70.068039" y="-131.438446">
   <element name="cutstone" layername="ston" frame="0" z_index="8" m_a="1.500000" m_b="0.000000" m_c="0.000000" m_d="1.500000" m_tx="-6.993481" m_ty="-10.468909"/>
   <element name="dirt" layername="dir" frame="0" z_index="7" m_a="1.500000" m_b="0.000000" m_c="0.000000" m_d="1.500000" m_tx="-16.920687" m_ty="-24.057816"/>
   <element name="tarp" layername="tar" frame="0" z_index="5" m_a="1.500000" m_b="0.000000" m_c="0.000000" m_d="1.500000" m_tx="-9.973950" m_ty="6.156996"/>
   <element name="grass" layername="shado" frame="1" z_index="6" m_a="1.500000" m_b="0.000000" m_c="0.000000" m_d="1.500000" m_tx="-25.714779" m_ty="-9.218848"/>
  </frame>
  <frame idx="175" w="591" h="550" x="-70.068039" y="-131.438446">
   <element name="cutstone" layername="ston" frame="0" z_index="8" m_a="1.500000" m_b="0.000000" m_c="0.000000" m_d="1.500000" m_tx="-6.993481" m_ty="-10.468909"/>
   <element name="dirt" layername="dir" frame="0" z_index="7" m_a="1.500000" m_b="0.000000" m_c="0.000000" m_d="1.500000" m_tx="-16.920687" m_ty="-24.057816"/>
   <element name="tarp" layername="tar" frame="0" z_index="5" m_a="1.500000" m_b="0.000000" m_c="0.000000" m_d="1.500000" m_tx="-9.973950" m_ty="6.156996"/>
   <element name="grass" layername="shado" frame="1" z_index="6" m_a="1.500000" m_b="0.000000" m_c="0.000000" m_d="1.500000" m_tx="-25.714779" m_ty="-9.218848"/>
  </frame>
  <frame idx="200" w="591" h="550" x="-70.068039" y="-131.438446">
   <element name="cutstone" layername="ston" frame="0" z_index="8" m_a="1.500000" m_b="0.000000" m_c="0.000000" m_d="1.500000" m_tx="-6.993481" m_ty="-10.468909"/>
   <element name="dirt" layername="dir" frame="0" z_index="7" m_a="1.500000" m_b="0.000000" m_c="0.000000" m_d="1.500000" m_tx="-16.920687" m_ty="-24.057816"/>
   <element name="tarp" layername="tar" frame="0" z_index="5" m_a="1.500000" m_b="0.000000" m_c="0.000000" m_d="1.500000" m_tx="-9.973950" m_ty="6.156996"/>
   <element name="grass" layername="shado" frame="1" z_index="6" m_a="1.500000" m_b="0.000000" m_c="0.000000" m_d="1.500000" m_tx="-25.714779" m_ty="-9.218848"/>
  </frame>
  <frame idx="225" w="591" h="550" x="-70.068039" y="-131.438446">
   <element name="cutstone" layername="ston" frame="0" z_index="8" m_a="1.500000" m_b="0.000000" m_c="0.000000" m_d="1.500000" m_tx="-6.993481" m_ty="-10.468909"/>
   <element name="dirt" layername="dir" frame="0" z_index="7" m_a="1.500000" m_b="0.000000" m_c="0.000000" m_d="1.500000" m_tx="-16.920687" m_ty="-24.057816"/>
   <element name="tarp" layername="tar" frame="0" z_index="5" m_a="1.500000" m_b="0.000000" m_c="0.000000" m_d="1.500000" m_tx="-9.973950" m_ty="6.156996"/>
   <element name="grass" layername="shado" frame="1" z_index="6" m_a="1.500000" m_b="0.000000" m_c="0.000000" m_d="1.500000" m_tx="-25.714779" m_ty="-9.218848"/>
  </frame>
  <frame idx="250" w="591" h="550" x="-70.068039" y="-131.438446">
   <element name="cutstone" layername="ston" frame="0" z_index="8" m_a="1.500000" m_b="0.000000" m_c="0.000000" m_d="1.500000" m_tx="-6.993481" m_ty="-10.468909"/>
   <element name="dirt" layername="dir" frame="0" z_index="7" m_a="1.500000" m_b="0.000000" m_c="0.000000" m_d="1.500000" m_tx="-16.920687" m_ty="-24.057816"/>
   <element name="tarp" layername="tar" frame="0" z_index="5" m_a="1.500000" m_b="0.000000" m_c="0.000000" m_d="1.500000" m_tx="-9.973950" m_ty="6.156996"/>
   <element name="grass" layername="shado" frame="1" z_index="6" m_a="1.500000" m_b="0.000000" m_c="0.000000" m_d="1.500000" m_tx="-25.714779" m_ty="-9.218848"/>
  </frame>
  <frame idx="275" w="591" h="550" x="-70.068039" y="-131.438446">
   <element name="cutstone" layername="ston" frame="0" z_index="8" m_a="1.500000" m_b="0.000000" m_c="0.000000" m_d="1.500000" m_tx="-6.993481" m_ty="-10.468909"/>
   <element name="dirt" layername="dir" frame="0" z_index="7" m_a="1.500000" m_b="0.000000" m_c="0.000000" m_d="1.500000" m_tx="-16.920687" m_ty="-24.057816"/>
   <element name="tarp" layername="tar" frame="0" z_index="5" m_a="1.500000" m_b="0.000000" m_c="0.000000" m_d="1.500000" m_tx="-9.973950" m_ty="6.156996"/>
   <element name="grass" layername="shado" frame="1" z_index="6" m_a="1.500000" m_b="0.000000" m_c="0.000000" m_d="1.500000" m_tx="-25.714779" m_ty="-9.218848"/>
  </frame>
  <frame idx="300" w="591" h="550" x="-70.068039" y="-131.438446">
   <element name="cutstone" layername="ston" frame="0" z_index="8" m_a="1.500000" m_b="0.000000" m_c="0.000000" m_d="1.500000" m_tx="-6.993481" m_ty="-10.468909"/>
   <element name="dirt" layername="dir" frame="0" z_index="7" m_a="1.500000" m_b="0.000000" m_c="0.000000" m_d="1.500000" m_tx="-16.920687" m_ty="-24.057816"/>
   <element name="tarp" layername="tar" frame="0" z_index="5" m_a="1.500000" m_b="0.000000" m_c="0.000000" m_d="1.500000" m_tx="-9.973950" m_ty="6.156996"/>
   <element name="grass" layername="shado" frame="1" z_index="6" m_a="1.500000" m_b="0.000000" m_c="0.000000" m_d="1.500000" m_tx="-25.714779" m_ty="-9.218848"/>
  </frame>
  <frame idx="325" w="591" h="550" x="-70.068039" y="-131.438446">
   <element name="cutstone" layername="ston" frame="0" z_index="8" m_a="1.500000" m_b="0.000000" m_c="0.000000" m_d="1.500000" m_tx="-6.993481" m_ty="-10.468909"/>
   <element name="dirt" layername="dir" frame="0" z_index="7" m_a="1.500000" m_b="0.000000" m_c="0.000000" m_d="1.500000" m_tx="-16.920687" m_ty="-24.057816"/>
   <element name="tarp" layername="tar" frame="0" z_index="5" m_a="1.500000" m_b="0.000000" m_c="0.000000" m_d="1.500000" m_tx="-9.973950" m_ty="6.156996"/>
   <element name="grass" layername="shado" frame="1" z_index="6" m_a="1.500000" m_b="0.000000" m_c="0.000000" m_d="1.500000" m_tx="-25.714779" m_ty="-9.218848"/>
  </frame>
  <frame idx="350" w="591" h="550" x="-70.068039" y="-131.438446">
   <element name="cutstone" layername="ston" frame="0" z_index="8" m_a="1.500000" m_b="0.000000" m_c="0.000000" m_d="1.500000" m_tx="-6.993481" m_ty="-10.468909"/>
   <element name="dirt" layername="dir" frame="0" z_index="7" m_a="1.500000" m_b="0.000000" m_c="0.000000" m_d="1.500000" m_tx="-16.920687" m_ty="-24.057816"/>
   <element name="tarp" layername="tar" frame="0" z_index="5" m_a="1.500000" m_b="0.000000" m_c="0.000000" m_d="1.500000" m_tx="-9.973950" m_ty="6.156996"/>
   <element name="grass" layername="shado" frame="1" z_index="6" m_a="1.500000" m_b="0.000000" m_c="0.000000" m_d="1.500000" m_tx="-25.714779" m_ty="-9.218848"/>
  </frame>
  <frame idx="375" w="591" h="550" x="-70.068039" y="-131.438446">
   <element name="cutstone" layername="ston" frame="0" z_index="8" m_a="1.500000" m_b="0.000000" m_c="0.000000" m_d="1.500000" m_tx="-6.993481" m_ty="-10.468909"/>
   <element name="dirt" layername="dir" frame="0" z_index="7" m_a="1.500000" m_b="0.000000" m_c="0.000000" m_d="1.500000" m_tx="-16.920687" m_ty="-24.057816"/>
   <element name="tarp" layername="tar" frame="0" z_index="5" m_a="1.500000" m_b="0.000000" m_c="0.000000" m_d="1.500000" m_tx="-9.973950" m_ty="6.156996"/>
   <element name="grass" layername="shado" frame="1" z_index="6" m_a="1.500000" m_b="0.000000" m_c="0.000000" m_d="1.500000" m_tx="-25.714779" m_ty="-9.218848"/>
  </frame>
  <frame idx="400" w="591" h="550" x="-70.068039" y="-131.438446">
   <element name="cutstone" layername="ston" frame="0" z_index="8" m_a="1.500000" m_b="0.000000" m_c="0.000000" m_d="1.500000" m_tx="-6.993481" m_ty="-10.468909"/>
   <element name="dirt" layername="dir" frame="0" z_index="7" m_a="1.500000" m_b="0.000000" m_c="0.000000" m_d="1.500000" m_tx="-16.920687" m_ty="-24.057816"/>
   <element name="tarp" layername="tar" frame="0" z_index="5" m_a="1.500000" m_b="0.000000" m_c="0.000000" m_d="1.500000" m_tx="-9.973950" m_ty="6.156996"/>
   <element name="grass" layername="shado" frame="1" z_index="6" m_a="1.500000" m_b="0.000000" m_c="0.000000" m_d="1.500000" m_tx="-25.714779" m_ty="-9.218848"/>
  </frame>
  <frame idx="425" w="591" h="550" x="-70.068039" y="-131.438446">
   <element name="cutstone" layername="ston" frame="0" z_index="8" m_a="1.500000" m_b="0.000000" m_c="0.000000" m_d="1.500000" m_tx="-6.993481" m_ty="-10.468909"/>
   <element name="dirt" layername="dir" frame="0" z_index="7" m_a="1.500000" m_b="0.000000" m_c="0.000000" m_d="1.500000" m_tx="-16.920687" m_ty="-24.057816"/>
   <element name="tarp" layername="tar" frame="0" z_index="5" m_a="1.500000" m_b="0.000000" m_c="0.000000" m_d="1.500000" m_tx="-9.973950" m_ty="6.156996"/>
   <element name="grass" layername="shado" frame="1" z_index="6" m_a="1.500000" m_b="0.000000" m_c="0.000000" m_d="1.500000" m_tx="-25.714779" m_ty="-9.218848"/>
  </frame>
  <frame idx="450" w="591" h="550" x="-70.068039" y="-131.438446">
   <element name="cutstone" layername="ston" frame="0" z_index="8" m_a="1.500000" m_b="0.000000" m_c="0.000000" m_d="1.500000" m_tx="-6.993481" m_ty="-10.468909"/>
   <element name="dirt" layername="dir" frame="0" z_index="7" m_a="1.500000" m_b="0.000000" m_c="0.000000" m_d="1.500000" m_tx="-16.920687" m_ty="-24.057816"/>
   <element name="tarp" layername="tar" frame="0" z_index="5" m_a="1.500000" m_b="0.000000" m_c="0.000000" m_d="1.500000" m_tx="-9.973950" m_ty="6.156996"/>
   <element name="grass" layername="shado" frame="1" z_index="6" m_a="1.500000" m_b="0.000000" m_c="0.000000" m_d="1.500000" m_tx="-25.714779" m_ty="-9.218848"/>
  </frame>
  <frame idx="475" w="591" h="550" x="-70.068039" y="-131.438446">
   <element name="cutstone" layername="ston" frame="0" z_index="8" m_a="1.500000" m_b="0.000000" m_c="0.000000" m_d="1.500000" m_tx="-6.993481" m_ty="-10.468909"/>
   <element name="dirt" layername="dir" frame="0" z_index="7" m_a="1.500000" m_b="0.000000" m_c="0.000000" m_d="1.500000" m_tx="-16.920687" m_ty="-24.057816"/>
   <element name="tarp" layername="tar" frame="0" z_index="5" m_a="1.500000" m_b="0.000000" m_c="0.000000" m_d="1.500000" m_tx="-9.973950" m_ty="6.156996"/>
   <element name="grass" layername="shado" frame="1" z_index="6" m_a="1.500000" m_b="0.000000" m_c="0.000000" m_d="1.500000" m_tx="-25.714779" m_ty="-9.218848"/>
  </frame>
  <frame idx="500" w="591" h="550" x="-70.068039" y="-131.438446">
   <element name="cutstone" layername="ston" frame="0" z_index="8" m_a="1.500000" m_b="0.000000" m_c="0.000000" m_d="1.500000" m_tx="-6.993481" m_ty="-10.468909"/>
   <element name="dirt" layername="dir" frame="0" z_index="7" m_a="1.500000" m_b="0.000000" m_c="0.000000" m_d="1.500000" m_tx="-16.920687" m_ty="-24.057816"/>
   <element name="tarp" layername="tar" frame="0" z_index="5" m_a="1.500000" m_b="0.000000" m_c="0.000000" m_d="1.500000" m_tx="-9.973950" m_ty="6.156996"/>
   <element name="grass" layername="shado" frame="1" z_index="6" m_a="1.500000" m_b="0.000000" m_c="0.000000" m_d="1.500000" m_tx="-25.714779" m_ty="-9.218848"/>
  </frame>
  <frame idx="525" w="591" h="550" x="-70.068039" y="-131.438446">
   <element name="cutstone" layername="ston" frame="0" z_index="8" m_a="1.500000" m_b="0.000000" m_c="0.000000" m_d="1.500000" m_tx="-6.993481" m_ty="-10.468909"/>
   <element name="dirt" layername="dir" frame="0" z_index="7" m_a="1.500000" m_b="0.000000" m_c="0.000000" m_d="1.500000" m_tx="-16.920687" m_ty="-24.057816"/>
   <element name="tarp" layername="tar" frame="0" z_index="5" m_a="1.500000" m_b="0.000000" m_c="0.000000" m_d="1.500000" m_tx="-9.973950" m_ty="6.156996"/>
   <element name="grass" layername="shado" frame="1" z_index="6" m_a="1.500000" m_b="0.000000" m_c="0.000000" m_d="1.500000" m_tx="-25.714779" m_ty="-9.218848"/>
  </frame>
  <frame idx="550" w="591" h="550" x="-70.068039" y="-131.438446">
   <element name="cutstone" layername="ston" frame="0" z_index="8" m_a="1.500000" m_b="0.000000" m_c="0.000000" m_d="1.500000" m_tx="-6.993481" m_ty="-10.468909"/>
   <element name="dirt" layername="dir" frame="0" z_index="7" m_a="1.500000" m_b="0.000000" m_c="0.000000" m_d="1.500000" m_tx="-16.920687" m_ty="-24.057816"/>
   <element name="tarp" layername="tar" frame="0" z_index="5" m_a="1.500000" m_b="0.000000" m_c="0.000000" m_d="1.500000" m_tx="-9.973950" m_ty="6.156996"/>
   <element name="grass" layername="shado" frame="1" z_index="6" m_a="1.500000" m_b="0.000000" m_c="0.000000" m_d="1.500000" m_tx="-25.714779" m_ty="-9.218848"/>
  </frame>
  <frame idx="575" w="591" h="550" x="-70.068039" y="-131.438446">
   <element name="cutstone" layername="ston" frame="0" z_index="8" m_a="1.500000" m_b="0.000000" m_c="0.000000" m_d="1.500000" m_tx="-6.993481" m_ty="-10.468909"/>
   <element name="dirt" layername="dir" frame="0" z_index="7" m_a="1.500000" m_b="0.000000" m_c="0.000000" m_d="1.500000" m_tx="-16.920687" m_ty="-24.057816"/>
   <element name="tarp" layername="tar" frame="0" z_index="5" m_a="1.500000" m_b="0.000000" m_c="0.000000" m_d="1.500000" m_tx="-9.973950" m_ty="6.156996"/>
   <element name="grass" layername="shado" frame="1" z_index="6" m_a="1.500000" m_b="0.000000" m_c="0.000000" m_d="1.500000" m_tx="-25.714779" m_ty="-9.218848"/>
  </frame>
  <frame idx="600" w="591" h="550" x="-70.068039" y="-131.438446">
   <element name="cutstone" layername="ston" frame="0" z_index="8" m_a="1.500000" m_b="0.000000" m_c="0.000000" m_d="1.500000" m_tx="-6.993481" m_ty="-10.468909"/>
   <element name="dirt" layername="dir" frame="0" z_index="7" m_a="1.500000" m_b="0.000000" m_c="0.000000" m_d="1.500000" m_tx="-16.920687" m_ty="-24.057816"/>
   <element name="tarp" layername="tar" frame="0" z_index="5" m_a="1.500000" m_b="0.000000" m_c="0.000000" m_d="1.500000" m_tx="-9.973950" m_ty="6.156996"/>
   <element name="grass" layername="shado" frame="1" z_index="6" m_a="1.500000" m_b="0.000000" m_c="0.000000" m_d="1.500000" m_tx="-25.714779" m_ty="-9.218848"/>
  </frame>
  <frame idx="625" w="591" h="550" x="-70.068039" y="-131.438446">
   <element name="cutstone" layername="ston" frame="0" z_index="8" m_a="1.500000" m_b="0.000000" m_c="0.000000" m_d="1.500000" m_tx="-6.993481" m_ty="-10.468909"/>
   <element name="dirt" layername="dir" frame="0" z_index="7" m_a="1.500000" m_b="0.000000" m_c="0.000000" m_d="1.500000" m_tx="-16.920687" m_ty="-24.057816"/>
   <element name="tarp" layername="tar" frame="0" z_index="5" m_a="1.500000" m_b="0.000000" m_c="0.000000" m_d="1.500000" m_tx="-9.973950" m_ty="6.156996"/>
   <element name="grass" layername="shado" frame="1" z_index="6" m_a="1.500000" m_b="0.000000" m_c="0.000000" m_d="1.500000" m_tx="-25.714779" m_ty="-9.218848"/>
  </frame>
  <frame idx="650" w="591" h="550" x="-70.068039" y="-131.438446">
   <element name="cutstone" layername="ston" frame="0" z_index="8" m_a="1.500000" m_b="0.000000" m_c="0.000000" m_d="1.500000" m_tx="-6.993481" m_ty="-10.468909"/>
   <element name="dirt" layername="dir" frame="0" z_index="7" m_a="1.500000" m_b="0.000000" m_c="0.000000" m_d="1.500000" m_tx="-16.920687" m_ty="-24.057816"/>
   <element name="tarp" layername="tar" frame="0" z_index="5" m_a="1.500000" m_b="0.000000" m_c="0.000000" m_d="1.500000" m_tx="-9.973950" m_ty="6.156996"/>
   <element name="grass" layername="shado" frame="1" z_index="6" m_a="1.500000" m_b="0.000000" m_c="0.000000" m_d="1.500000" m_tx="-25.714779" m_ty="-9.218848"/>
  </frame>
  <frame idx="675" w="591" h="550" x="-70.068039" y="-131.438446">
   <element name="cutstone" layername="ston" frame="0" z_index="8" m_a="1.500000" m_b="0.000000" m_c="0.000000" m_d="1.500000" m_tx="-6.993481" m_ty="-10.468909"/>
   <element name="dirt" layername="dir" frame="0" z_index="7" m_a="1.500000" m_b="0.000000" m_c="0.000000" m_d="1.500000" m_tx="-16.920687" m_ty="-24.057816"/>
   <element name="tarp" layername="tar" frame="0" z_index="5" m_a="1.500000" m_b="0.000000" m_c="0.000000" m_d="1.500000" m_tx="-9.973950" m_ty="6.156996"/>
   <element name="grass" layername="shado" frame="1" z_index="6" m_a="1.500000" m_b="0.000000" m_c="0.000000" m_d="1.500000" m_tx="-25.714779" m_ty="-9.218848"/>
  </frame>
  <frame idx="700" w="591" h="550" x="-70.068039" y="-131.438446">
   <element name="cutstone" layername="ston" frame="0" z_index="8" m_a="1.500000" m_b="0.000000" m_c="0.000000" m_d="1.500000" m_tx="-6.993481" m_ty="-10.468909"/>
   <element name="dirt" layername="dir" frame="0" z_index="7" m_a="1.500000" m_b="0.000000" m_c="0.000000" m_d="1.500000" m_tx="-16.920687" m_ty="-24.057816"/>
   <element name="tarp" layername="tar" frame="0" z_index="5" m_a="1.500000" m_b="0.000000" m_c="0.000000" m_d="1.500000" m_tx="-9.973950" m_ty="6.156996"/>
   <element name="grass" layername="shado" frame="1" z_index="6" m_a="1.500000" m_b="0.000000" m_c="0.000000" m_d="1.500000" m_tx="-25.714779" m_ty="-9.218848"/>
  </frame>
  <frame idx="725" w="591" h="550" x="-70.068039" y="-131.438446">
   <element name="cutstone" layername="ston" frame="0" z_index="8" m_a="1.500000" m_b="0.000000" m_c="0.000000" m_d="1.500000" m_tx="-6.993481" m_ty="-10.468909"/>
   <element name="dirt" layername="dir" frame="0" z_index="7" m_a="1.500000" m_b="0.000000" m_c="0.000000" m_d="1.500000" m_tx="-16.920687" m_ty="-24.057816"/>
   <element name="tarp" layername="tar" frame="0" z_index="5" m_a="1.500000" m_b="0.000000" m_c="0.000000" m_d="1.500000" m_tx="-9.973950" m_ty="6.156996"/>
   <element name="grass" layername="shado" frame="1" z_index="6" m_a="1.500000" m_b="0.000000" m_c="0.000000" m_d="1.500000" m_tx="-25.714779" m_ty="-9.218848"/>
  </frame>
  <frame idx="750" w="591" h="550" x="-70.068039" y="-131.438446">
   <element name="cutstone" layername="ston" frame="0" z_index="8" m_a="1.500000" m_b="0.000000" m_c="0.000000" m_d="1.500000" m_tx="-6.993481" m_ty="-10.468909"/>
   <element name="dirt" layername="dir" frame="0" z_index="7" m_a="1.500000" m_b="0.000000" m_c="0.000000" m_d="1.500000" m_tx="-16.920687" m_ty="-24.057816"/>
   <element name="tarp" layername="tar" frame="0" z_index="5" m_a="1.500000" m_b="0.000000" m_c="0.000000" m_d="1.500000" m_tx="-9.973950" m_ty="6.156996"/>
   <element name="grass" layername="shado" frame="1" z_index="6" m_a="1.500000" m_b="0.000000" m_c="0.000000" m_d="1.500000" m_tx="-25.714779" m_ty="-9.218848"/>
  </frame>
  <frame idx="775" w="591" h="550" x="-70.068039" y="-131.438446">
   <element name="cutstone" layername="ston" frame="0" z_index="8" m_a="1.500000" m_b="0.000000" m_c="0.000000" m_d="1.500000" m_tx="-6.993481" m_ty="-10.468909"/>
   <element name="dirt" layername="dir" frame="0" z_index="7" m_a="1.500000" m_b="0.000000" m_c="0.000000" m_d="1.500000" m_tx="-16.920687" m_ty="-24.057816"/>
   <element name="tarp" layername="tar" frame="0" z_index="5" m_a="1.500000" m_b="0.000000" m_c="0.000000" m_d="1.500000" m_tx="-9.973950" m_ty="6.156996"/>
   <element name="grass" layername="shado" frame="1" z_index="6" m_a="1.500000" m_b="0.000000" m_c="0.000000" m_d="1.500000" m_tx="-25.714779" m_ty="-9.218848"/>
  </frame>
  <frame idx="800" w="591" h="550" x="-70.068039" y="-131.438446">
   <element name="cutstone" layername="ston" frame="0" z_index="8" m_a="1.500000" m_b="0.000000" m_c="0.000000" m_d="1.500000" m_tx="-6.993481" m_ty="-10.468909"/>
   <element name="dirt" layername="dir" frame="0" z_index="7" m_a="1.500000" m_b="0.000000" m_c="0.000000" m_d="1.500000" m_tx="-16.920687" m_ty="-24.057816"/>
   <element name="tarp" layername="tar" frame="0" z_index="5" m_a="1.500000" m_b="0.000000" m_c="0.000000" m_d="1.500000" m_tx="-9.973950" m_ty="6.156996"/>
   <element name="grass" layername="shado" frame="1" z_index="6" m_a="1.500000" m_b="0.000000" m_c="0.000000" m_d="1.500000" m_tx="-25.714779" m_ty="-9.218848"/>
  </frame>
  <frame idx="825" w="591" h="550" x="-70.068039" y="-131.438446">
   <element name="cutstone" layername="ston" frame="0" z_index="8" m_a="1.500000" m_b="0.000000" m_c="0.000000" m_d="1.500000" m_tx="-6.993481" m_ty="-10.468909"/>
   <element name="dirt" layername="dir" frame="0" z_index="7" m_a="1.500000" m_b="0.000000" m_c="0.000000" m_d="1.500000" m_tx="-16.920687" m_ty="-24.057816"/>
   <element name="tarp" layername="tar" frame="0" z_index="5" m_a="1.500000" m_b="0.000000" m_c="0.000000" m_d="1.500000" m_tx="-9.973950" m_ty="6.156996"/>
   <element name="grass" layername="shado" frame="1" z_index="6" m_a="1.500000" m_b="0.000000" m_c="0.000000" m_d="1.500000" m_tx="-25.714779" m_ty="-9.218848"/>
  </frame>
  <frame idx="850" w="591" h="550" x="-70.068039" y="-131.438446">
   <element name="cutstone" layername="ston" frame="0" z_index="8" m_a="1.500000" m_b="0.000000" m_c="0.000000" m_d="1.500000" m_tx="-6.993481" m_ty="-10.468909"/>
   <element name="dirt" layername="dir" frame="0" z_index="7" m_a="1.500000" m_b="0.000000" m_c="0.000000" m_d="1.500000" m_tx="-16.920687" m_ty="-24.057816"/>
   <element name="tarp" layername="tar" frame="0" z_index="5" m_a="1.500000" m_b="0.000000" m_c="0.000000" m_d="1.500000" m_tx="-9.973950" m_ty="6.156996"/>
   <element name="grass" layername="shado" frame="1" z_index="6" m_a="1.500000" m_b="0.000000" m_c="0.000000" m_d="1.500000" m_tx="-25.714779" m_ty="-9.218848"/>
  </frame>
  <frame idx="875" w="591" h="550" x="-70.068039" y="-131.438446">
   <element name="cutstone" layername="ston" frame="0" z_index="8" m_a="1.500000" m_b="0.000000" m_c="0.000000" m_d="1.500000" m_tx="-6.993481" m_ty="-10.468909"/>
   <element name="dirt" layername="dir" frame="0" z_index="7" m_a="1.500000" m_b="0.000000" m_c="0.000000" m_d="1.500000" m_tx="-16.920687" m_ty="-24.057816"/>
   <element name="tarp" layername="tar" frame="0" z_index="5" m_a="1.500000" m_b="0.000000" m_c="0.000000" m_d="1.500000" m_tx="-9.973950" m_ty="6.156996"/>
   <element name="grass" layername="shado" frame="1" z_index="6" m_a="1.500000" m_b="0.000000" m_c="0.000000" m_d="1.500000" m_tx="-25.714779" m_ty="-9.218848"/>
  </frame>
  <frame idx="900" w="591" h="550" x="-70.068039" y="-131.438446">
   <element name="cutstone" layername="ston" frame="0" z_index="8" m_a="1.500000" m_b="0.000000" m_c="0.000000" m_d="1.500000" m_tx="-6.993481" m_ty="-10.468909"/>
   <element name="dirt" layername="dir" frame="0" z_index="7" m_a="1.500000" m_b="0.000000" m_c="0.000000" m_d="1.500000" m_tx="-16.920687" m_ty="-24.057816"/>
   <element name="tarp" layername="tar" frame="0" z_index="5" m_a="1.500000" m_b="0.000000" m_c="0.000000" m_d="1.500000" m_tx="-9.973950" m_ty="6.156996"/>
   <element name="grass" layername="shado" frame="1" z_index="6" m_a="1.500000" m_b="0.000000" m_c="0.000000" m_d="1.500000" m_tx="-25.714779" m_ty="-9.218848"/>
  </frame>
  <frame idx="925" w="591" h="550" x="-70.068039" y="-131.438446">
   <element name="cutstone" layername="ston" frame="0" z_index="8" m_a="1.500000" m_b="0.000000" m_c="0.000000" m_d="1.500000" m_tx="-6.993481" m_ty="-10.468909"/>
   <element name="dirt" layername="dir" frame="0" z_index="7" m_a="1.500000" m_b="0.000000" m_c="0.000000" m_d="1.500000" m_tx="-16.920687" m_ty="-24.057816"/>
   <element name="tarp" layername="tar" frame="0" z_index="5" m_a="1.500000" m_b="0.000000" m_c="0.000000" m_d="1.500000" m_tx="-9.973950" m_ty="6.156996"/>
   <element name="grass" layername="shado" frame="1" z_index="6" m_a="1.500000" m_b="0.000000" m_c="0.000000" m_d="1.500000" m_tx="-25.714779" m_ty="-9.218848"/>
  </frame>
  <frame idx="950" w="591" h="550" x="-70.068039" y="-131.438446">
   <element name="cutstone" layername="ston" frame="0" z_index="8" m_a="1.500000" m_b="0.000000" m_c="0.000000" m_d="1.500000" m_tx="-6.993481" m_ty="-10.468909"/>
   <element name="dirt" layername="dir" frame="0" z_index="7" m_a="1.500000" m_b="0.000000" m_c="0.000000" m_d="1.500000" m_tx="-16.920687" m_ty="-24.057816"/>
   <element name="tarp" layername="tar" frame="0" z_index="5" m_a="1.500000" m_b="0.000000" m_c="0.000000" m_d="1.500000" m_tx="-9.973950" m_ty="6.156996"/>
   <element name="grass" layername="shado" frame="1" z_index="6" m_a="1.500000" m_b="0.000000" m_c="0.000000" m_d="1.500000" m_tx="-25.714779" m_ty="-9.218848"/>
  </frame>
  <frame idx="975" w="591" h="550" x="-70.068039" y="-131.438446">
   <element name="cutstone" layername="ston" frame="0" z_index="8" m_a="1.500000" m_b="0.000000" m_c="0.000000" m_d="1.500000" m_tx="-6.993481" m_ty="-10.468909"/>
   <element name="dirt" layername="dir" frame="0" z_index="7" m_a="1.500000" m_b="0.000000" m_c="0.000000" m_d="1.500000" m_tx="-16.920687" m_ty="-24.057816"/>
   <element name="tarp" layername="tar" frame="0" z_index="5" m_a="1.500000" m_b="0.000000" m_c="0.000000" m_d="1.500000" m_tx="-9.973950" m_ty="6.156996"/>
   <element name="grass" layername="shado" frame="1" z_index="6" m_a="1.500000" m_b="0.000000" m_c="0.000000" m_d="1.500000" m_tx="-25.714779" m_ty="-9.218848"/>
  </frame>
 </anim>
</Anims>
