<Anims>
 <anim name="blind_loop" root="snow_drift" numframes="525" framerate="40">
  <frame idx="0" w="5423" h="3080" x="-451.995453" y="-256.997437">
   <element name="gradient2" layername="gradient2" frame="0" z_index="9" m_a="4.648350" m_b="0.000000" m_c="0.000000" m_d="4.648350" m_tx="0.000000" m_ty="0.000000"/>
  </frame>
  <frame idx="25" w="5595" h="3178" x="-466.421783" y="-264.997375">
   <element name="gradient2" layername="gradient2" frame="0" z_index="9" m_a="4.796247" m_b="0.000000" m_c="0.000000" m_d="4.796247" m_tx="0.073529" m_ty="0.000000"/>
  </frame>
  <frame idx="50" w="5771" h="3278" x="-480.870941" y="-273.545288">
   <element name="gradient2" layername="gradient2" frame="0" z_index="9" m_a="4.947056" m_b="0.000000" m_c="0.000000" m_d="4.947066" m_tx="0.124242" m_ty="-0.048000"/>
  </frame>
  <frame idx="75" w="5949" h="3380" x="-495.881378" y="-282.072205">
   <element name="gradient2" layername="gradient2" frame="0" z_index="9" m_a="5.099482" m_b="0.000000" m_c="0.000000" m_d="5.099501" m_tx="0.113636" m_ty="-0.075000"/>
  </frame>
  <frame idx="100" w="6126" h="3481" x="-510.494873" y="-290.497101">
   <element name="gradient2" layername="gradient2" frame="0" z_index="9" m_a="5.251860" m_b="0.000000" m_c="0.000000" m_d="5.251880" m_tx="0.000000" m_ty="0.000000"/>
  </frame>
  <frame idx="125" w="5955" h="3382" x="-496.495026" y="-281.997192">
   <element name="gradient2" layername="gradient2" frame="0" z_index="9" m_a="5.103963" m_b="0.000000" m_c="0.000000" m_d="5.103983" m_tx="0.000000" m_ty="0.000000"/>
  </frame>
  <frame idx="150" w="5778" h="3283" x="-481.495148" y="-273.997284">
   <element name="gradient2" layername="gradient2" frame="0" z_index="9" m_a="4.953154" m_b="0.000000" m_c="0.000000" m_d="4.953164" m_tx="0.000000" m_ty="0.000000"/>
  </frame>
  <frame idx="175" w="5601" h="3182" x="-466.995300" y="-265.497375">
   <element name="gradient2" layername="gradient2" frame="0" z_index="9" m_a="4.800729" m_b="0.000000" m_c="0.000000" m_d="4.800729" m_tx="0.000000" m_ty="0.000000"/>
  </frame>
  <frame idx="200" w="5423" h="3080" x="-451.995453" y="-256.997437">
   <element name="gradient2" layername="gradient2" frame="0" z_index="9" m_a="4.648350" m_b="0.000000" m_c="0.000000" m_d="4.648350" m_tx="0.000000" m_ty="0.000000"/>
  </frame>
  <frame idx="225" w="5536" h="3145" x="-461.495361" y="-262.497406">
   <element name="gradient2" layername="gradient2" frame="0" z_index="9" m_a="4.745152" m_b="0.000000" m_c="0.000000" m_d="4.745152" m_tx="0.000000" m_ty="0.000000"/>
  </frame>
  <frame idx="250" w="5651" h="3209" x="-470.971039" y="-267.497345">
   <element name="gradient2" layername="gradient2" frame="0" z_index="9" m_a="4.843831" m_b="0.000000" m_c="0.000000" m_d="4.843831" m_tx="0.024242" m_ty="0.000000"/>
  </frame>
  <frame idx="275" w="5768" h="3275" x="-480.957306" y="-272.997284">
   <element name="gradient2" layername="gradient2" frame="0" z_index="9" m_a="4.943565" m_b="0.000000" m_c="0.000000" m_d="4.943570" m_tx="0.037879" m_ty="0.000000"/>
  </frame>
  <frame idx="300" w="5884" h="3341" x="-490.495087" y="-278.497223">
   <element name="gradient2" layername="gradient2" frame="0" z_index="9" m_a="5.043300" m_b="0.000000" m_c="0.000000" m_d="5.043320" m_tx="0.000000" m_ty="0.000000"/>
  </frame>
  <frame idx="325" w="5770" h="3278" x="-480.995178" y="-273.497284">
   <element name="gradient2" layername="gradient2" frame="0" z_index="9" m_a="4.946499" m_b="0.000000" m_c="0.000000" m_d="4.946504" m_tx="0.000000" m_ty="0.000000"/>
  </frame>
  <frame idx="350" w="5656" h="3212" x="-471.495270" y="-267.997345">
   <element name="gradient2" layername="gradient2" frame="0" z_index="9" m_a="4.847820" m_b="0.000000" m_c="0.000000" m_d="4.847820" m_tx="0.000000" m_ty="0.000000"/>
  </frame>
  <frame idx="375" w="5540" h="3146" x="-461.995361" y="-262.497406">
   <element name="gradient2" layername="gradient2" frame="0" z_index="9" m_a="4.748085" m_b="0.000000" m_c="0.000000" m_d="4.748085" m_tx="0.000000" m_ty="0.000000"/>
  </frame>
  <frame idx="400" w="5423" h="3080" x="-451.995453" y="-256.997437">
   <element name="gradient2" layername="gradient2" frame="0" z_index="9" m_a="4.648350" m_b="0.000000" m_c="0.000000" m_d="4.648350" m_tx="0.000000" m_ty="0.000000"/>
  </frame>
  <frame idx="425" w="5542" h="3148" x="-461.958588" y="-262.497375">
   <element name="gradient2" layername="gradient2" frame="0" z_index="9" m_a="4.750401" m_b="0.000000" m_c="0.000000" m_d="4.750401" m_tx="0.036765" m_ty="0.000000"/>
  </frame>
  <frame idx="450" w="5663" h="3217" x="-471.969513" y="-268.497345">
   <element name="gradient2" layername="gradient2" frame="0" z_index="9" m_a="4.854432" m_b="0.000000" m_c="0.000000" m_d="4.854432" m_tx="0.025758" m_ty="0.000000"/>
  </frame>
  <frame idx="475" w="5708" h="3242" x="-475.995209" y="-270.497314">
   <element name="gradient2" layername="gradient2" frame="0" z_index="9" m_a="4.892284" m_b="0.000000" m_c="0.000000" m_d="4.892284" m_tx="0.000000" m_ty="0.000000"/>
  </frame>
  <frame idx="500" w="5585" h="3172" x="-465.495331" y="-264.497375">
   <element name="gradient2" layername="gradient2" frame="0" z_index="9" m_a="4.787140" m_b="0.000000" m_c="0.000000" m_d="4.787140" m_tx="0.000000" m_ty="0.000000"/>
  </frame>
 </anim>
 <anim name="snow_loop" root="snow_drift" numframes="250" framerate="40">
  <frame idx="0" w="7315" h="4491" x="-3132.291748" y="-2008.044189">
   <element name="sand_texture2" layername="sand_texture2" frame="0" z_index="2" m_a="1.402280" m_b="-0.000000" m_c="-0.000000" m_d="-1.954770" m_tx="-982.598999" m_ty="-149.848999"/>
   <element name="sand_texture2" layername="sand_texture2" frame="0" z_index="3" m_a="1.402280" m_b="-0.000000" m_c="-0.000000" m_d="-1.954770" m_tx="-326.998993" m_ty="-149.899002"/>
   <element name="sand_texture2" layername="sand_texture2_2" frame="0" z_index="4" m_a="1.402280" m_b="-0.000000" m_c="-0.000000" m_d="-1.954770" m_tx="919.150024" m_ty="-149.899002"/>
   <element name="sand_texture2" layername="sand_texture2_3" frame="0" z_index="5" m_a="1.402280" m_b="-0.000000" m_c="-0.000000" m_d="-1.954770" m_tx="267.399994" m_ty="-149.899002"/>
   <element name="sand_texture2" layername="sand_texture2_4" frame="0" z_index="6" m_a="2.687090" m_b="0.000000" m_c="0.000000" m_d="2.777650" m_tx="-2503.550049" m_ty="261.799988"/>
   <element name="sand_texture2" layername="sand_texture2_5" frame="0" z_index="7" m_a="2.687090" m_b="0.000000" m_c="0.000000" m_d="2.777650" m_tx="-1263.449951" m_ty="261.850006"/>
   <element name="sand_texture2" layername="sand_texture2_6" frame="0" z_index="8" m_a="2.687090" m_b="0.000000" m_c="0.000000" m_d="2.777650" m_tx="1215.800049" m_ty="261.850006"/>
   <element name="sand_texture2" layername="sand_texture2_7" frame="0" z_index="9" m_a="2.687090" m_b="0.000000" m_c="0.000000" m_d="2.777650" m_tx="-24.349001" m_ty="261.850006"/>
  </frame>
  <frame idx="25" w="7340" h="4517" x="-3058.266602" y="-1934.219238">
   <element name="sand_texture2" layername="sand_texture2" frame="0" z_index="2" m_a="1.402280" m_b="-0.000000" m_c="-0.000000" m_d="-1.954770" m_tx="-906.773987" m_ty="-146.998993"/>
   <element name="sand_texture2" layername="sand_texture2" frame="0" z_index="3" m_a="1.402280" m_b="-0.000000" m_c="-0.000000" m_d="-1.954770" m_tx="-250.574005" m_ty="-147.048996"/>
   <element name="sand_texture2" layername="sand_texture2_2" frame="0" z_index="4" m_a="1.402280" m_b="-0.000000" m_c="-0.000000" m_d="-1.954770" m_tx="981.674988" m_ty="-147.048996"/>
   <element name="sand_texture2" layername="sand_texture2_3" frame="0" z_index="5" m_a="1.402280" m_b="-0.000000" m_c="-0.000000" m_d="-1.954770" m_tx="351.575012" m_ty="-147.048996"/>
   <element name="sand_texture2" layername="sand_texture2_4" frame="0" z_index="6" m_a="2.687090" m_b="0.000000" m_c="0.000000" m_d="2.777650" m_tx="-2427.524902" m_ty="258.024994"/>
   <element name="sand_texture2" layername="sand_texture2_5" frame="0" z_index="7" m_a="2.687090" m_b="0.000000" m_c="0.000000" m_d="2.777650" m_tx="-1184.949951" m_ty="258.075012"/>
   <element name="sand_texture2" layername="sand_texture2_6" frame="0" z_index="8" m_a="2.687090" m_b="0.000000" m_c="0.000000" m_d="2.777650" m_tx="1313.074951" m_ty="258.075012"/>
   <element name="sand_texture2" layername="sand_texture2_7" frame="0" z_index="9" m_a="2.687090" m_b="0.000000" m_c="0.000000" m_d="2.777650" m_tx="31.025000" m_ty="258.075012"/>
  </frame>
  <frame idx="50" w="7342" h="4554" x="-2959.391602" y="-1867.894165">
   <element name="sand_texture2" layername="sand_texture2" frame="0" z_index="2" m_a="1.402280" m_b="-0.000000" m_c="-0.000000" m_d="-1.954770" m_tx="-837.448975" m_ty="-142.748993"/>
   <element name="sand_texture2" layername="sand_texture2" frame="0" z_index="3" m_a="1.402280" m_b="-0.000000" m_c="-0.000000" m_d="-1.954770" m_tx="-185.899002" m_ty="-142.798996"/>
   <element name="sand_texture2" layername="sand_texture2_2" frame="0" z_index="4" m_a="1.402280" m_b="-0.000000" m_c="-0.000000" m_d="-1.954770" m_tx="1046.300049" m_ty="-142.798996"/>
   <element name="sand_texture2" layername="sand_texture2_3" frame="0" z_index="5" m_a="1.402280" m_b="-0.000000" m_c="-0.000000" m_d="-1.954770" m_tx="433.850006" m_ty="-142.798996"/>
   <element name="sand_texture2" layername="sand_texture2_4" frame="0" z_index="6" m_a="2.687090" m_b="0.000000" m_c="0.000000" m_d="2.777650" m_tx="-2328.649902" m_ty="252.750000"/>
   <element name="sand_texture2" layername="sand_texture2_5" frame="0" z_index="7" m_a="2.687090" m_b="0.000000" m_c="0.000000" m_d="2.777650" m_tx="-1092.800049" m_ty="252.800003"/>
   <element name="sand_texture2" layername="sand_texture2_6" frame="0" z_index="8" m_a="2.687090" m_b="0.000000" m_c="0.000000" m_d="2.777650" m_tx="1413.900024" m_ty="252.800003"/>
   <element name="sand_texture2" layername="sand_texture2_7" frame="0" z_index="9" m_a="2.687090" m_b="0.000000" m_c="0.000000" m_d="2.777650" m_tx="106.900002" m_ty="252.800003"/>
  </frame>
  <frame idx="75" w="7319" h="4612" x="-2832.791748" y="-1815.369263">
   <element name="sand_texture2" layername="sand_texture2" frame="0" z_index="2" m_a="1.402280" m_b="-0.000000" m_c="-0.000000" m_d="-1.954770" m_tx="-779.924011" m_ty="-137.348999"/>
   <element name="sand_texture2" layername="sand_texture2" frame="0" z_index="3" m_a="1.402280" m_b="-0.000000" m_c="-0.000000" m_d="-1.954770" m_tx="-133.649002" m_ty="-137.398987"/>
   <element name="sand_texture2" layername="sand_texture2_2" frame="0" z_index="4" m_a="1.402280" m_b="-0.000000" m_c="-0.000000" m_d="-1.954770" m_tx="1113.600098" m_ty="-137.398987"/>
   <element name="sand_texture2" layername="sand_texture2_3" frame="0" z_index="5" m_a="1.402280" m_b="-0.000000" m_c="-0.000000" m_d="-1.954770" m_tx="504.475006" m_ty="-137.398987"/>
   <element name="sand_texture2" layername="sand_texture2_4" frame="0" z_index="6" m_a="2.687090" m_b="0.000000" m_c="0.000000" m_d="2.777650" m_tx="-2204.050049" m_ty="246.024994"/>
   <element name="sand_texture2" layername="sand_texture2_5" frame="0" z_index="7" m_a="2.687090" m_b="0.000000" m_c="0.000000" m_d="2.777650" m_tx="-972.924500" m_ty="246.074997"/>
   <element name="sand_texture2" layername="sand_texture2_6" frame="0" z_index="8" m_a="2.687090" m_b="0.000000" m_c="0.000000" m_d="2.777650" m_tx="1519.275024" m_ty="246.074997"/>
   <element name="sand_texture2" layername="sand_texture2_7" frame="0" z_index="9" m_a="2.687090" m_b="0.000000" m_c="0.000000" m_d="2.777650" m_tx="209.600006" m_ty="246.074997"/>
  </frame>
  <frame idx="100" w="7282" h="4688" x="-2689.541748" y="-1775.344238">
   <element name="sand_texture2" layername="sand_texture2" frame="0" z_index="2" m_a="1.402280" m_b="-0.000000" m_c="-0.000000" m_d="-1.954770" m_tx="-733.398987" m_ty="-131.498993"/>
   <element name="sand_texture2" layername="sand_texture2" frame="0" z_index="3" m_a="1.402280" m_b="-0.000000" m_c="-0.000000" m_d="-1.954770" m_tx="-88.799004" m_ty="-131.548996"/>
   <element name="sand_texture2" layername="sand_texture2_2" frame="0" z_index="4" m_a="1.402280" m_b="-0.000000" m_c="-0.000000" m_d="-1.954770" m_tx="1183.150024" m_ty="-131.548996"/>
   <element name="sand_texture2" layername="sand_texture2_3" frame="0" z_index="5" m_a="1.402280" m_b="-0.000000" m_c="-0.000000" m_d="-1.954770" m_tx="559.549988" m_ty="-131.548996"/>
   <element name="sand_texture2" layername="sand_texture2_4" frame="0" z_index="6" m_a="2.687090" m_b="0.000000" m_c="0.000000" m_d="2.777650" m_tx="-2063.800049" m_ty="238.300003"/>
   <element name="sand_texture2" layername="sand_texture2_5" frame="0" z_index="7" m_a="2.687090" m_b="0.000000" m_c="0.000000" m_d="2.777650" m_tx="-826.999023" m_ty="238.350006"/>
   <element name="sand_texture2" layername="sand_texture2_6" frame="0" z_index="8" m_a="2.687090" m_b="0.000000" m_c="0.000000" m_d="2.777650" m_tx="1628.400024" m_ty="238.350006"/>
   <element name="sand_texture2" layername="sand_texture2_7" frame="0" z_index="9" m_a="2.687090" m_b="0.000000" m_c="0.000000" m_d="2.777650" m_tx="333.549988" m_ty="238.350006"/>
  </frame>
  <frame idx="125" w="7239" h="5159" x="-2535.941895" y="-2094.294678">
   <element name="sand_texture2" layername="sand_texture2" frame="0" z_index="2" m_a="1.402280" m_b="-0.000000" m_c="-0.000000" m_d="-1.954770" m_tx="-1013.349487" m_ty="-135.149002"/>
   <element name="sand_texture2" layername="sand_texture2" frame="0" z_index="3" m_a="1.402280" m_b="-0.000000" m_c="-0.000000" m_d="-1.954770" m_tx="-366.174011" m_ty="-135.199005"/>
   <element name="sand_texture2" layername="sand_texture2_2" frame="0" z_index="4" m_a="1.402280" m_b="-0.000000" m_c="-0.000000" m_d="-1.954770" m_tx="927.625000" m_ty="-135.199005"/>
   <element name="sand_texture2" layername="sand_texture2_3" frame="0" z_index="5" m_a="1.402280" m_b="-0.000000" m_c="-0.000000" m_d="-1.954770" m_tx="280.450500" m_ty="-135.199005"/>
   <element name="sand_texture2" layername="sand_texture2_4" frame="0" z_index="6" m_a="2.687090" m_b="0.000000" m_c="0.000000" m_d="2.777650" m_tx="-1913.699951" m_ty="229.699997"/>
   <element name="sand_texture2" layername="sand_texture2_5" frame="0" z_index="7" m_a="2.687090" m_b="0.000000" m_c="0.000000" m_d="2.777650" m_tx="-661.999023" m_ty="229.750000"/>
   <element name="sand_texture2" layername="sand_texture2_6" frame="0" z_index="8" m_a="2.687090" m_b="0.000000" m_c="0.000000" m_d="2.777650" m_tx="1742.275024" m_ty="229.750000"/>
   <element name="sand_texture2" layername="sand_texture2_7" frame="0" z_index="9" m_a="2.687090" m_b="0.000000" m_c="0.000000" m_d="2.777650" m_tx="480.525024" m_ty="229.750000"/>
  </frame>
  <frame idx="150" w="7202" h="5636" x="-2383.991699" y="-2413.245117">
   <element name="sand_texture2" layername="sand_texture2" frame="0" z_index="2" m_a="1.402280" m_b="-0.000000" m_c="-0.000000" m_d="-1.954770" m_tx="-1292.300049" m_ty="-138.649002"/>
   <element name="sand_texture2" layername="sand_texture2" frame="0" z_index="3" m_a="1.402280" m_b="-0.000000" m_c="-0.000000" m_d="-1.954770" m_tx="-643.049011" m_ty="-138.699005"/>
   <element name="sand_texture2" layername="sand_texture2_2" frame="0" z_index="4" m_a="1.402280" m_b="-0.000000" m_c="-0.000000" m_d="-1.954770" m_tx="657.799988" m_ty="-138.699005"/>
   <element name="sand_texture2" layername="sand_texture2_3" frame="0" z_index="5" m_a="1.402280" m_b="-0.000000" m_c="-0.000000" m_d="-1.954770" m_tx="-5.349000" m_ty="-138.699005"/>
   <element name="sand_texture2" layername="sand_texture2_4" frame="0" z_index="6" m_a="2.687090" m_b="0.000000" m_c="0.000000" m_d="2.777650" m_tx="-1764.750000" m_ty="220.699997"/>
   <element name="sand_texture2" layername="sand_texture2_5" frame="0" z_index="7" m_a="2.687090" m_b="0.000000" m_c="0.000000" m_d="2.777650" m_tx="-505.598999" m_ty="220.750000"/>
   <element name="sand_texture2" layername="sand_texture2_6" frame="0" z_index="8" m_a="2.687090" m_b="0.000000" m_c="0.000000" m_d="2.777650" m_tx="1860.099976" m_ty="220.750000"/>
   <element name="sand_texture2" layername="sand_texture2_7" frame="0" z_index="9" m_a="2.687090" m_b="0.000000" m_c="0.000000" m_d="2.777650" m_tx="639.349976" m_ty="220.750000"/>
  </frame>
  <frame idx="175" w="7185" h="5724" x="-2245.966797" y="-2371.570313">
   <element name="sand_texture2" layername="sand_texture2" frame="0" z_index="2" m_a="1.402280" m_b="-0.000000" m_c="-0.000000" m_d="-1.954770" m_tx="-1243.625000" m_ty="-141.899002"/>
   <element name="sand_texture2" layername="sand_texture2" frame="0" z_index="3" m_a="1.402280" m_b="-0.000000" m_c="-0.000000" m_d="-1.954770" m_tx="-597.299011" m_ty="-141.949005"/>
   <element name="sand_texture2" layername="sand_texture2_2" frame="0" z_index="4" m_a="1.402280" m_b="-0.000000" m_c="-0.000000" m_d="-1.954770" m_tx="709.950012" m_ty="-141.949005"/>
   <element name="sand_texture2" layername="sand_texture2_3" frame="0" z_index="5" m_a="1.402280" m_b="-0.000000" m_c="-0.000000" m_d="-1.954770" m_tx="31.450001" m_ty="-141.949005"/>
   <element name="sand_texture2" layername="sand_texture2_4" frame="0" z_index="6" m_a="2.687090" m_b="0.000000" m_c="0.000000" m_d="2.777650" m_tx="-1628.224976" m_ty="219.875000"/>
   <element name="sand_texture2" layername="sand_texture2_5" frame="0" z_index="7" m_a="2.687090" m_b="0.000000" m_c="0.000000" m_d="2.777650" m_tx="-376.123993" m_ty="219.924988"/>
   <element name="sand_texture2" layername="sand_texture2_6" frame="0" z_index="8" m_a="2.687090" m_b="0.000000" m_c="0.000000" m_d="2.777650" m_tx="1982.925049" m_ty="219.924988"/>
   <element name="sand_texture2" layername="sand_texture2_7" frame="0" z_index="9" m_a="2.687090" m_b="0.000000" m_c="0.000000" m_d="2.777650" m_tx="799.099976" m_ty="219.924988"/>
  </frame>
  <frame idx="200" w="7193" h="5805" x="-2126.491699" y="-2318.595215">
   <element name="sand_texture2" layername="sand_texture2" frame="0" z_index="2" m_a="1.402280" m_b="-0.000000" m_c="-0.000000" m_d="-1.954770" m_tx="-1183.650024" m_ty="-144.798996"/>
   <element name="sand_texture2" layername="sand_texture2" frame="0" z_index="3" m_a="1.402280" m_b="-0.000000" m_c="-0.000000" m_d="-1.954770" m_tx="-541.049011" m_ty="-144.848999"/>
   <element name="sand_texture2" layername="sand_texture2_2" frame="0" z_index="4" m_a="1.402280" m_b="-0.000000" m_c="-0.000000" m_d="-1.954770" m_tx="764.000000" m_ty="-144.848999"/>
   <element name="sand_texture2" layername="sand_texture2_3" frame="0" z_index="5" m_a="1.402280" m_b="-0.000000" m_c="-0.000000" m_d="-1.954770" m_tx="79.400002" m_ty="-144.848999"/>
   <element name="sand_texture2" layername="sand_texture2_4" frame="0" z_index="6" m_a="2.687090" m_b="0.000000" m_c="0.000000" m_d="2.777650" m_tx="-1508.250000" m_ty="235.250000"/>
   <element name="sand_texture2" layername="sand_texture2_5" frame="0" z_index="7" m_a="2.687090" m_b="0.000000" m_c="0.000000" m_d="2.777650" m_tx="-267.299011" m_ty="235.300003"/>
   <element name="sand_texture2" layername="sand_texture2_6" frame="0" z_index="8" m_a="2.687090" m_b="0.000000" m_c="0.000000" m_d="2.777650" m_tx="2109.800049" m_ty="235.300003"/>
   <element name="sand_texture2" layername="sand_texture2_7" frame="0" z_index="9" m_a="2.687090" m_b="0.000000" m_c="0.000000" m_d="2.777650" m_tx="945.599976" m_ty="235.300003"/>
  </frame>
  <frame idx="225" w="7239" h="5878" x="-2035.941772" y="-2253.170166">
   <element name="sand_texture2" layername="sand_texture2" frame="0" z_index="2" m_a="1.402280" m_b="-0.000000" m_c="-0.000000" m_d="-1.954770" m_tx="-1112.224976" m_ty="-147.223999"/>
   <element name="sand_texture2" layername="sand_texture2" frame="0" z_index="3" m_a="1.402280" m_b="-0.000000" m_c="-0.000000" m_d="-1.954770" m_tx="-468.299011" m_ty="-147.273987"/>
   <element name="sand_texture2" layername="sand_texture2_2" frame="0" z_index="4" m_a="1.402280" m_b="-0.000000" m_c="-0.000000" m_d="-1.954770" m_tx="820.424988" m_ty="-147.273987"/>
   <element name="sand_texture2" layername="sand_texture2_3" frame="0" z_index="5" m_a="1.402280" m_b="-0.000000" m_c="-0.000000" m_d="-1.954770" m_tx="141.375000" m_ty="-147.273987"/>
   <element name="sand_texture2" layername="sand_texture2_4" frame="0" z_index="6" m_a="2.687090" m_b="0.000000" m_c="0.000000" m_d="2.777650" m_tx="-1413.699951" m_ty="248.375000"/>
   <element name="sand_texture2" layername="sand_texture2_5" frame="0" z_index="7" m_a="2.687090" m_b="0.000000" m_c="0.000000" m_d="2.777650" m_tx="-178.223999" m_ty="248.424988"/>
   <element name="sand_texture2" layername="sand_texture2_6" frame="0" z_index="8" m_a="2.687090" m_b="0.000000" m_c="0.000000" m_d="2.777650" m_tx="2241.949951" m_ty="248.424988"/>
   <element name="sand_texture2" layername="sand_texture2_7" frame="0" z_index="9" m_a="2.687090" m_b="0.000000" m_c="0.000000" m_d="2.777650" m_tx="1059.400024" m_ty="248.424988"/>
  </frame>
 </anim>
</Anims>
