<Anims>
 <anim name="idle" root="toonie" numframes="200" framerate="40">
  <frame idx="0" w="206" h="95" x="-15.165869" y="-24.109009">
   <element name="coin" layername="coin" frame="0" z_index="3" m_a="1.000000" m_b="0.000000" m_c="0.000000" m_d="1.000000" m_tx="0.842844" m_ty="10.448372"/>
  </frame>
  <frame idx="25" w="206" h="95" x="-15.165869" y="-24.109009">
   <element name="coin" layername="coin" frame="0" z_index="3" m_a="1.000000" m_b="0.000000" m_c="0.000000" m_d="1.000000" m_tx="0.842844" m_ty="10.448372"/>
  </frame>
  <frame idx="50" w="206" h="95" x="-15.165869" y="-24.109009">
   <element name="coin" layername="coin" frame="0" z_index="3" m_a="1.000000" m_b="0.000000" m_c="0.000000" m_d="1.000000" m_tx="0.842844" m_ty="10.448372"/>
  </frame>
  <frame idx="75" w="206" h="95" x="-15.165869" y="-24.109009">
   <element name="coin" layername="coin" frame="0" z_index="3" m_a="1.000000" m_b="0.000000" m_c="0.000000" m_d="1.000000" m_tx="0.842844" m_ty="10.448372"/>
  </frame>
  <frame idx="100" w="206" h="95" x="-15.165869" y="-24.109009">
   <element name="coin" layername="coin" frame="0" z_index="3" m_a="1.000000" m_b="0.000000" m_c="0.000000" m_d="1.000000" m_tx="0.842844" m_ty="10.448372"/>
  </frame>
  <frame idx="125" w="206" h="95" x="-15.165869" y="-24.109009">
   <element name="coin" layername="coin" frame="0" z_index="3" m_a="1.000000" m_b="0.000000" m_c="0.000000" m_d="1.000000" m_tx="0.842844" m_ty="10.448372"/>
  </frame>
  <frame idx="150" w="206" h="95" x="-15.165869" y="-24.109009">
   <element name="coin" layername="coin" frame="0" z_index="3" m_a="1.000000" m_b="0.000000" m_c="0.000000" m_d="1.000000" m_tx="0.842844" m_ty="10.448372"/>
  </frame>
  <frame idx="175" w="206" h="95" x="-15.165869" y="-24.109009">
   <element name="coin" layername="coin" frame="0" z_index="3" m_a="1.000000" m_b="0.000000" m_c="0.000000" m_d="1.000000" m_tx="0.842844" m_ty="10.448372"/>
  </frame>
 </anim>
 <anim name="sparkle" root="toonie" numframes="600" framerate="40">
  <frame idx="0" w="206" h="106" x="-15.165869" y="-25.109009">
   <element name="coin" layername="coin" frame="0" z_index="3" m_a="1.000000" m_b="0.000000" m_c="0.000000" m_d="1.000000" m_tx="0.842844" m_ty="10.448372"/>
   <element name="sparkle" layername="sparkle" frame="0" z_index="2" m_a="0.050000" m_b="0.000000" m_c="0.000000" m_d="0.050000" m_tx="62.085308" m_ty="-15.639810"/>
  </frame>
  <frame idx="25" w="206" h="121" x="-15.165869" y="-26.609009">
   <element name="coin" layername="coin" frame="0" z_index="3" m_a="1.000000" m_b="0.000000" m_c="0.000000" m_d="1.000000" m_tx="0.842844" m_ty="10.448372"/>
   <element name="sparkle" layername="sparkle" frame="0" z_index="2" m_a="0.081882" m_b="0.030849" m_c="-0.030849" m_d="0.081882" m_tx="62.085308" m_ty="-15.639810"/>
  </frame>
  <frame idx="50" w="206" h="137" x="-15.165869" y="-27.635237">
   <element name="coin" layername="coin" frame="0" z_index="3" m_a="1.000000" m_b="0.000000" m_c="0.000000" m_d="1.000000" m_tx="0.842844" m_ty="10.448372"/>
   <element name="sparkle" layername="sparkle" frame="0" z_index="2" m_a="0.093926" m_b="0.082480" m_c="-0.082480" m_d="0.093926" m_tx="62.085308" m_ty="-15.639810"/>
  </frame>
  <frame idx="75" w="206" h="149" x="-15.165869" y="-29.015011">
   <element name="coin" layername="coin" frame="0" z_index="3" m_a="1.000000" m_b="0.000000" m_c="0.000000" m_d="1.000000" m_tx="0.842844" m_ty="10.448372"/>
   <element name="sparkle" layername="sparkle" frame="0" z_index="2" m_a="0.076461" m_b="0.143388" m_c="-0.143388" m_d="0.076461" m_tx="62.085308" m_ty="-15.639810"/>
  </frame>
  <frame idx="100" w="206" h="153" x="-15.165869" y="-29.863138">
   <element name="coin" layername="coin" frame="0" z_index="3" m_a="1.000000" m_b="0.000000" m_c="0.000000" m_d="1.000000" m_tx="0.842844" m_ty="10.448372"/>
   <element name="sparkle" layername="sparkle" frame="0" z_index="2" m_a="0.025845" m_b="0.198323" m_c="-0.198323" m_d="0.025845" m_tx="62.085308" m_ty="-15.639810"/>
  </frame>
  <frame idx="125" w="206" h="143" x="-15.165869" y="-29.076252">
   <element name="coin" layername="coin" frame="0" z_index="3" m_a="1.000000" m_b="0.000000" m_c="0.000000" m_d="1.000000" m_tx="0.842844" m_ty="10.448372"/>
   <element name="sparkle" layername="sparkle" frame="0" z_index="2" m_a="-0.056770" m_b="0.230615" m_c="-0.230615" m_d="-0.056770" m_tx="62.085308" m_ty="-15.639810"/>
  </frame>
  <frame idx="150" w="226" h="116" x="-33.096516" y="-27.016546">
   <element name="coin" layername="coin" frame="0" z_index="3" m_a="1.000000" m_b="0.000000" m_c="0.000000" m_d="1.000000" m_tx="0.842844" m_ty="10.448372"/>
   <element name="sparkle" layername="sparkle" frame="0" z_index="2" m_a="-0.167504" m_b="0.218100" m_c="-0.218100" m_d="-0.167504" m_tx="62.085308" m_ty="-15.639810"/>
  </frame>
  <frame idx="175" w="238" h="95" x="-43.690594" y="-24.614914">
   <element name="coin" layername="coin" frame="0" z_index="3" m_a="1.000000" m_b="0.000000" m_c="0.000000" m_d="1.000000" m_tx="0.842844" m_ty="10.448372"/>
   <element name="sparkle" layername="sparkle" frame="0" z_index="2" m_a="-0.273899" m_b="0.150451" m_c="-0.150451" m_d="-0.273899" m_tx="62.085308" m_ty="-15.639810"/>
  </frame>
  <frame idx="200" w="230" h="95" x="-36.395691" y="-24.109009">
   <element name="coin" layername="coin" frame="0" z_index="3" m_a="1.000000" m_b="0.000000" m_c="0.000000" m_d="1.000000" m_tx="0.842844" m_ty="10.448372"/>
   <element name="sparkle" layername="sparkle" frame="0" z_index="2" m_a="-0.348623" m_b="0.031017" m_c="-0.031017" m_d="-0.348623" m_tx="62.085308" m_ty="-15.639810"/>
  </frame>
  <frame idx="225" w="206" h="113" x="-15.165869" y="-40.874771">
   <element name="coin" layername="coin" frame="0" z_index="3" m_a="1.000000" m_b="0.000000" m_c="0.000000" m_d="1.000000" m_tx="0.842844" m_ty="10.448372"/>
   <element name="sparkle" layername="sparkle" frame="0" z_index="2" m_a="-0.367236" m_b="-0.123669" m_c="0.123669" m_d="-0.367236" m_tx="62.085308" m_ty="-15.639810"/>
  </frame>
  <frame idx="250" w="206" h="144" x="-15.165869" y="-69.599663">
   <element name="coin" layername="coin" frame="0" z_index="3" m_a="1.000000" m_b="0.000000" m_c="0.000000" m_d="1.000000" m_tx="0.842844" m_ty="10.448372"/>
   <element name="sparkle" layername="sparkle" frame="0" z_index="2" m_a="-0.252087" m_b="-0.342166" m_c="0.342166" m_d="-0.252087" m_tx="62.085308" m_ty="-15.639810"/>
  </frame>
  <frame idx="275" w="206" h="95" x="-15.165869" y="-24.109009">
   <element name="coin" layername="coin" frame="0" z_index="3" m_a="1.000000" m_b="0.000000" m_c="0.000000" m_d="1.000000" m_tx="0.842844" m_ty="10.448372"/>
   <element name="sparkle" layername="sparkle" frame="0" z_index="2" m_a="0.124351" m_b="-0.445470" m_c="0.445470" m_d="0.124351" m_tx="62.085308" m_ty="-15.639810"/>
  </frame>
  <frame idx="300" w="232" h="147" x="-17.165869" y="-28.609009">
   <element name="coin" layername="coin" frame="0" z_index="3" m_a="1.000000" m_b="0.000000" m_c="0.000000" m_d="1.000000" m_tx="0.842844" m_ty="10.448372"/>
   <element name="sparkle" layername="sparkle" frame="0" z_index="2" m_a="0.462187" m_b="-0.190744" m_c="0.190744" m_d="0.462187" m_tx="62.085308" m_ty="-15.639810"/>
  </frame>
  <frame idx="325" w="206" h="231" x="-15.165869" y="-36.039097">
   <element name="coin" layername="coin" frame="0" z_index="3" m_a="1.000000" m_b="0.000000" m_c="0.000000" m_d="1.000000" m_tx="0.842844" m_ty="10.448372"/>
   <element name="sparkle" layername="sparkle" frame="0" z_index="2" m_a="0.435191" m_b="0.156574" m_c="-0.156574" m_d="0.435191" m_tx="62.085308" m_ty="-15.639810"/>
  </frame>
  <frame idx="350" w="206" h="238" x="-15.165869" y="-37.930386">
   <element name="coin" layername="coin" frame="0" z_index="3" m_a="1.000000" m_b="0.000000" m_c="0.000000" m_d="1.000000" m_tx="0.842844" m_ty="10.448372"/>
   <element name="sparkle" layername="sparkle" frame="0" z_index="2" m_a="0.199516" m_b="0.375258" m_c="-0.375258" m_d="0.199516" m_tx="62.085308" m_ty="-15.639810"/>
  </frame>
  <frame idx="375" w="235" h="185" x="-40.691933" y="-33.526173">
   <element name="coin" layername="coin" frame="0" z_index="3" m_a="1.000000" m_b="0.000000" m_c="0.000000" m_d="1.000000" m_tx="0.842844" m_ty="10.448372"/>
   <element name="sparkle" layername="sparkle" frame="0" z_index="2" m_a="-0.049914" m_b="0.384272" m_c="-0.384272" m_d="-0.049914" m_tx="62.085308" m_ty="-15.639810"/>
  </frame>
  <frame idx="400" w="251" h="121" x="-56.097191" y="-27.875578">
   <element name="coin" layername="coin" frame="0" z_index="3" m_a="1.000000" m_b="0.000000" m_c="0.000000" m_d="1.000000" m_tx="0.842844" m_ty="10.448372"/>
   <element name="sparkle" layername="sparkle" frame="0" z_index="2" m_a="-0.216718" m_b="0.274833" m_c="-0.274833" m_d="-0.216718" m_tx="62.085308" m_ty="-15.639810"/>
  </frame>
  <frame idx="425" w="233" h="95" x="-39.635216" y="-24.376177">
   <element name="coin" layername="coin" frame="0" z_index="3" m_a="1.000000" m_b="0.000000" m_c="0.000000" m_d="1.000000" m_tx="0.842844" m_ty="10.448372"/>
   <element name="sparkle" layername="sparkle" frame="0" z_index="2" m_a="-0.291966" m_b="0.111410" m_c="-0.111410" m_d="-0.291966" m_tx="62.085308" m_ty="-15.639810"/>
  </frame>
  <frame idx="450" w="206" h="95" x="-15.165869" y="-24.109009">
   <element name="coin" layername="coin" frame="0" z_index="3" m_a="1.000000" m_b="0.000000" m_c="0.000000" m_d="1.000000" m_tx="0.842844" m_ty="10.448372"/>
   <element name="sparkle" layername="sparkle" frame="0" z_index="2" m_a="-0.270847" m_b="-0.047613" m_c="0.047613" m_d="-0.270847" m_tx="62.085308" m_ty="-15.639810"/>
  </frame>
  <frame idx="475" w="206" h="95" x="-15.165869" y="-24.109009">
   <element name="coin" layername="coin" frame="0" z_index="3" m_a="1.000000" m_b="0.000000" m_c="0.000000" m_d="1.000000" m_tx="0.842844" m_ty="10.448372"/>
   <element name="sparkle" layername="sparkle" frame="0" z_index="2" m_a="-0.179714" m_b="-0.155272" m_c="0.155272" m_d="-0.179714" m_tx="62.085308" m_ty="-15.639810"/>
  </frame>
  <frame idx="500" w="206" h="95" x="-15.165869" y="-24.109009">
   <element name="coin" layername="coin" frame="0" z_index="3" m_a="1.000000" m_b="0.000000" m_c="0.000000" m_d="1.000000" m_tx="0.842844" m_ty="10.448372"/>
   <element name="sparkle" layername="sparkle" frame="0" z_index="2" m_a="-0.071475" m_b="-0.186792" m_c="0.186792" m_d="-0.071475" m_tx="62.085308" m_ty="-15.639810"/>
  </frame>
  <frame idx="525" w="206" h="95" x="-15.165869" y="-24.109009">
   <element name="coin" layername="coin" frame="0" z_index="3" m_a="1.000000" m_b="0.000000" m_c="0.000000" m_d="1.000000" m_tx="0.842844" m_ty="10.448372"/>
   <element name="sparkle" layername="sparkle" frame="0" z_index="2" m_a="0.019229" m_b="-0.161358" m_c="0.161358" m_d="0.019229" m_tx="62.085308" m_ty="-15.639810"/>
  </frame>
  <frame idx="550" w="206" h="95" x="-15.165869" y="-24.109009">
   <element name="coin" layername="coin" frame="0" z_index="3" m_a="1.000000" m_b="0.000000" m_c="0.000000" m_d="1.000000" m_tx="0.842844" m_ty="10.448372"/>
   <element name="sparkle" layername="sparkle" frame="0" z_index="2" m_a="0.070856" m_b="-0.102978" m_c="0.102978" m_d="0.070856" m_tx="62.085308" m_ty="-15.639810"/>
  </frame>
  <frame idx="575" w="206" h="101" x="-15.165869" y="-24.609009">
   <element name="coin" layername="coin" frame="0" z_index="3" m_a="1.000000" m_b="0.000000" m_c="0.000000" m_d="1.000000" m_tx="0.842844" m_ty="10.448372"/>
   <element name="sparkle" layername="sparkle" frame="0" z_index="2" m_a="0.077447" m_b="-0.040721" m_c="0.040721" m_d="0.077447" m_tx="62.085308" m_ty="-15.639810"/>
  </frame>
 </anim>
</Anims>
