<Anims>
 <anim name="idle" root="dream_catcher" numframes="2000" framerate="40">
  <frame idx="0" w="201" h="945" x="-15.000025" y="-363.426819">
   <element name="pole" layername="pole" frame="0" z_index="2" m_a="1.000000" m_b="0.000000" m_c="0.000000" m_d="1.000000" m_tx="4.941176" m_ty="-0.485030"/>
   <element name="web" layername="web" frame="0" z_index="1" m_a="0.650000" m_b="0.000000" m_c="0.000000" m_d="0.650000" m_tx="-7.935547" m_ty="-450.504822"/>
  </frame>
  <frame idx="25" w="201" h="945" x="-15.000025" y="-363.422180">
   <element name="pole" layername="pole" frame="0" z_index="2" m_a="1.000000" m_b="0.000000" m_c="0.000000" m_d="1.000000" m_tx="4.941176" m_ty="-0.485030"/>
   <element name="web" layername="web" frame="0" z_index="1" m_a="0.650000" m_b="0.000284" m_c="-0.000284" m_d="0.650000" m_tx="-7.935547" m_ty="-450.504822"/>
  </frame>
  <frame idx="50" w="201" h="945" x="-15.000025" y="-363.417542">
   <element name="pole" layername="pole" frame="0" z_index="2" m_a="1.000000" m_b="0.000000" m_c="0.000000" m_d="1.000000" m_tx="4.941176" m_ty="-0.485030"/>
   <element name="web" layername="web" frame="0" z_index="1" m_a="0.650000" m_b="0.000567" m_c="-0.000567" m_d="0.650000" m_tx="-7.935547" m_ty="-450.504822"/>
  </frame>
  <frame idx="75" w="200" h="945" x="-15.000025" y="-363.412964">
   <element name="pole" layername="pole" frame="0" z_index="2" m_a="1.000000" m_b="0.000000" m_c="0.000000" m_d="1.000000" m_tx="4.941176" m_ty="-0.485030"/>
   <element name="web" layername="web" frame="0" z_index="1" m_a="0.649999" m_b="0.000851" m_c="-0.000851" m_d="0.649999" m_tx="-7.935547" m_ty="-450.504822"/>
  </frame>
  <frame idx="100" w="200" h="945" x="-15.000025" y="-363.408417">
   <element name="pole" layername="pole" frame="0" z_index="2" m_a="1.000000" m_b="0.000000" m_c="0.000000" m_d="1.000000" m_tx="4.941176" m_ty="-0.485030"/>
   <element name="web" layername="web" frame="0" z_index="1" m_a="0.649999" m_b="0.001134" m_c="-0.001134" m_d="0.649999" m_tx="-7.935547" m_ty="-450.504822"/>
  </frame>
  <frame idx="125" w="200" h="945" x="-15.000025" y="-363.403900">
   <element name="pole" layername="pole" frame="0" z_index="2" m_a="1.000000" m_b="0.000000" m_c="0.000000" m_d="1.000000" m_tx="4.941176" m_ty="-0.485030"/>
   <element name="web" layername="web" frame="0" z_index="1" m_a="0.649998" m_b="0.001418" m_c="-0.001418" m_d="0.649998" m_tx="-7.935547" m_ty="-450.504822"/>
  </frame>
  <frame idx="150" w="200" h="945" x="-15.000025" y="-363.399414">
   <element name="pole" layername="pole" frame="0" z_index="2" m_a="1.000000" m_b="0.000000" m_c="0.000000" m_d="1.000000" m_tx="4.941176" m_ty="-0.485030"/>
   <element name="web" layername="web" frame="0" z_index="1" m_a="0.649998" m_b="0.001702" m_c="-0.001702" m_d="0.649998" m_tx="-7.935547" m_ty="-450.504822"/>
  </frame>
  <frame idx="175" w="199" h="945" x="-15.000025" y="-363.394958">
   <element name="pole" layername="pole" frame="0" z_index="2" m_a="1.000000" m_b="0.000000" m_c="0.000000" m_d="1.000000" m_tx="4.941176" m_ty="-0.485030"/>
   <element name="web" layername="web" frame="0" z_index="1" m_a="0.649997" m_b="0.001985" m_c="-0.001985" m_d="0.649997" m_tx="-7.935547" m_ty="-450.504822"/>
  </frame>
  <frame idx="200" w="199" h="945" x="-15.000025" y="-363.390533">
   <element name="pole" layername="pole" frame="0" z_index="2" m_a="1.000000" m_b="0.000000" m_c="0.000000" m_d="1.000000" m_tx="4.941176" m_ty="-0.485030"/>
   <element name="web" layername="web" frame="0" z_index="1" m_a="0.649996" m_b="0.002269" m_c="-0.002269" m_d="0.649996" m_tx="-7.935547" m_ty="-450.504822"/>
  </frame>
  <frame idx="225" w="199" h="945" x="-15.000025" y="-363.386139">
   <element name="pole" layername="pole" frame="0" z_index="2" m_a="1.000000" m_b="0.000000" m_c="0.000000" m_d="1.000000" m_tx="4.941176" m_ty="-0.485030"/>
   <element name="web" layername="web" frame="0" z_index="1" m_a="0.649995" m_b="0.002553" m_c="-0.002553" m_d="0.649995" m_tx="-7.935547" m_ty="-450.504822"/>
  </frame>
  <frame idx="250" w="199" h="945" x="-15.000025" y="-363.381775">
   <element name="pole" layername="pole" frame="0" z_index="2" m_a="1.000000" m_b="0.000000" m_c="0.000000" m_d="1.000000" m_tx="4.941176" m_ty="-0.485030"/>
   <element name="web" layername="web" frame="0" z_index="1" m_a="0.649994" m_b="0.002836" m_c="-0.002836" m_d="0.649994" m_tx="-7.935547" m_ty="-450.504822"/>
  </frame>
  <frame idx="275" w="199" h="945" x="-15.049698" y="-363.377441">
   <element name="pole" layername="pole" frame="0" z_index="2" m_a="1.000000" m_b="0.000000" m_c="0.000000" m_d="1.000000" m_tx="4.941176" m_ty="-0.485030"/>
   <element name="web" layername="web" frame="0" z_index="1" m_a="0.649993" m_b="0.003120" m_c="-0.003120" m_d="0.649993" m_tx="-7.935547" m_ty="-450.504822"/>
  </frame>
  <frame idx="300" w="197" h="945" x="-14.622187" y="-363.373138">
   <element name="pole" layername="pole" frame="0" z_index="2" m_a="1.000000" m_b="0.000000" m_c="0.000000" m_d="1.000000" m_tx="4.941176" m_ty="-0.485030"/>
   <element name="web" layername="web" frame="0" z_index="1" m_a="0.649991" m_b="0.003403" m_c="-0.003403" m_d="0.649991" m_tx="-7.935547" m_ty="-450.504822"/>
  </frame>
  <frame idx="325" w="197" h="945" x="-14.694675" y="-363.368866">
   <element name="pole" layername="pole" frame="0" z_index="2" m_a="1.000000" m_b="0.000000" m_c="0.000000" m_d="1.000000" m_tx="4.941176" m_ty="-0.485030"/>
   <element name="web" layername="web" frame="0" z_index="1" m_a="0.649990" m_b="0.003687" m_c="-0.003687" m_d="0.649990" m_tx="-7.935547" m_ty="-450.504822"/>
  </frame>
  <frame idx="350" w="197" h="945" x="-14.767167" y="-363.364655">
   <element name="pole" layername="pole" frame="0" z_index="2" m_a="1.000000" m_b="0.000000" m_c="0.000000" m_d="1.000000" m_tx="4.941176" m_ty="-0.485030"/>
   <element name="web" layername="web" frame="0" z_index="1" m_a="0.649988" m_b="0.003971" m_c="-0.003971" m_d="0.649988" m_tx="-7.935547" m_ty="-450.504822"/>
  </frame>
  <frame idx="375" w="197" h="945" x="-14.839661" y="-363.360443">
   <element name="pole" layername="pole" frame="0" z_index="2" m_a="1.000000" m_b="0.000000" m_c="0.000000" m_d="1.000000" m_tx="4.941176" m_ty="-0.485030"/>
   <element name="web" layername="web" frame="0" z_index="1" m_a="0.649986" m_b="0.004254" m_c="-0.004254" m_d="0.649986" m_tx="-7.935547" m_ty="-450.504822"/>
  </frame>
  <frame idx="400" w="197" h="945" x="-14.912156" y="-363.356293">
   <element name="pole" layername="pole" frame="0" z_index="2" m_a="1.000000" m_b="0.000000" m_c="0.000000" m_d="1.000000" m_tx="4.941176" m_ty="-0.485030"/>
   <element name="web" layername="web" frame="0" z_index="1" m_a="0.649984" m_b="0.004538" m_c="-0.004538" m_d="0.649984" m_tx="-7.935547" m_ty="-450.504822"/>
  </frame>
  <frame idx="425" w="197" h="945" x="-14.984653" y="-363.352142">
   <element name="pole" layername="pole" frame="0" z_index="2" m_a="1.000000" m_b="0.000000" m_c="0.000000" m_d="1.000000" m_tx="4.941176" m_ty="-0.485030"/>
   <element name="web" layername="web" frame="0" z_index="1" m_a="0.649982" m_b="0.004821" m_c="-0.004821" m_d="0.649982" m_tx="-7.935547" m_ty="-450.504822"/>
  </frame>
  <frame idx="450" w="197" h="945" x="-15.057151" y="-363.348022">
   <element name="pole" layername="pole" frame="0" z_index="2" m_a="1.000000" m_b="0.000000" m_c="0.000000" m_d="1.000000" m_tx="4.941176" m_ty="-0.485030"/>
   <element name="web" layername="web" frame="0" z_index="1" m_a="0.649980" m_b="0.005105" m_c="-0.005105" m_d="0.649980" m_tx="-7.935547" m_ty="-450.504822"/>
  </frame>
  <frame idx="475" w="196" h="945" x="-15.129652" y="-363.343964">
   <element name="pole" layername="pole" frame="0" z_index="2" m_a="1.000000" m_b="0.000000" m_c="0.000000" m_d="1.000000" m_tx="4.941176" m_ty="-0.485030"/>
   <element name="web" layername="web" frame="0" z_index="1" m_a="0.649978" m_b="0.005389" m_c="-0.005389" m_d="0.649978" m_tx="-7.935547" m_ty="-450.504822"/>
  </frame>
  <frame idx="500" w="196" h="945" x="-15.202116" y="-363.339905">
   <element name="pole" layername="pole" frame="0" z_index="2" m_a="1.000000" m_b="0.000000" m_c="0.000000" m_d="1.000000" m_tx="4.941176" m_ty="-0.485030"/>
   <element name="web" layername="web" frame="0" z_index="1" m_a="0.649975" m_b="0.005672" m_c="-0.005672" m_d="0.649975" m_tx="-7.935547" m_ty="-450.504822"/>
  </frame>
  <frame idx="525" w="196" h="945" x="-15.129620" y="-363.343964">
   <element name="pole" layername="pole" frame="0" z_index="2" m_a="1.000000" m_b="0.000000" m_c="0.000000" m_d="1.000000" m_tx="4.941176" m_ty="-0.485030"/>
   <element name="web" layername="web" frame="0" z_index="1" m_a="0.649978" m_b="0.005389" m_c="-0.005389" m_d="0.649978" m_tx="-7.935547" m_ty="-450.504822"/>
  </frame>
  <frame idx="550" w="197" h="945" x="-15.057122" y="-363.348022">
   <element name="pole" layername="pole" frame="0" z_index="2" m_a="1.000000" m_b="0.000000" m_c="0.000000" m_d="1.000000" m_tx="4.941176" m_ty="-0.485030"/>
   <element name="web" layername="web" frame="0" z_index="1" m_a="0.649980" m_b="0.005105" m_c="-0.005105" m_d="0.649980" m_tx="-7.935547" m_ty="-450.504822"/>
  </frame>
  <frame idx="575" w="197" h="945" x="-14.984550" y="-363.352142">
   <element name="pole" layername="pole" frame="0" z_index="2" m_a="1.000000" m_b="0.000000" m_c="0.000000" m_d="1.000000" m_tx="4.941176" m_ty="-0.485030"/>
   <element name="web" layername="web" frame="0" z_index="1" m_a="0.649982" m_b="0.004821" m_c="-0.004821" m_d="0.649982" m_tx="-7.935547" m_ty="-450.504822"/>
  </frame>
  <frame idx="600" w="197" h="945" x="-14.912136" y="-363.356293">
   <element name="pole" layername="pole" frame="0" z_index="2" m_a="1.000000" m_b="0.000000" m_c="0.000000" m_d="1.000000" m_tx="4.941176" m_ty="-0.485030"/>
   <element name="web" layername="web" frame="0" z_index="1" m_a="0.649984" m_b="0.004538" m_c="-0.004538" m_d="0.649984" m_tx="-7.935547" m_ty="-450.504822"/>
  </frame>
  <frame idx="625" w="197" h="945" x="-14.839644" y="-363.360443">
   <element name="pole" layername="pole" frame="0" z_index="2" m_a="1.000000" m_b="0.000000" m_c="0.000000" m_d="1.000000" m_tx="4.941176" m_ty="-0.485030"/>
   <element name="web" layername="web" frame="0" z_index="1" m_a="0.649986" m_b="0.004254" m_c="-0.004254" m_d="0.649986" m_tx="-7.935547" m_ty="-450.504822"/>
  </frame>
  <frame idx="650" w="197" h="945" x="-14.767156" y="-363.364655">
   <element name="pole" layername="pole" frame="0" z_index="2" m_a="1.000000" m_b="0.000000" m_c="0.000000" m_d="1.000000" m_tx="4.941176" m_ty="-0.485030"/>
   <element name="web" layername="web" frame="0" z_index="1" m_a="0.649988" m_b="0.003971" m_c="-0.003971" m_d="0.649988" m_tx="-7.935547" m_ty="-450.504822"/>
  </frame>
  <frame idx="675" w="197" h="945" x="-14.694669" y="-363.368866">
   <element name="pole" layername="pole" frame="0" z_index="2" m_a="1.000000" m_b="0.000000" m_c="0.000000" m_d="1.000000" m_tx="4.941176" m_ty="-0.485030"/>
   <element name="web" layername="web" frame="0" z_index="1" m_a="0.649990" m_b="0.003687" m_c="-0.003687" m_d="0.649990" m_tx="-7.935547" m_ty="-450.504822"/>
  </frame>
  <frame idx="700" w="197" h="945" x="-14.622105" y="-363.373138">
   <element name="pole" layername="pole" frame="0" z_index="2" m_a="1.000000" m_b="0.000000" m_c="0.000000" m_d="1.000000" m_tx="4.941176" m_ty="-0.485030"/>
   <element name="web" layername="web" frame="0" z_index="1" m_a="0.649991" m_b="0.003403" m_c="-0.003403" m_d="0.649991" m_tx="-7.935547" m_ty="-450.504822"/>
  </frame>
  <frame idx="725" w="199" h="945" x="-15.049622" y="-363.377441">
   <element name="pole" layername="pole" frame="0" z_index="2" m_a="1.000000" m_b="0.000000" m_c="0.000000" m_d="1.000000" m_tx="4.941176" m_ty="-0.485030"/>
   <element name="web" layername="web" frame="0" z_index="1" m_a="0.649993" m_b="0.003119" m_c="-0.003119" m_d="0.649993" m_tx="-7.935547" m_ty="-450.504822"/>
  </frame>
  <frame idx="750" w="199" h="945" x="-15.000025" y="-363.381775">
   <element name="pole" layername="pole" frame="0" z_index="2" m_a="1.000000" m_b="0.000000" m_c="0.000000" m_d="1.000000" m_tx="4.941176" m_ty="-0.485030"/>
   <element name="web" layername="web" frame="0" z_index="1" m_a="0.649994" m_b="0.002836" m_c="-0.002836" m_d="0.649994" m_tx="-7.935547" m_ty="-450.504822"/>
  </frame>
  <frame idx="775" w="199" h="945" x="-15.000025" y="-363.386139">
   <element name="pole" layername="pole" frame="0" z_index="2" m_a="1.000000" m_b="0.000000" m_c="0.000000" m_d="1.000000" m_tx="4.941176" m_ty="-0.485030"/>
   <element name="web" layername="web" frame="0" z_index="1" m_a="0.649995" m_b="0.002553" m_c="-0.002553" m_d="0.649995" m_tx="-7.935547" m_ty="-450.504822"/>
  </frame>
  <frame idx="800" w="199" h="945" x="-15.000025" y="-363.390533">
   <element name="pole" layername="pole" frame="0" z_index="2" m_a="1.000000" m_b="0.000000" m_c="0.000000" m_d="1.000000" m_tx="4.941176" m_ty="-0.485030"/>
   <element name="web" layername="web" frame="0" z_index="1" m_a="0.649996" m_b="0.002269" m_c="-0.002269" m_d="0.649996" m_tx="-7.935547" m_ty="-450.504822"/>
  </frame>
  <frame idx="825" w="199" h="945" x="-15.000025" y="-363.394958">
   <element name="pole" layername="pole" frame="0" z_index="2" m_a="1.000000" m_b="0.000000" m_c="0.000000" m_d="1.000000" m_tx="4.941176" m_ty="-0.485030"/>
   <element name="web" layername="web" frame="0" z_index="1" m_a="0.649997" m_b="0.001985" m_c="-0.001985" m_d="0.649997" m_tx="-7.935547" m_ty="-450.504822"/>
  </frame>
  <frame idx="850" w="200" h="945" x="-15.000025" y="-363.399414">
   <element name="pole" layername="pole" frame="0" z_index="2" m_a="1.000000" m_b="0.000000" m_c="0.000000" m_d="1.000000" m_tx="4.941176" m_ty="-0.485030"/>
   <element name="web" layername="web" frame="0" z_index="1" m_a="0.649998" m_b="0.001701" m_c="-0.001701" m_d="0.649998" m_tx="-7.935547" m_ty="-450.504822"/>
  </frame>
  <frame idx="875" w="200" h="945" x="-15.000025" y="-363.403900">
   <element name="pole" layername="pole" frame="0" z_index="2" m_a="1.000000" m_b="0.000000" m_c="0.000000" m_d="1.000000" m_tx="4.941176" m_ty="-0.485030"/>
   <element name="web" layername="web" frame="0" z_index="1" m_a="0.649998" m_b="0.001418" m_c="-0.001418" m_d="0.649998" m_tx="-7.935547" m_ty="-450.504822"/>
  </frame>
  <frame idx="900" w="200" h="945" x="-15.000025" y="-363.408417">
   <element name="pole" layername="pole" frame="0" z_index="2" m_a="1.000000" m_b="0.000000" m_c="0.000000" m_d="1.000000" m_tx="4.941176" m_ty="-0.485030"/>
   <element name="web" layername="web" frame="0" z_index="1" m_a="0.649999" m_b="0.001134" m_c="-0.001134" m_d="0.649999" m_tx="-7.935547" m_ty="-450.504822"/>
  </frame>
  <frame idx="925" w="200" h="945" x="-15.000025" y="-363.412964">
   <element name="pole" layername="pole" frame="0" z_index="2" m_a="1.000000" m_b="0.000000" m_c="0.000000" m_d="1.000000" m_tx="4.941176" m_ty="-0.485030"/>
   <element name="web" layername="web" frame="0" z_index="1" m_a="0.649999" m_b="0.000851" m_c="-0.000851" m_d="0.649999" m_tx="-7.935547" m_ty="-450.504822"/>
  </frame>
  <frame idx="950" w="201" h="945" x="-15.000025" y="-363.417542">
   <element name="pole" layername="pole" frame="0" z_index="2" m_a="1.000000" m_b="0.000000" m_c="0.000000" m_d="1.000000" m_tx="4.941176" m_ty="-0.485030"/>
   <element name="web" layername="web" frame="0" z_index="1" m_a="0.650000" m_b="0.000567" m_c="-0.000567" m_d="0.650000" m_tx="-7.935547" m_ty="-450.504822"/>
  </frame>
  <frame idx="975" w="201" h="945" x="-15.000025" y="-363.422180">
   <element name="pole" layername="pole" frame="0" z_index="2" m_a="1.000000" m_b="0.000000" m_c="0.000000" m_d="1.000000" m_tx="4.941176" m_ty="-0.485030"/>
   <element name="web" layername="web" frame="0" z_index="1" m_a="0.650000" m_b="0.000283" m_c="-0.000283" m_d="0.650000" m_tx="-7.935547" m_ty="-450.504822"/>
  </frame>
  <frame idx="1000" w="201" h="945" x="-15.000025" y="-363.426819">
   <element name="pole" layername="pole" frame="0" z_index="2" m_a="1.000000" m_b="0.000000" m_c="0.000000" m_d="1.000000" m_tx="4.941176" m_ty="-0.485030"/>
   <element name="web" layername="web" frame="0" z_index="1" m_a="0.650000" m_b="-0.000000" m_c="0.000000" m_d="0.650000" m_tx="-7.935547" m_ty="-450.504822"/>
  </frame>
  <frame idx="1025" w="201" h="945" x="-15.000025" y="-363.431488">
   <element name="pole" layername="pole" frame="0" z_index="2" m_a="1.000000" m_b="0.000000" m_c="0.000000" m_d="1.000000" m_tx="4.941176" m_ty="-0.485030"/>
   <element name="web" layername="web" frame="0" z_index="1" m_a="0.650000" m_b="-0.000284" m_c="0.000284" m_d="0.650000" m_tx="-7.935547" m_ty="-450.504822"/>
  </frame>
  <frame idx="1050" w="201" h="945" x="-15.000025" y="-363.436188">
   <element name="pole" layername="pole" frame="0" z_index="2" m_a="1.000000" m_b="0.000000" m_c="0.000000" m_d="1.000000" m_tx="4.941176" m_ty="-0.485030"/>
   <element name="web" layername="web" frame="0" z_index="1" m_a="0.650000" m_b="-0.000567" m_c="0.000567" m_d="0.650000" m_tx="-7.935547" m_ty="-450.504822"/>
  </frame>
  <frame idx="1075" w="202" h="945" x="-15.000025" y="-363.440948">
   <element name="pole" layername="pole" frame="0" z_index="2" m_a="1.000000" m_b="0.000000" m_c="0.000000" m_d="1.000000" m_tx="4.941176" m_ty="-0.485030"/>
   <element name="web" layername="web" frame="0" z_index="1" m_a="0.649999" m_b="-0.000851" m_c="0.000851" m_d="0.649999" m_tx="-7.935547" m_ty="-450.504822"/>
  </frame>
  <frame idx="1100" w="202" h="945" x="-15.000025" y="-363.445709">
   <element name="pole" layername="pole" frame="0" z_index="2" m_a="1.000000" m_b="0.000000" m_c="0.000000" m_d="1.000000" m_tx="4.941176" m_ty="-0.485030"/>
   <element name="web" layername="web" frame="0" z_index="1" m_a="0.649999" m_b="-0.001135" m_c="0.001135" m_d="0.649999" m_tx="-7.935547" m_ty="-450.504822"/>
  </frame>
  <frame idx="1125" w="202" h="945" x="-15.000025" y="-363.450531">
   <element name="pole" layername="pole" frame="0" z_index="2" m_a="1.000000" m_b="0.000000" m_c="0.000000" m_d="1.000000" m_tx="4.941176" m_ty="-0.485030"/>
   <element name="web" layername="web" frame="0" z_index="1" m_a="0.649998" m_b="-0.001418" m_c="0.001418" m_d="0.649998" m_tx="-7.935547" m_ty="-450.504822"/>
  </frame>
  <frame idx="1150" w="202" h="945" x="-15.000025" y="-363.455353">
   <element name="pole" layername="pole" frame="0" z_index="2" m_a="1.000000" m_b="0.000000" m_c="0.000000" m_d="1.000000" m_tx="4.941176" m_ty="-0.485030"/>
   <element name="web" layername="web" frame="0" z_index="1" m_a="0.649998" m_b="-0.001702" m_c="0.001702" m_d="0.649998" m_tx="-7.935547" m_ty="-450.504822"/>
  </frame>
  <frame idx="1175" w="203" h="945" x="-15.000025" y="-363.460205">
   <element name="pole" layername="pole" frame="0" z_index="2" m_a="1.000000" m_b="0.000000" m_c="0.000000" m_d="1.000000" m_tx="4.941176" m_ty="-0.485030"/>
   <element name="web" layername="web" frame="0" z_index="1" m_a="0.649997" m_b="-0.001985" m_c="0.001985" m_d="0.649997" m_tx="-7.935547" m_ty="-450.504822"/>
  </frame>
  <frame idx="1200" w="203" h="945" x="-15.000025" y="-363.465118">
   <element name="pole" layername="pole" frame="0" z_index="2" m_a="1.000000" m_b="0.000000" m_c="0.000000" m_d="1.000000" m_tx="4.941176" m_ty="-0.485030"/>
   <element name="web" layername="web" frame="0" z_index="1" m_a="0.649996" m_b="-0.002269" m_c="0.002269" m_d="0.649996" m_tx="-7.935547" m_ty="-450.504822"/>
  </frame>
  <frame idx="1225" w="203" h="945" x="-15.000025" y="-363.470062">
   <element name="pole" layername="pole" frame="0" z_index="2" m_a="1.000000" m_b="0.000000" m_c="0.000000" m_d="1.000000" m_tx="4.941176" m_ty="-0.485030"/>
   <element name="web" layername="web" frame="0" z_index="1" m_a="0.649995" m_b="-0.002553" m_c="0.002553" m_d="0.649995" m_tx="-7.935547" m_ty="-450.504822"/>
  </frame>
  <frame idx="1250" w="203" h="945" x="-15.000025" y="-363.475006">
   <element name="pole" layername="pole" frame="0" z_index="2" m_a="1.000000" m_b="0.000000" m_c="0.000000" m_d="1.000000" m_tx="4.941176" m_ty="-0.485030"/>
   <element name="web" layername="web" frame="0" z_index="1" m_a="0.649994" m_b="-0.002836" m_c="0.002836" m_d="0.649994" m_tx="-7.935547" m_ty="-450.504822"/>
  </frame>
  <frame idx="1275" w="203" h="945" x="-15.000025" y="-363.479980">
   <element name="pole" layername="pole" frame="0" z_index="2" m_a="1.000000" m_b="0.000000" m_c="0.000000" m_d="1.000000" m_tx="4.941176" m_ty="-0.485030"/>
   <element name="web" layername="web" frame="0" z_index="1" m_a="0.649993" m_b="-0.003120" m_c="0.003120" m_d="0.649993" m_tx="-7.935547" m_ty="-450.504822"/>
  </frame>
  <frame idx="1300" w="205" h="945" x="-15.500025" y="-363.485016">
   <element name="pole" layername="pole" frame="0" z_index="2" m_a="1.000000" m_b="0.000000" m_c="0.000000" m_d="1.000000" m_tx="4.941176" m_ty="-0.485030"/>
   <element name="web" layername="web" frame="0" z_index="1" m_a="0.649991" m_b="-0.003403" m_c="0.003403" m_d="0.649991" m_tx="-7.935547" m_ty="-450.504822"/>
  </frame>
  <frame idx="1325" w="205" h="945" x="-15.500025" y="-363.490082">
   <element name="pole" layername="pole" frame="0" z_index="2" m_a="1.000000" m_b="0.000000" m_c="0.000000" m_d="1.000000" m_tx="4.941176" m_ty="-0.485030"/>
   <element name="web" layername="web" frame="0" z_index="1" m_a="0.649990" m_b="-0.003687" m_c="0.003687" m_d="0.649990" m_tx="-7.935547" m_ty="-450.504822"/>
  </frame>
  <frame idx="1350" w="205" h="945" x="-15.500025" y="-363.495178">
   <element name="pole" layername="pole" frame="0" z_index="2" m_a="1.000000" m_b="0.000000" m_c="0.000000" m_d="1.000000" m_tx="4.941176" m_ty="-0.485030"/>
   <element name="web" layername="web" frame="0" z_index="1" m_a="0.649988" m_b="-0.003971" m_c="0.003971" m_d="0.649988" m_tx="-7.935547" m_ty="-450.504822"/>
  </frame>
  <frame idx="1375" w="205" h="945" x="-15.500025" y="-363.500275">
   <element name="pole" layername="pole" frame="0" z_index="2" m_a="1.000000" m_b="0.000000" m_c="0.000000" m_d="1.000000" m_tx="4.941176" m_ty="-0.485030"/>
   <element name="web" layername="web" frame="0" z_index="1" m_a="0.649986" m_b="-0.004254" m_c="0.004254" m_d="0.649986" m_tx="-7.935547" m_ty="-450.504822"/>
  </frame>
  <frame idx="1400" w="205" h="945" x="-15.500025" y="-363.505463">
   <element name="pole" layername="pole" frame="0" z_index="2" m_a="1.000000" m_b="0.000000" m_c="0.000000" m_d="1.000000" m_tx="4.941176" m_ty="-0.485030"/>
   <element name="web" layername="web" frame="0" z_index="1" m_a="0.649984" m_b="-0.004538" m_c="0.004538" m_d="0.649984" m_tx="-7.935547" m_ty="-450.504822"/>
  </frame>
  <frame idx="1425" w="206" h="945" x="-15.500025" y="-363.510620">
   <element name="pole" layername="pole" frame="0" z_index="2" m_a="1.000000" m_b="0.000000" m_c="0.000000" m_d="1.000000" m_tx="4.941176" m_ty="-0.485030"/>
   <element name="web" layername="web" frame="0" z_index="1" m_a="0.649982" m_b="-0.004821" m_c="0.004821" m_d="0.649982" m_tx="-7.935547" m_ty="-450.504822"/>
  </frame>
  <frame idx="1450" w="206" h="945" x="-15.500025" y="-363.515839">
   <element name="pole" layername="pole" frame="0" z_index="2" m_a="1.000000" m_b="0.000000" m_c="0.000000" m_d="1.000000" m_tx="4.941176" m_ty="-0.485030"/>
   <element name="web" layername="web" frame="0" z_index="1" m_a="0.649980" m_b="-0.005105" m_c="0.005105" m_d="0.649980" m_tx="-7.935547" m_ty="-450.504822"/>
  </frame>
  <frame idx="1475" w="206" h="945" x="-15.500025" y="-363.521088">
   <element name="pole" layername="pole" frame="0" z_index="2" m_a="1.000000" m_b="0.000000" m_c="0.000000" m_d="1.000000" m_tx="4.941176" m_ty="-0.485030"/>
   <element name="web" layername="web" frame="0" z_index="1" m_a="0.649978" m_b="-0.005389" m_c="0.005389" m_d="0.649978" m_tx="-7.935547" m_ty="-450.504822"/>
  </frame>
  <frame idx="1500" w="206" h="945" x="-15.500025" y="-363.526367">
   <element name="pole" layername="pole" frame="0" z_index="2" m_a="1.000000" m_b="0.000000" m_c="0.000000" m_d="1.000000" m_tx="4.941176" m_ty="-0.485030"/>
   <element name="web" layername="web" frame="0" z_index="1" m_a="0.649975" m_b="-0.005672" m_c="0.005672" m_d="0.649975" m_tx="-7.935547" m_ty="-450.504822"/>
  </frame>
  <frame idx="1525" w="206" h="945" x="-15.500025" y="-363.521088">
   <element name="pole" layername="pole" frame="0" z_index="2" m_a="1.000000" m_b="0.000000" m_c="0.000000" m_d="1.000000" m_tx="4.941176" m_ty="-0.485030"/>
   <element name="web" layername="web" frame="0" z_index="1" m_a="0.649978" m_b="-0.005389" m_c="0.005389" m_d="0.649978" m_tx="-7.935547" m_ty="-450.504822"/>
  </frame>
  <frame idx="1550" w="206" h="945" x="-15.500025" y="-363.515839">
   <element name="pole" layername="pole" frame="0" z_index="2" m_a="1.000000" m_b="0.000000" m_c="0.000000" m_d="1.000000" m_tx="4.941176" m_ty="-0.485030"/>
   <element name="web" layername="web" frame="0" z_index="1" m_a="0.649980" m_b="-0.005105" m_c="0.005105" m_d="0.649980" m_tx="-7.935547" m_ty="-450.504822"/>
  </frame>
  <frame idx="1575" w="206" h="945" x="-15.500025" y="-363.510620">
   <element name="pole" layername="pole" frame="0" z_index="2" m_a="1.000000" m_b="0.000000" m_c="0.000000" m_d="1.000000" m_tx="4.941176" m_ty="-0.485030"/>
   <element name="web" layername="web" frame="0" z_index="1" m_a="0.649982" m_b="-0.004821" m_c="0.004821" m_d="0.649982" m_tx="-7.935547" m_ty="-450.504822"/>
  </frame>
  <frame idx="1600" w="205" h="945" x="-15.500025" y="-363.505432">
   <element name="pole" layername="pole" frame="0" z_index="2" m_a="1.000000" m_b="0.000000" m_c="0.000000" m_d="1.000000" m_tx="4.941176" m_ty="-0.485030"/>
   <element name="web" layername="web" frame="0" z_index="1" m_a="0.649984" m_b="-0.004538" m_c="0.004538" m_d="0.649984" m_tx="-7.935547" m_ty="-450.504822"/>
  </frame>
  <frame idx="1625" w="205" h="945" x="-15.500025" y="-363.500275">
   <element name="pole" layername="pole" frame="0" z_index="2" m_a="1.000000" m_b="0.000000" m_c="0.000000" m_d="1.000000" m_tx="4.941176" m_ty="-0.485030"/>
   <element name="web" layername="web" frame="0" z_index="1" m_a="0.649986" m_b="-0.004254" m_c="0.004254" m_d="0.649986" m_tx="-7.935547" m_ty="-450.504822"/>
  </frame>
  <frame idx="1650" w="205" h="945" x="-15.500025" y="-363.495178">
   <element name="pole" layername="pole" frame="0" z_index="2" m_a="1.000000" m_b="0.000000" m_c="0.000000" m_d="1.000000" m_tx="4.941176" m_ty="-0.485030"/>
   <element name="web" layername="web" frame="0" z_index="1" m_a="0.649988" m_b="-0.003971" m_c="0.003971" m_d="0.649988" m_tx="-7.935547" m_ty="-450.504822"/>
  </frame>
  <frame idx="1675" w="205" h="945" x="-15.500025" y="-363.490082">
   <element name="pole" layername="pole" frame="0" z_index="2" m_a="1.000000" m_b="0.000000" m_c="0.000000" m_d="1.000000" m_tx="4.941176" m_ty="-0.485030"/>
   <element name="web" layername="web" frame="0" z_index="1" m_a="0.649990" m_b="-0.003687" m_c="0.003687" m_d="0.649990" m_tx="-7.935547" m_ty="-450.504822"/>
  </frame>
  <frame idx="1700" w="205" h="945" x="-15.500025" y="-363.485016">
   <element name="pole" layername="pole" frame="0" z_index="2" m_a="1.000000" m_b="0.000000" m_c="0.000000" m_d="1.000000" m_tx="4.941176" m_ty="-0.485030"/>
   <element name="web" layername="web" frame="0" z_index="1" m_a="0.649991" m_b="-0.003403" m_c="0.003403" m_d="0.649991" m_tx="-7.935547" m_ty="-450.504822"/>
  </frame>
  <frame idx="1725" w="203" h="945" x="-15.000025" y="-363.479980">
   <element name="pole" layername="pole" frame="0" z_index="2" m_a="1.000000" m_b="0.000000" m_c="0.000000" m_d="1.000000" m_tx="4.941176" m_ty="-0.485030"/>
   <element name="web" layername="web" frame="0" z_index="1" m_a="0.649993" m_b="-0.003120" m_c="0.003120" m_d="0.649993" m_tx="-7.935547" m_ty="-450.504822"/>
  </frame>
  <frame idx="1750" w="203" h="945" x="-15.000025" y="-363.475006">
   <element name="pole" layername="pole" frame="0" z_index="2" m_a="1.000000" m_b="0.000000" m_c="0.000000" m_d="1.000000" m_tx="4.941176" m_ty="-0.485030"/>
   <element name="web" layername="web" frame="0" z_index="1" m_a="0.649994" m_b="-0.002836" m_c="0.002836" m_d="0.649994" m_tx="-7.935547" m_ty="-450.504822"/>
  </frame>
  <frame idx="1775" w="203" h="945" x="-15.000025" y="-363.470032">
   <element name="pole" layername="pole" frame="0" z_index="2" m_a="1.000000" m_b="0.000000" m_c="0.000000" m_d="1.000000" m_tx="4.941176" m_ty="-0.485030"/>
   <element name="web" layername="web" frame="0" z_index="1" m_a="0.649995" m_b="-0.002553" m_c="0.002553" m_d="0.649995" m_tx="-7.935547" m_ty="-450.504822"/>
  </frame>
  <frame idx="1800" w="203" h="945" x="-15.000025" y="-363.465118">
   <element name="pole" layername="pole" frame="0" z_index="2" m_a="1.000000" m_b="0.000000" m_c="0.000000" m_d="1.000000" m_tx="4.941176" m_ty="-0.485030"/>
   <element name="web" layername="web" frame="0" z_index="1" m_a="0.649996" m_b="-0.002269" m_c="0.002269" m_d="0.649996" m_tx="-7.935547" m_ty="-450.504822"/>
  </frame>
  <frame idx="1825" w="203" h="945" x="-15.000025" y="-363.460205">
   <element name="pole" layername="pole" frame="0" z_index="2" m_a="1.000000" m_b="0.000000" m_c="0.000000" m_d="1.000000" m_tx="4.941176" m_ty="-0.485030"/>
   <element name="web" layername="web" frame="0" z_index="1" m_a="0.649997" m_b="-0.001985" m_c="0.001985" m_d="0.649997" m_tx="-7.935547" m_ty="-450.504822"/>
  </frame>
  <frame idx="1850" w="202" h="945" x="-15.000025" y="-363.455353">
   <element name="pole" layername="pole" frame="0" z_index="2" m_a="1.000000" m_b="0.000000" m_c="0.000000" m_d="1.000000" m_tx="4.941176" m_ty="-0.485030"/>
   <element name="web" layername="web" frame="0" z_index="1" m_a="0.649998" m_b="-0.001702" m_c="0.001702" m_d="0.649998" m_tx="-7.935547" m_ty="-450.504822"/>
  </frame>
  <frame idx="1875" w="202" h="945" x="-15.000025" y="-363.450500">
   <element name="pole" layername="pole" frame="0" z_index="2" m_a="1.000000" m_b="0.000000" m_c="0.000000" m_d="1.000000" m_tx="4.941176" m_ty="-0.485030"/>
   <element name="web" layername="web" frame="0" z_index="1" m_a="0.649998" m_b="-0.001418" m_c="0.001418" m_d="0.649998" m_tx="-7.935547" m_ty="-450.504822"/>
  </frame>
  <frame idx="1900" w="202" h="945" x="-15.000025" y="-363.445709">
   <element name="pole" layername="pole" frame="0" z_index="2" m_a="1.000000" m_b="0.000000" m_c="0.000000" m_d="1.000000" m_tx="4.941176" m_ty="-0.485030"/>
   <element name="web" layername="web" frame="0" z_index="1" m_a="0.649999" m_b="-0.001134" m_c="0.001134" m_d="0.649999" m_tx="-7.935547" m_ty="-450.504822"/>
  </frame>
  <frame idx="1925" w="202" h="945" x="-15.000025" y="-363.440948">
   <element name="pole" layername="pole" frame="0" z_index="2" m_a="1.000000" m_b="0.000000" m_c="0.000000" m_d="1.000000" m_tx="4.941176" m_ty="-0.485030"/>
   <element name="web" layername="web" frame="0" z_index="1" m_a="0.649999" m_b="-0.000851" m_c="0.000851" m_d="0.649999" m_tx="-7.935547" m_ty="-450.504822"/>
  </frame>
  <frame idx="1950" w="201" h="945" x="-15.000025" y="-363.436188">
   <element name="pole" layername="pole" frame="0" z_index="2" m_a="1.000000" m_b="0.000000" m_c="0.000000" m_d="1.000000" m_tx="4.941176" m_ty="-0.485030"/>
   <element name="web" layername="web" frame="0" z_index="1" m_a="0.650000" m_b="-0.000567" m_c="0.000567" m_d="0.650000" m_tx="-7.935547" m_ty="-450.504822"/>
  </frame>
  <frame idx="1975" w="201" h="945" x="-15.000025" y="-363.431488">
   <element name="pole" layername="pole" frame="0" z_index="2" m_a="1.000000" m_b="0.000000" m_c="0.000000" m_d="1.000000" m_tx="4.941176" m_ty="-0.485030"/>
   <element name="web" layername="web" frame="0" z_index="1" m_a="0.650000" m_b="-0.000284" m_c="0.000284" m_d="0.650000" m_tx="-7.935547" m_ty="-450.504822"/>
  </frame>
 </anim>
</Anims>
