<Anims>
 <anim name="anim" root="icecreammachine" numframes="100" framerate="40">
  <frame idx="0" w="516" h="809" x="-184.499985" y="-361.000000">
   <element name="body" layername="body" frame="1" z_index="9" m_a="1.000000" m_b="0.000000" m_c="0.000000" m_d="1.000000" m_tx="19.000000" m_ty="-19.000000"/>
   <element name="leg" layername="leg" frame="0" z_index="13" m_a="1.000000" m_b="0.000000" m_c="0.000000" m_d="1.000000" m_tx="43.276924" m_ty="-50.615852"/>
   <element name="leg" layername="leg-2" frame="0" z_index="14" m_a="1.000000" m_b="0.000000" m_c="0.000000" m_d="1.000000" m_tx="110.000000" m_ty="-86.000000"/>
   <element name="leg" layername="leg-3" frame="1" z_index="15" m_a="1.000000" m_b="0.000000" m_c="0.000000" m_d="1.000000" m_tx="-72.317307" m_ty="-67.625000"/>
   <element name="leg" layername="leg" frame="1" z_index="16" m_a="1.000000" m_b="0.000000" m_c="0.000000" m_d="1.000000" m_tx="-1.000000" m_ty="-79.000000"/>
   <element name="lever" layername="lever" frame="0" z_index="12" m_a="1.000000" m_b="0.000000" m_c="0.000000" m_d="1.000000" m_tx="-107.466217" m_ty="-191.333328"/>
   <element name="muffler" layername="muffler" frame="0" z_index="11" m_a="1.000000" m_b="0.000000" m_c="0.000000" m_d="1.000000" m_tx="140.238632" m_ty="-275.264282"/>
   <element name="wire" layername="wire" frame="0" z_index="10" m_a="1.000000" m_b="0.000000" m_c="0.000000" m_d="1.000000" m_tx="164.887329" m_ty="-85.028572"/>
  </frame>
  <frame idx="25" w="516" h="809" x="-184.499985" y="-361.000000">
   <element name="body" layername="body" frame="1" z_index="9" m_a="1.000000" m_b="0.000000" m_c="0.000000" m_d="1.000000" m_tx="19.000000" m_ty="-19.000000"/>
   <element name="leg" layername="leg" frame="0" z_index="13" m_a="1.000000" m_b="0.000000" m_c="0.000000" m_d="1.000000" m_tx="43.276924" m_ty="-50.615852"/>
   <element name="leg" layername="leg-2" frame="0" z_index="14" m_a="1.000000" m_b="0.000000" m_c="0.000000" m_d="1.000000" m_tx="110.000000" m_ty="-86.000000"/>
   <element name="leg" layername="leg-3" frame="1" z_index="15" m_a="1.000000" m_b="0.000000" m_c="0.000000" m_d="1.000000" m_tx="-72.317307" m_ty="-67.625000"/>
   <element name="leg" layername="leg" frame="1" z_index="16" m_a="1.000000" m_b="0.000000" m_c="0.000000" m_d="1.000000" m_tx="-1.000000" m_ty="-79.000000"/>
   <element name="lever" layername="lever" frame="0" z_index="12" m_a="1.000000" m_b="0.000000" m_c="0.000000" m_d="1.000000" m_tx="-107.466217" m_ty="-191.333328"/>
   <element name="muffler" layername="muffler" frame="0" z_index="11" m_a="1.000000" m_b="0.000000" m_c="0.000000" m_d="1.000000" m_tx="140.238632" m_ty="-275.264282"/>
   <element name="wire" layername="wire" frame="0" z_index="10" m_a="1.000000" m_b="0.000000" m_c="0.000000" m_d="1.000000" m_tx="164.887329" m_ty="-85.028572"/>
  </frame>
  <frame idx="50" w="516" h="809" x="-184.499985" y="-361.000000">
   <element name="body" layername="body" frame="1" z_index="9" m_a="1.000000" m_b="0.000000" m_c="0.000000" m_d="1.000000" m_tx="19.000000" m_ty="-19.000000"/>
   <element name="leg" layername="leg" frame="0" z_index="13" m_a="1.000000" m_b="0.000000" m_c="0.000000" m_d="1.000000" m_tx="43.276924" m_ty="-50.615852"/>
   <element name="leg" layername="leg-2" frame="0" z_index="14" m_a="1.000000" m_b="0.000000" m_c="0.000000" m_d="1.000000" m_tx="110.000000" m_ty="-86.000000"/>
   <element name="leg" layername="leg-3" frame="1" z_index="15" m_a="1.000000" m_b="0.000000" m_c="0.000000" m_d="1.000000" m_tx="-72.317307" m_ty="-67.625000"/>
   <element name="leg" layername="leg" frame="1" z_index="16" m_a="1.000000" m_b="0.000000" m_c="0.000000" m_d="1.000000" m_tx="-1.000000" m_ty="-79.000000"/>
   <element name="lever" layername="lever" frame="0" z_index="12" m_a="1.000000" m_b="0.000000" m_c="0.000000" m_d="1.000000" m_tx="-107.466217" m_ty="-191.333328"/>
   <element name="muffler" layername="muffler" frame="0" z_index="11" m_a="1.000000" m_b="0.000000" m_c="0.000000" m_d="1.000000" m_tx="140.238632" m_ty="-275.264282"/>
   <element name="wire" layername="wire" frame="0" z_index="10" m_a="1.000000" m_b="0.000000" m_c="0.000000" m_d="1.000000" m_tx="164.887329" m_ty="-85.028572"/>
  </frame>
  <frame idx="75" w="516" h="809" x="-184.499985" y="-361.000000">
   <element name="body" layername="body" frame="1" z_index="9" m_a="1.000000" m_b="0.000000" m_c="0.000000" m_d="1.000000" m_tx="19.000000" m_ty="-19.000000"/>
   <element name="leg" layername="leg" frame="0" z_index="13" m_a="1.000000" m_b="0.000000" m_c="0.000000" m_d="1.000000" m_tx="43.276924" m_ty="-50.615852"/>
   <element name="leg" layername="leg-2" frame="0" z_index="14" m_a="1.000000" m_b="0.000000" m_c="0.000000" m_d="1.000000" m_tx="110.000000" m_ty="-86.000000"/>
   <element name="leg" layername="leg-3" frame="1" z_index="15" m_a="1.000000" m_b="0.000000" m_c="0.000000" m_d="1.000000" m_tx="-72.317307" m_ty="-67.625000"/>
   <element name="leg" layername="leg" frame="1" z_index="16" m_a="1.000000" m_b="0.000000" m_c="0.000000" m_d="1.000000" m_tx="-1.000000" m_ty="-79.000000"/>
   <element name="lever" layername="lever" frame="0" z_index="12" m_a="1.000000" m_b="0.000000" m_c="0.000000" m_d="1.000000" m_tx="-107.466217" m_ty="-191.333328"/>
   <element name="muffler" layername="muffler" frame="0" z_index="11" m_a="1.000000" m_b="0.000000" m_c="0.000000" m_d="1.000000" m_tx="140.238632" m_ty="-275.264282"/>
   <element name="wire" layername="wire" frame="0" z_index="10" m_a="1.000000" m_b="0.000000" m_c="0.000000" m_d="1.000000" m_tx="164.887329" m_ty="-85.028572"/>
  </frame>
 </anim>
 <anim name="idle" root="icecreammachine" numframes="775" framerate="40">
  <frame idx="0" w="516" h="809" x="-184.499985" y="-361.000000">
   <element name="body" layername="body" frame="1" z_index="9" m_a="1.000000" m_b="0.000000" m_c="0.000000" m_d="1.000000" m_tx="19.000000" m_ty="-19.000000"/>
   <element name="leg" layername="leg" frame="0" z_index="13" m_a="1.000000" m_b="0.000000" m_c="0.000000" m_d="1.000000" m_tx="43.276924" m_ty="-50.615852"/>
   <element name="leg" layername="leg-2" frame="0" z_index="14" m_a="1.000000" m_b="0.000000" m_c="0.000000" m_d="1.000000" m_tx="110.000000" m_ty="-86.000000"/>
   <element name="leg" layername="leg-3" frame="1" z_index="15" m_a="1.000000" m_b="0.000000" m_c="0.000000" m_d="1.000000" m_tx="-72.317307" m_ty="-67.625000"/>
   <element name="leg" layername="leg" frame="1" z_index="16" m_a="1.000000" m_b="0.000000" m_c="0.000000" m_d="1.000000" m_tx="-1.000000" m_ty="-79.000000"/>
   <element name="lever" layername="lever" frame="0" z_index="12" m_a="1.000000" m_b="0.000000" m_c="0.000000" m_d="1.000000" m_tx="-107.466217" m_ty="-191.333328"/>
   <element name="muffler" layername="muffler" frame="0" z_index="11" m_a="1.000000" m_b="0.000000" m_c="0.000000" m_d="1.000000" m_tx="140.238632" m_ty="-275.264282"/>
   <element name="wire" layername="wire" frame="0" z_index="10" m_a="1.000000" m_b="0.000000" m_c="0.000000" m_d="1.000000" m_tx="164.887329" m_ty="-85.028572"/>
  </frame>
  <frame idx="25" w="516" h="801" x="-184.159302" y="-358.476807">
   <element name="body" layername="body" frame="1" z_index="9" m_a="0.999990" m_b="-0.004452" m_c="0.004418" m_d="0.992338" m_tx="19.000000" m_ty="-18.999989"/>
   <element name="leg" layername="leg" frame="0" z_index="13" m_a="1.000000" m_b="0.000000" m_c="0.000000" m_d="0.989453" m_tx="43.276924" m_ty="-50.020615"/>
   <element name="leg" layername="leg-2" frame="0" z_index="14" m_a="1.000000" m_b="0.000000" m_c="0.000000" m_d="0.993474" m_tx="110.000000" m_ty="-85.537041"/>
   <element name="leg" layername="leg-3" frame="1" z_index="15" m_a="1.000000" m_b="0.000000" m_c="0.000000" m_d="0.990503" m_tx="-72.317307" m_ty="-67.095901"/>
   <element name="leg" layername="leg" frame="1" z_index="16" m_a="1.000000" m_b="0.000000" m_c="0.000000" m_d="0.982515" m_tx="-1.000000" m_ty="-77.941795"/>
   <element name="lever" layername="lever" frame="0" z_index="12" m_a="0.999799" m_b="0.020031" m_c="-0.020031" m_d="0.999799" m_tx="-107.466217" m_ty="-191.333328"/>
   <element name="muffler" layername="muffler" frame="0" z_index="11" m_a="1.027635" m_b="-0.009151" m_c="0.008905" m_d="0.999960" m_tx="140.040222" m_ty="-273.147888"/>
   <element name="wire" layername="wire" frame="0" z_index="10" m_a="1.000000" m_b="0.000000" m_c="0.000000" m_d="0.980327" m_tx="164.887329" m_ty="-84.036507"/>
  </frame>
  <frame idx="50" w="518" h="793" x="-184.305099" y="-355.957153">
   <element name="body" layername="body" frame="1" z_index="9" m_a="0.999960" m_b="-0.008905" m_c="0.008768" m_d="0.984657" m_tx="19.000000" m_ty="-18.999977"/>
   <element name="leg" layername="leg" frame="0" z_index="13" m_a="1.000000" m_b="0.000000" m_c="0.000000" m_d="0.978907" m_tx="43.276924" m_ty="-49.425377"/>
   <element name="leg" layername="leg-2" frame="0" z_index="14" m_a="1.000000" m_b="0.000000" m_c="0.000000" m_d="0.986948" m_tx="110.000000" m_ty="-85.074074"/>
   <element name="leg" layername="leg-3" frame="1" z_index="15" m_a="1.000000" m_b="0.000000" m_c="0.000000" m_d="0.981007" m_tx="-72.317307" m_ty="-66.566795"/>
   <element name="leg" layername="leg" frame="1" z_index="16" m_a="1.000000" m_b="0.000000" m_c="0.000000" m_d="0.965031" m_tx="-1.000000" m_ty="-76.883598"/>
   <element name="lever" layername="lever" frame="0" z_index="12" m_a="0.999197" m_b="0.040054" m_c="-0.040054" m_d="0.999197" m_tx="-107.466217" m_ty="-191.333328"/>
   <element name="muffler" layername="muffler" frame="0" z_index="11" m_a="1.055184" m_b="-0.018794" m_c="0.017809" m_d="0.999841" m_tx="139.841812" m_ty="-271.031464"/>
   <element name="wire" layername="wire" frame="0" z_index="10" m_a="1.000000" m_b="0.000000" m_c="0.000000" m_d="0.960655" m_tx="164.887329" m_ty="-83.044449"/>
  </frame>
  <frame idx="75" w="518" h="785" x="-183.937531" y="-352.941132">
   <element name="body" layername="body" frame="1" z_index="9" m_a="0.999911" m_b="-0.013357" m_c="0.013050" m_d="0.976957" m_tx="19.000000" m_ty="-18.999966"/>
   <element name="leg" layername="leg" frame="0" z_index="13" m_a="1.000000" m_b="0.000000" m_c="0.000000" m_d="0.968360" m_tx="43.276924" m_ty="-48.830139"/>
   <element name="leg" layername="leg-2" frame="0" z_index="14" m_a="1.000000" m_b="0.000000" m_c="0.000000" m_d="0.980422" m_tx="110.000000" m_ty="-84.611115"/>
   <element name="leg" layername="leg-3" frame="1" z_index="15" m_a="1.000000" m_b="0.000000" m_c="0.000000" m_d="0.971510" m_tx="-72.317307" m_ty="-66.037697"/>
   <element name="leg" layername="leg" frame="1" z_index="16" m_a="1.000000" m_b="0.000000" m_c="0.000000" m_d="0.947546" m_tx="-1.000000" m_ty="-75.825394"/>
   <element name="lever" layername="lever" frame="0" z_index="12" m_a="0.998195" m_b="0.060061" m_c="-0.060061" m_d="0.998195" m_tx="-107.466217" m_ty="-191.333328"/>
   <element name="muffler" layername="muffler" frame="0" z_index="11" m_a="1.082641" m_b="-0.028929" m_c="0.026711" m_d="0.999643" m_tx="139.643402" m_ty="-268.915070"/>
   <element name="wire" layername="wire" frame="0" z_index="10" m_a="1.000000" m_b="0.000000" m_c="0.000000" m_d="0.940982" m_tx="164.887329" m_ty="-82.052383"/>
  </frame>
  <frame idx="100" w="518" h="777" x="-183.556717" y="-350.405731">
   <element name="body" layername="body" frame="1" z_index="9" m_a="0.999860" m_b="-0.016740" m_c="0.016228" m_d="0.969256" m_tx="19.000000" m_ty="-18.999954"/>
   <element name="leg" layername="leg" frame="0" z_index="13" m_a="1.000000" m_b="0.000000" m_c="0.000000" m_d="0.957814" m_tx="43.276924" m_ty="-48.234901"/>
   <element name="leg" layername="leg-2" frame="0" z_index="14" m_a="1.000000" m_b="0.000000" m_c="0.000000" m_d="0.973896" m_tx="110.000000" m_ty="-84.148148"/>
   <element name="leg" layername="leg-3" frame="1" z_index="15" m_a="1.000000" m_b="0.000000" m_c="0.000000" m_d="0.962013" m_tx="-72.317307" m_ty="-65.508598"/>
   <element name="leg" layername="leg" frame="1" z_index="16" m_a="1.000000" m_b="0.000000" m_c="0.000000" m_d="0.930061" m_tx="-1.000000" m_ty="-74.767197"/>
   <element name="lever" layername="lever" frame="0" z_index="12" m_a="0.996791" m_b="0.080044" m_c="-0.080044" m_d="0.996791" m_tx="-107.466217" m_ty="-191.333328"/>
   <element name="muffler" layername="muffler" frame="0" z_index="11" m_a="1.110081" m_b="-0.037181" m_c="0.033476" m_d="0.999440" m_tx="139.444992" m_ty="-266.798676"/>
   <element name="wire" layername="wire" frame="0" z_index="10" m_a="1.000000" m_b="0.000000" m_c="0.000000" m_d="0.921310" m_tx="164.887329" m_ty="-81.060318"/>
  </frame>
  <frame idx="125" w="516" h="776" x="-182.662827" y="-348.098846">
   <element name="body" layername="body" frame="1" z_index="9" m_a="0.999969" m_b="-0.007836" m_c="0.007536" m_d="0.961710" m_tx="19.000000" m_ty="-18.999941"/>
   <element name="leg" layername="leg" frame="0" z_index="13" m_a="1.000000" m_b="0.000000" m_c="0.000000" m_d="0.947267" m_tx="43.276924" m_ty="-47.639664"/>
   <element name="leg" layername="leg-2" frame="0" z_index="14" m_a="1.000000" m_b="0.000000" m_c="0.000000" m_d="0.967370" m_tx="110.000000" m_ty="-83.685188"/>
   <element name="leg" layername="leg-3" frame="1" z_index="15" m_a="1.000000" m_b="0.000000" m_c="0.000000" m_d="0.952517" m_tx="-72.317307" m_ty="-64.979500"/>
   <element name="leg" layername="leg" frame="1" z_index="16" m_a="1.000000" m_b="0.000000" m_c="0.000000" m_d="0.912577" m_tx="-1.000000" m_ty="-73.708992"/>
   <element name="lever" layername="lever" frame="0" z_index="12" m_a="0.994988" m_b="0.099995" m_c="-0.099995" m_d="0.994988" m_tx="-107.466217" m_ty="-191.333328"/>
   <element name="muffler" layername="muffler" frame="0" z_index="11" m_a="1.138239" m_b="-0.017840" m_c="0.015672" m_d="0.999877" m_tx="139.246567" m_ty="-264.682281"/>
   <element name="wire" layername="wire" frame="0" z_index="10" m_a="1.000000" m_b="0.000000" m_c="0.000000" m_d="0.901637" m_tx="164.887329" m_ty="-80.068253"/>
  </frame>
  <frame idx="150" w="514" h="775" x="-182.256027" y="-345.775970">
   <element name="body" layername="body" frame="1" z_index="9" m_a="0.999999" m_b="0.001069" m_c="-0.001020" m_d="0.954087" m_tx="19.000000" m_ty="-18.999929"/>
   <element name="leg" layername="leg" frame="0" z_index="13" m_a="1.000000" m_b="0.000000" m_c="0.000000" m_d="0.936720" m_tx="43.276924" m_ty="-47.044422"/>
   <element name="leg" layername="leg-2" frame="0" z_index="14" m_a="1.000000" m_b="0.000000" m_c="0.000000" m_d="0.960844" m_tx="110.000000" m_ty="-83.222221"/>
   <element name="leg" layername="leg-3" frame="1" z_index="15" m_a="1.000000" m_b="0.000000" m_c="0.000000" m_d="0.943020" m_tx="-72.317307" m_ty="-64.450394"/>
   <element name="leg" layername="leg" frame="1" z_index="16" m_a="1.000000" m_b="0.000000" m_c="0.000000" m_d="0.895092" m_tx="-1.000000" m_ty="-72.650795"/>
   <element name="lever" layername="lever" frame="0" z_index="12" m_a="0.992785" m_b="0.119905" m_c="-0.119905" m_d="0.992785" m_tx="-107.466217" m_ty="-191.333328"/>
   <element name="muffler" layername="muffler" frame="0" z_index="11" m_a="1.166052" m_b="0.002492" m_c="-0.002137" m_d="0.999998" m_tx="139.048157" m_ty="-262.565857"/>
   <element name="wire" layername="wire" frame="0" z_index="10" m_a="1.000000" m_b="0.000000" m_c="0.000000" m_d="0.881964" m_tx="164.887329" m_ty="-79.076195"/>
  </frame>
  <frame idx="175" w="512" h="773" x="-181.836456" y="-342.937256">
   <element name="body" layername="body" frame="1" z_index="9" m_a="0.999950" m_b="0.009973" m_c="-0.009439" m_d="0.946389" m_tx="19.000000" m_ty="-18.999918"/>
   <element name="leg" layername="leg" frame="0" z_index="13" m_a="1.000000" m_b="0.000000" m_c="0.000000" m_d="0.926174" m_tx="43.276924" m_ty="-46.449184"/>
   <element name="leg" layername="leg-2" frame="0" z_index="14" m_a="1.000000" m_b="0.000000" m_c="0.000000" m_d="0.954319" m_tx="110.000000" m_ty="-82.759262"/>
   <element name="leg" layername="leg-3" frame="1" z_index="15" m_a="1.000000" m_b="0.000000" m_c="0.000000" m_d="0.933523" m_tx="-72.317307" m_ty="-63.921295"/>
   <element name="leg" layername="leg" frame="1" z_index="16" m_a="1.000000" m_b="0.000000" m_c="0.000000" m_d="0.877607" m_tx="-1.000000" m_ty="-71.592590"/>
   <element name="lever" layername="lever" frame="0" z_index="12" m_a="0.990184" m_b="0.139768" m_c="-0.139768" m_d="0.990184" m_tx="-107.466217" m_ty="-191.333328"/>
   <element name="muffler" layername="muffler" frame="0" z_index="11" m_a="1.193493" m_b="0.023809" m_c="-0.019945" m_d="0.999801" m_tx="138.849747" m_ty="-260.449463"/>
   <element name="wire" layername="wire" frame="0" z_index="10" m_a="1.000000" m_b="0.000000" m_c="0.000000" m_d="0.862292" m_tx="164.887329" m_ty="-78.084129"/>
  </frame>
  <frame idx="200" w="509" h="771" x="-180.904297" y="-340.657715">
   <element name="body" layername="body" frame="1" z_index="9" m_a="0.999872" m_b="0.016028" m_c="-0.015046" m_d="0.938663" m_tx="19.000000" m_ty="-18.999907"/>
   <element name="leg" layername="leg" frame="0" z_index="13" m_a="1.000000" m_b="0.000000" m_c="0.000000" m_d="0.915627" m_tx="43.276924" m_ty="-45.853947"/>
   <element name="leg" layername="leg-2" frame="0" z_index="14" m_a="1.000000" m_b="0.000000" m_c="0.000000" m_d="0.947793" m_tx="110.000000" m_ty="-82.296295"/>
   <element name="leg" layername="leg-3" frame="1" z_index="15" m_a="1.000000" m_b="0.000000" m_c="0.000000" m_d="0.924026" m_tx="-72.317307" m_ty="-63.392197"/>
   <element name="leg" layername="leg" frame="1" z_index="16" m_a="1.000000" m_b="0.000000" m_c="0.000000" m_d="0.860123" m_tx="-1.000000" m_ty="-70.534393"/>
   <element name="lever" layername="lever" frame="0" z_index="12" m_a="0.987186" m_b="0.159574" m_c="-0.159574" m_d="0.987186" m_tx="-107.466217" m_ty="-191.333328"/>
   <element name="muffler" layername="muffler" frame="0" z_index="11" m_a="1.220779" m_b="0.039147" m_c="-0.032051" m_d="0.999486" m_tx="138.651337" m_ty="-258.333069"/>
   <element name="wire" layername="wire" frame="0" z_index="10" m_a="1.000000" m_b="0.000000" m_c="0.000000" m_d="0.842619" m_tx="164.887329" m_ty="-77.092064"/>
  </frame>
  <frame idx="225" w="511" h="760" x="-180.959732" y="-337.767944">
   <element name="body" layername="body" frame="1" z_index="9" m_a="0.999975" m_b="0.007124" m_c="-0.006633" m_d="0.931108" m_tx="19.000000" m_ty="-18.999895"/>
   <element name="leg" layername="leg" frame="0" z_index="13" m_a="1.000000" m_b="0.000000" m_c="0.000000" m_d="0.905080" m_tx="43.276924" m_ty="-45.258709"/>
   <element name="leg" layername="leg-2" frame="0" z_index="14" m_a="1.000000" m_b="0.000000" m_c="0.000000" m_d="0.941267" m_tx="110.000000" m_ty="-81.833336"/>
   <element name="leg" layername="leg-3" frame="1" z_index="15" m_a="1.000000" m_b="0.000000" m_c="0.000000" m_d="0.914530" m_tx="-72.317307" m_ty="-62.863094"/>
   <element name="leg" layername="leg" frame="1" z_index="16" m_a="1.000000" m_b="0.000000" m_c="0.000000" m_d="0.842638" m_tx="-1.000000" m_ty="-69.476189"/>
   <element name="lever" layername="lever" frame="0" z_index="12" m_a="0.983791" m_b="0.179317" m_c="-0.179317" m_d="0.983791" m_tx="-107.466217" m_ty="-191.333328"/>
   <element name="muffler" layername="muffler" frame="0" z_index="11" m_a="1.248955" m_b="0.017795" m_c="-0.014247" m_d="0.999898" m_tx="138.452911" m_ty="-256.216675"/>
   <element name="wire" layername="wire" frame="0" z_index="10" m_a="1.000000" m_b="0.000000" m_c="0.000000" m_d="0.822946" m_tx="164.887329" m_ty="-76.099998"/>
  </frame>
  <frame idx="250" w="512" h="749" x="-180.502930" y="-334.882538">
   <element name="body" layername="body" frame="1" z_index="9" m_a="0.999998" m_b="-0.001781" m_c="0.001645" m_d="0.923478" m_tx="19.000000" m_ty="-18.999884"/>
   <element name="leg" layername="leg" frame="0" z_index="13" m_a="1.000000" m_b="0.000000" m_c="0.000000" m_d="0.894534" m_tx="43.276924" m_ty="-44.663471"/>
   <element name="leg" layername="leg-2" frame="0" z_index="14" m_a="1.000000" m_b="0.000000" m_c="0.000000" m_d="0.934741" m_tx="110.000000" m_ty="-81.370369"/>
   <element name="leg" layername="leg-3" frame="1" z_index="15" m_a="1.000000" m_b="0.000000" m_c="0.000000" m_d="0.905033" m_tx="-72.317307" m_ty="-62.333996"/>
   <element name="leg" layername="leg" frame="1" z_index="16" m_a="1.000000" m_b="0.000000" m_c="0.000000" m_d="0.825153" m_tx="-1.000000" m_ty="-68.417992"/>
   <element name="lever" layername="lever" frame="0" z_index="12" m_a="0.980002" m_b="0.198987" m_c="-0.198987" m_d="0.980002" m_tx="-107.466217" m_ty="-191.333328"/>
   <element name="muffler" layername="muffler" frame="0" z_index="11" m_a="1.276749" m_b="-0.004547" m_c="0.003562" m_d="0.999994" m_tx="138.254501" m_ty="-254.100266"/>
   <element name="wire" layername="wire" frame="0" z_index="10" m_a="1.000000" m_b="0.000000" m_c="0.000000" m_d="0.803274" m_tx="164.887329" m_ty="-75.107941"/>
  </frame>
  <frame idx="275" w="513" h="740" x="-180.034073" y="-332.501465">
   <element name="body" layername="body" frame="1" z_index="9" m_a="0.999943" m_b="-0.010685" m_c="0.009786" m_d="0.915775" m_tx="19.000000" m_ty="-18.999872"/>
   <element name="leg" layername="leg" frame="0" z_index="13" m_a="1.000000" m_b="0.000000" m_c="0.000000" m_d="0.883987" m_tx="43.276924" m_ty="-44.068233"/>
   <element name="leg" layername="leg-2" frame="0" z_index="14" m_a="1.000000" m_b="0.000000" m_c="0.000000" m_d="0.928215" m_tx="110.000000" m_ty="-80.907410"/>
   <element name="leg" layername="leg-3" frame="1" z_index="15" m_a="1.000000" m_b="0.000000" m_c="0.000000" m_d="0.895536" m_tx="-72.317307" m_ty="-61.804893"/>
   <element name="leg" layername="leg" frame="1" z_index="16" m_a="1.000000" m_b="0.000000" m_c="0.000000" m_d="0.807669" m_tx="-1.000000" m_ty="-67.359787"/>
   <element name="lever" layername="lever" frame="0" z_index="12" m_a="0.975820" m_b="0.218578" m_c="-0.218578" m_d="0.975820" m_tx="-107.466217" m_ty="-191.333328"/>
   <element name="muffler" layername="muffler" frame="0" z_index="11" m_a="1.304135" m_b="-0.027876" m_c="0.021370" m_d="0.999772" m_tx="138.056091" m_ty="-251.983856"/>
   <element name="wire" layername="wire" frame="0" z_index="10" m_a="1.000000" m_b="0.000000" m_c="0.000000" m_d="0.783601" m_tx="164.887329" m_ty="-74.115875"/>
  </frame>
  <frame idx="300" w="513" h="731" x="-179.553345" y="-329.503967">
   <element name="body" layername="body" frame="3" z_index="9" m_a="0.999888" m_b="-0.014959" m_c="0.013586" m_d="0.908074" m_tx="19.000000" m_ty="-18.999859"/>
   <element name="leg" layername="leg" frame="0" z_index="13" m_a="1.000000" m_b="0.000000" m_c="0.000000" m_d="0.873440" m_tx="43.276924" m_ty="-43.472996"/>
   <element name="leg" layername="leg-2" frame="0" z_index="14" m_a="1.000000" m_b="0.000000" m_c="0.000000" m_d="0.921689" m_tx="110.000000" m_ty="-80.444443"/>
   <element name="leg" layername="leg-3" frame="1" z_index="15" m_a="1.000000" m_b="0.000000" m_c="0.000000" m_d="0.886040" m_tx="-72.317307" m_ty="-61.275795"/>
   <element name="leg" layername="leg" frame="1" z_index="16" m_a="1.000000" m_b="0.000000" m_c="0.000000" m_d="0.790184" m_tx="-1.000000" m_ty="-66.301590"/>
   <element name="lever" layername="lever" frame="0" z_index="12" m_a="0.971245" m_b="0.238081" m_c="-0.238081" m_d="0.971245" m_tx="-107.466217" m_ty="-191.333328"/>
   <element name="muffler" layername="muffler" frame="0" z_index="11" m_a="1.331513" m_b="-0.039851" m_c="0.029915" m_d="0.999552" m_tx="137.857681" m_ty="-249.867462"/>
   <element name="wire" layername="wire" frame="0" z_index="10" m_a="1.000000" m_b="0.000000" m_c="0.000000" m_d="0.763929" m_tx="164.887329" m_ty="-73.123810"/>
  </frame>
  <frame idx="325" w="511" h="731" x="-179.060959" y="-327.113586">
   <element name="body" layername="body" frame="3" z_index="9" m_a="0.999990" m_b="-0.004571" m_c="0.004116" m_d="0.900514" m_tx="19.000000" m_ty="-18.999847"/>
   <element name="leg" layername="leg" frame="0" z_index="13" m_a="1.000000" m_b="0.000000" m_c="0.000000" m_d="0.862894" m_tx="43.276924" m_ty="-42.877758"/>
   <element name="leg" layername="leg-2" frame="0" z_index="14" m_a="1.000000" m_b="0.000000" m_c="0.000000" m_d="0.915163" m_tx="110.000000" m_ty="-79.981483"/>
   <element name="leg" layername="leg-3" frame="1" z_index="15" m_a="1.000000" m_b="0.000000" m_c="0.000000" m_d="0.876543" m_tx="-72.317307" m_ty="-60.746693"/>
   <element name="leg" layername="leg" frame="1" z_index="16" m_a="1.000000" m_b="0.000000" m_c="0.000000" m_d="0.772699" m_tx="-1.000000" m_ty="-65.243385"/>
   <element name="lever" layername="lever" frame="0" z_index="12" m_a="0.966281" m_b="0.257488" m_c="-0.257488" m_d="0.966281" m_tx="-107.466217" m_ty="-191.333328"/>
   <element name="muffler" layername="muffler" frame="0" z_index="11" m_a="1.359728" m_b="-0.012431" m_c="0.009142" m_d="0.999958" m_tx="137.659271" m_ty="-247.751053"/>
   <element name="wire" layername="wire" frame="0" z_index="10" m_a="1.000000" m_b="0.000000" m_c="0.000000" m_d="0.744256" m_tx="164.887329" m_ty="-72.131744"/>
  </frame>
  <frame idx="350" w="508" h="730" x="-178.057083" y="-324.703491">
   <element name="body" layername="body" frame="3" z_index="9" m_a="0.999983" m_b="0.005818" m_c="-0.005194" m_d="0.892857" m_tx="19.000000" m_ty="-18.999836"/>
   <element name="leg" layername="leg" frame="0" z_index="13" m_a="1.000000" m_b="0.000000" m_c="0.000000" m_d="0.852347" m_tx="43.276924" m_ty="-42.282520"/>
   <element name="leg" layername="leg-2" frame="0" z_index="14" m_a="1.000000" m_b="0.000000" m_c="0.000000" m_d="0.908637" m_tx="110.000000" m_ty="-79.518517"/>
   <element name="leg" layername="leg-3" frame="1" z_index="15" m_a="1.000000" m_b="0.000000" m_c="0.000000" m_d="0.867046" m_tx="-72.317307" m_ty="-60.217594"/>
   <element name="leg" layername="leg" frame="1" z_index="16" m_a="1.000000" m_b="0.000000" m_c="0.000000" m_d="0.755215" m_tx="-1.000000" m_ty="-64.185188"/>
   <element name="lever" layername="lever" frame="0" z_index="12" m_a="0.960930" m_b="0.276792" m_c="-0.276792" m_d="0.960930" m_tx="-107.466217" m_ty="-191.333328"/>
   <element name="muffler" layername="muffler" frame="0" z_index="11" m_a="1.387367" m_b="0.016143" m_c="-0.011635" m_d="0.999932" m_tx="137.460861" m_ty="-245.634659"/>
   <element name="wire" layername="wire" frame="0" z_index="10" m_a="1.000000" m_b="0.000000" m_c="0.000000" m_d="0.724583" m_tx="164.887329" m_ty="-71.139687"/>
  </frame>
  <frame idx="375" w="506" h="729" x="-177.541946" y="-322.273804">
   <element name="body" layername="body" frame="3" z_index="9" m_a="0.999869" m_b="0.016206" m_c="-0.014346" m_d="0.885104" m_tx="19.000000" m_ty="-18.999825"/>
   <element name="leg" layername="leg" frame="0" z_index="13" m_a="1.000000" m_b="0.000000" m_c="0.000000" m_d="0.841801" m_tx="43.276924" m_ty="-41.687283"/>
   <element name="leg" layername="leg-2" frame="0" z_index="14" m_a="1.000000" m_b="0.000000" m_c="0.000000" m_d="0.902111" m_tx="110.000000" m_ty="-79.055557"/>
   <element name="leg" layername="leg-3" frame="1" z_index="15" m_a="1.000000" m_b="0.000000" m_c="0.000000" m_d="0.857550" m_tx="-72.317307" m_ty="-59.688492"/>
   <element name="leg" layername="leg" frame="1" z_index="16" m_a="1.000000" m_b="0.000000" m_c="0.000000" m_d="0.737730" m_tx="-1.000000" m_ty="-63.126984"/>
   <element name="lever" layername="lever" frame="0" z_index="12" m_a="0.955193" m_b="0.295985" m_c="-0.295985" m_d="0.955193" m_tx="-107.466217" m_ty="-191.333328"/>
   <element name="muffler" layername="muffler" frame="0" z_index="11" m_a="1.414394" m_b="0.045861" m_c="-0.032408" m_d="0.999475" m_tx="137.262436" m_ty="-243.518250"/>
   <element name="wire" layername="wire" frame="0" z_index="10" m_a="1.000000" m_b="0.000000" m_c="0.000000" m_d="0.704911" m_tx="164.887329" m_ty="-70.147621"/>
  </frame>
  <frame idx="400" w="508" h="728" x="-177.912888" y="-324.121582">
   <element name="body" layername="body" frame="3" z_index="9" m_a="0.999986" m_b="0.005263" m_c="-0.004688" m_d="0.890701" m_tx="19.000000" m_ty="-18.999832"/>
   <element name="leg" layername="leg" frame="0" z_index="13" m_a="1.000000" m_b="0.000000" m_c="0.000000" m_d="0.849372" m_tx="43.276924" m_ty="-42.114594"/>
   <element name="leg" layername="leg-2" frame="0" z_index="14" m_a="1.000000" m_b="0.000000" m_c="0.000000" m_d="0.906796" m_tx="110.000000" m_ty="-79.387909"/>
   <element name="leg" layername="leg-3" frame="1" z_index="15" m_a="1.000000" m_b="0.000000" m_c="0.000000" m_d="0.864367" m_tx="-72.317307" m_ty="-60.068325"/>
   <element name="leg" layername="leg" frame="1" z_index="16" m_a="1.000000" m_b="0.000000" m_c="0.000000" m_d="0.750282" m_tx="-1.000000" m_ty="-63.886650"/>
   <element name="lever" layername="lever" frame="0" z_index="12" m_a="0.959350" m_b="0.282218" m_c="-0.282218" m_d="0.959350" m_tx="-107.466217" m_ty="-191.333328"/>
   <element name="muffler" layername="muffler" frame="0" z_index="11" m_a="1.395192" m_b="0.014688" m_c="-0.010527" m_d="0.999945" m_tx="137.404877" m_ty="-245.037582"/>
   <element name="wire" layername="wire" frame="0" z_index="10" m_a="1.000000" m_b="0.000000" m_c="0.000000" m_d="0.719033" m_tx="164.887329" m_ty="-70.859810"/>
  </frame>
  <frame idx="425" w="512" h="726" x="-178.895950" y="-326.027008">
   <element name="body" layername="body" frame="3" z_index="9" m_a="0.999963" m_b="-0.008588" m_c="0.007712" m_d="0.897966" m_tx="19.000000" m_ty="-18.999844"/>
   <element name="leg" layername="leg" frame="0" z_index="13" m_a="1.000000" m_b="0.000000" m_c="0.000000" m_d="0.859414" m_tx="43.276924" m_ty="-42.681343"/>
   <element name="leg" layername="leg-2" frame="0" z_index="14" m_a="1.000000" m_b="0.000000" m_c="0.000000" m_d="0.913010" m_tx="110.000000" m_ty="-79.828712"/>
   <element name="leg" layername="leg-3" frame="1" z_index="15" m_a="1.000000" m_b="0.000000" m_c="0.000000" m_d="0.873409" m_tx="-72.317307" m_ty="-60.572102"/>
   <element name="leg" layername="leg" frame="1" z_index="16" m_a="1.000000" m_b="0.000000" m_c="0.000000" m_d="0.766930" m_tx="-1.000000" m_ty="-64.894203"/>
   <element name="lever" layername="lever" frame="0" z_index="12" m_a="0.964558" m_b="0.263870" m_c="-0.263870" m_d="0.964558" m_tx="-107.466217" m_ty="-191.333328"/>
   <element name="muffler" layername="muffler" frame="0" z_index="11" m_a="1.368716" m_b="-0.023512" m_c="0.017175" m_d="0.999852" m_tx="137.593796" m_ty="-247.052704"/>
   <element name="wire" layername="wire" frame="0" z_index="10" m_a="1.000000" m_b="0.000000" m_c="0.000000" m_d="0.737764" m_tx="164.887329" m_ty="-71.804390"/>
  </frame>
  <frame idx="450" w="513" h="730" x="-179.368683" y="-328.688660">
   <element name="body" layername="body" frame="3" z_index="9" m_a="0.999898" m_b="-0.014247" m_c="0.012898" m_d="0.905193" m_tx="19.000000" m_ty="-18.999855"/>
   <element name="leg" layername="leg" frame="0" z_index="13" m_a="1.000000" m_b="0.000000" m_c="0.000000" m_d="0.869456" m_tx="43.276924" m_ty="-43.248093"/>
   <element name="leg" layername="leg-2" frame="0" z_index="14" m_a="1.000000" m_b="0.000000" m_c="0.000000" m_d="0.919223" m_tx="110.000000" m_ty="-80.269524"/>
   <element name="leg" layername="leg-3" frame="1" z_index="15" m_a="1.000000" m_b="0.000000" m_c="0.000000" m_d="0.882452" m_tx="-72.317307" m_ty="-61.075882"/>
   <element name="leg" layername="leg" frame="1" z_index="16" m_a="1.000000" m_b="0.000000" m_c="0.000000" m_d="0.783578" m_tx="-1.000000" m_ty="-65.901764"/>
   <element name="lever" layername="lever" frame="0" z_index="12" m_a="0.969416" m_b="0.245424" m_c="-0.245424" m_d="0.969416" m_tx="-107.466217" m_ty="-191.333328"/>
   <element name="muffler" layername="muffler" frame="0" z_index="11" m_a="1.342022" m_b="-0.038251" m_c="0.028491" m_d="0.999594" m_tx="137.782715" m_ty="-249.067810"/>
   <element name="wire" layername="wire" frame="0" z_index="10" m_a="1.000000" m_b="0.000000" m_c="0.000000" m_d="0.756496" m_tx="164.887329" m_ty="-72.748978"/>
  </frame>
  <frame idx="475" w="512" h="740" x="-179.830887" y="-331.461945">
   <element name="body" layername="body" frame="3" z_index="9" m_a="0.999986" m_b="-0.005343" m_c="0.004876" m_d="0.912558" m_tx="19.000000" m_ty="-18.999866"/>
   <element name="leg" layername="leg" frame="0" z_index="13" m_a="1.000000" m_b="0.000000" m_c="0.000000" m_d="0.879497" m_tx="43.276924" m_ty="-43.814846"/>
   <element name="leg" layername="leg-2" frame="0" z_index="14" m_a="1.000000" m_b="0.000000" m_c="0.000000" m_d="0.925437" m_tx="110.000000" m_ty="-80.710327"/>
   <element name="leg" layername="leg-3" frame="1" z_index="15" m_a="1.000000" m_b="0.000000" m_c="0.000000" m_d="0.891494" m_tx="-72.317307" m_ty="-61.579659"/>
   <element name="leg" layername="leg" frame="1" z_index="16" m_a="1.000000" m_b="0.000000" m_c="0.000000" m_d="0.800226" m_tx="-1.000000" m_ty="-66.909317"/>
   <element name="lever" layername="lever" frame="0" z_index="12" m_a="0.973920" m_b="0.226891" m_c="-0.226891" m_d="0.973920" m_tx="-107.466217" m_ty="-191.333328"/>
   <element name="muffler" layername="muffler" frame="0" z_index="11" m_a="1.316140" m_b="-0.014064" m_c="0.010685" m_d="0.999943" m_tx="137.971634" m_ty="-251.082932"/>
   <element name="wire" layername="wire" frame="0" z_index="10" m_a="1.000000" m_b="0.000000" m_c="0.000000" m_d="0.775227" m_tx="164.887329" m_ty="-73.693558"/>
  </frame>
  <frame idx="500" w="511" h="749" x="-180.282394" y="-333.739014">
   <element name="body" layername="body" frame="3" z_index="9" m_a="0.999994" m_b="0.003562" m_c="-0.003276" m_d="0.919850" m_tx="19.000000" m_ty="-18.999878"/>
   <element name="leg" layername="leg" frame="0" z_index="13" m_a="1.000000" m_b="0.000000" m_c="0.000000" m_d="0.889539" m_tx="43.276924" m_ty="-44.381596"/>
   <element name="leg" layername="leg-2" frame="0" z_index="14" m_a="1.000000" m_b="0.000000" m_c="0.000000" m_d="0.931650" m_tx="110.000000" m_ty="-81.151131"/>
   <element name="leg" layername="leg-3" frame="1" z_index="15" m_a="1.000000" m_b="0.000000" m_c="0.000000" m_d="0.900536" m_tx="-72.317307" m_ty="-62.083439"/>
   <element name="leg" layername="leg" frame="1" z_index="16" m_a="1.000000" m_b="0.000000" m_c="0.000000" m_d="0.816874" m_tx="-1.000000" m_ty="-67.916878"/>
   <element name="lever" layername="lever" frame="0" z_index="12" m_a="0.978070" m_b="0.208275" m_c="-0.208275" m_d="0.978070" m_tx="-107.466217" m_ty="-191.333328"/>
   <element name="muffler" layername="muffler" frame="0" z_index="11" m_a="1.289831" m_b="0.009189" m_c="-0.007124" m_d="0.999975" m_tx="138.160553" m_ty="-253.098038"/>
   <element name="wire" layername="wire" frame="0" z_index="10" m_a="1.000000" m_b="0.000000" m_c="0.000000" m_d="0.793958" m_tx="164.887329" m_ty="-74.638145"/>
  </frame>
  <frame idx="525" w="509" h="760" x="-180.223068" y="-336.519958">
   <element name="body" layername="body" frame="3" z_index="9" m_a="0.999922" m_b="0.012466" m_c="-0.011558" m_d="0.927070" m_tx="19.000000" m_ty="-18.999889"/>
   <element name="leg" layername="leg" frame="0" z_index="13" m_a="1.000000" m_b="0.000000" m_c="0.000000" m_d="0.899581" m_tx="43.276924" m_ty="-44.948345"/>
   <element name="leg" layername="leg-2" frame="0" z_index="14" m_a="1.000000" m_b="0.000000" m_c="0.000000" m_d="0.937864" m_tx="110.000000" m_ty="-81.591942"/>
   <element name="leg" layername="leg-3" frame="1" z_index="15" m_a="1.000000" m_b="0.000000" m_c="0.000000" m_d="0.909578" m_tx="-72.317307" m_ty="-62.587215"/>
   <element name="leg" layername="leg" frame="1" z_index="16" m_a="1.000000" m_b="0.000000" m_c="0.000000" m_d="0.833521" m_tx="-1.000000" m_ty="-68.924431"/>
   <element name="lever" layername="lever" frame="0" z_index="12" m_a="0.981865" m_b="0.189583" m_c="-0.189583" m_d="0.981865" m_tx="-107.466217" m_ty="-191.333328"/>
   <element name="muffler" layername="muffler" frame="0" z_index="11" m_a="1.263120" m_b="0.031500" m_c="-0.024931" m_d="0.999689" m_tx="138.349472" m_ty="-255.113144"/>
   <element name="wire" layername="wire" frame="0" z_index="10" m_a="1.000000" m_b="0.000000" m_c="0.000000" m_d="0.812689" m_tx="164.887329" m_ty="-75.582726"/>
  </frame>
  <frame idx="550" w="509" h="766" x="-180.652740" y="-339.013702">
   <element name="body" layername="body" frame="2" z_index="9" m_a="0.999908" m_b="0.013534" m_c="-0.012647" m_d="0.934342" m_tx="19.000000" m_ty="-18.999901"/>
   <element name="leg" layername="leg" frame="0" z_index="13" m_a="1.000000" m_b="0.000000" m_c="0.000000" m_d="0.909623" m_tx="43.276924" m_ty="-45.515099"/>
   <element name="leg" layername="leg-2" frame="0" z_index="14" m_a="1.000000" m_b="0.000000" m_c="0.000000" m_d="0.944078" m_tx="110.000000" m_ty="-82.032745"/>
   <element name="leg" layername="leg-3" frame="1" z_index="15" m_a="1.000000" m_b="0.000000" m_c="0.000000" m_d="0.918620" m_tx="-72.317307" m_ty="-63.090996"/>
   <element name="leg" layername="leg" frame="1" z_index="16" m_a="1.000000" m_b="0.000000" m_c="0.000000" m_d="0.850169" m_tx="-1.000000" m_ty="-69.931992"/>
   <element name="lever" layername="lever" frame="0" z_index="12" m_a="0.985302" m_b="0.170821" m_c="-0.170821" m_d="0.985302" m_tx="-107.466217" m_ty="-191.333328"/>
   <element name="muffler" layername="muffler" frame="0" z_index="11" m_a="1.236708" m_b="0.033486" m_c="-0.027067" m_d="0.999634" m_tx="138.538391" m_ty="-257.128265"/>
   <element name="wire" layername="wire" frame="0" z_index="10" m_a="1.000000" m_b="0.000000" m_c="0.000000" m_d="0.831420" m_tx="164.887329" m_ty="-76.527313"/>
  </frame>
  <frame idx="575" w="512" h="767" x="-181.571243" y="-341.263275">
   <element name="body" layername="body" frame="2" z_index="9" m_a="0.999989" m_b="0.004630" m_c="-0.004360" m_d="0.941703" m_tx="19.000000" m_ty="-18.999910"/>
   <element name="leg" layername="leg" frame="0" z_index="13" m_a="1.000000" m_b="0.000000" m_c="0.000000" m_d="0.919665" m_tx="43.276924" m_ty="-46.081848"/>
   <element name="leg" layername="leg-2" frame="0" z_index="14" m_a="1.000000" m_b="0.000000" m_c="0.000000" m_d="0.950291" m_tx="110.000000" m_ty="-82.473549"/>
   <element name="leg" layername="leg-3" frame="1" z_index="15" m_a="1.000000" m_b="0.000000" m_c="0.000000" m_d="0.927662" m_tx="-72.317307" m_ty="-63.594772"/>
   <element name="leg" layername="leg" frame="1" z_index="16" m_a="1.000000" m_b="0.000000" m_c="0.000000" m_d="0.866817" m_tx="-1.000000" m_ty="-70.939545"/>
   <element name="lever" layername="lever" frame="0" z_index="12" m_a="0.988381" m_b="0.151998" m_c="-0.151998" m_d="0.988381" m_tx="-107.466217" m_ty="-191.333328"/>
   <element name="muffler" layername="muffler" frame="0" z_index="11" m_a="1.210758" m_b="0.011213" m_c="-0.009260" m_d="0.999957" m_tx="138.727295" m_ty="-259.143372"/>
   <element name="wire" layername="wire" frame="0" z_index="10" m_a="1.000000" m_b="0.000000" m_c="0.000000" m_d="0.850151" m_tx="164.887329" m_ty="-77.471893"/>
  </frame>
  <frame idx="600" w="514" h="768" x="-181.978424" y="-343.497467">
   <element name="body" layername="body" frame="2" z_index="9" m_a="0.999991" m_b="-0.004275" m_c="0.004057" m_d="0.948991" m_tx="19.000000" m_ty="-18.999922"/>
   <element name="leg" layername="leg" frame="0" z_index="13" m_a="1.000000" m_b="0.000000" m_c="0.000000" m_d="0.929707" m_tx="43.276924" m_ty="-46.648598"/>
   <element name="leg" layername="leg-2" frame="0" z_index="14" m_a="1.000000" m_b="0.000000" m_c="0.000000" m_d="0.956505" m_tx="110.000000" m_ty="-82.914360"/>
   <element name="leg" layername="leg-3" frame="1" z_index="15" m_a="1.000000" m_b="0.000000" m_c="0.000000" m_d="0.936705" m_tx="-72.317307" m_ty="-64.098549"/>
   <element name="leg" layername="leg" frame="1" z_index="16" m_a="1.000000" m_b="0.000000" m_c="0.000000" m_d="0.883465" m_tx="-1.000000" m_ty="-71.947105"/>
   <element name="lever" layername="lever" frame="0" z_index="12" m_a="0.991100" m_b="0.133119" m_c="-0.133119" m_d="0.991100" m_tx="-107.466217" m_ty="-191.333328"/>
   <element name="muffler" layername="muffler" frame="0" z_index="11" m_a="1.184416" m_b="-0.010126" m_c="0.008549" m_d="0.999963" m_tx="138.916214" m_ty="-261.158508"/>
   <element name="wire" layername="wire" frame="0" z_index="10" m_a="1.000000" m_b="0.000000" m_c="0.000000" m_d="0.868882" m_tx="164.887329" m_ty="-78.416481"/>
  </frame>
  <frame idx="625" w="516" h="770" x="-182.374146" y="-346.216217">
   <element name="body" layername="body" frame="2" z_index="9" m_a="0.999913" m_b="-0.013179" m_c="0.012603" m_d="0.956202" m_tx="19.000000" m_ty="-18.999933"/>
   <element name="leg" layername="leg" frame="0" z_index="13" m_a="1.000000" m_b="0.000000" m_c="0.000000" m_d="0.939749" m_tx="43.276924" m_ty="-47.215347"/>
   <element name="leg" layername="leg-2" frame="0" z_index="14" m_a="1.000000" m_b="0.000000" m_c="0.000000" m_d="0.962718" m_tx="110.000000" m_ty="-83.355164"/>
   <element name="leg" layername="leg-3" frame="1" z_index="15" m_a="1.000000" m_b="0.000000" m_c="0.000000" m_d="0.945747" m_tx="-72.317307" m_ty="-64.602333"/>
   <element name="leg" layername="leg" frame="1" z_index="16" m_a="1.000000" m_b="0.000000" m_c="0.000000" m_d="0.900113" m_tx="-1.000000" m_ty="-72.954659"/>
   <element name="lever" layername="lever" frame="0" z_index="12" m_a="0.993459" m_b="0.114193" m_c="-0.114193" m_d="0.993459" m_tx="-107.466217" m_ty="-191.333328"/>
   <element name="muffler" layername="muffler" frame="0" z_index="11" m_a="1.157705" m_b="-0.030522" m_c="0.026355" m_d="0.999653" m_tx="139.105133" m_ty="-263.173615"/>
   <element name="wire" layername="wire" frame="0" z_index="10" m_a="1.000000" m_b="0.000000" m_c="0.000000" m_d="0.887613" m_tx="164.887329" m_ty="-79.361069"/>
  </frame>
  <frame idx="650" w="516" h="775" x="-182.758270" y="-348.715179">
   <element name="body" layername="body" frame="2" z_index="9" m_a="0.999918" m_b="-0.012775" m_c="0.012309" m_d="0.963492" m_tx="19.000000" m_ty="-18.999945"/>
   <element name="leg" layername="leg" frame="0" z_index="13" m_a="1.000000" m_b="0.000000" m_c="0.000000" m_d="0.949791" m_tx="43.276924" m_ty="-47.782101"/>
   <element name="leg" layername="leg-2" frame="0" z_index="14" m_a="1.000000" m_b="0.000000" m_c="0.000000" m_d="0.968932" m_tx="110.000000" m_ty="-83.795967"/>
   <element name="leg" layername="leg-3" frame="1" z_index="15" m_a="1.000000" m_b="0.000000" m_c="0.000000" m_d="0.954789" m_tx="-72.317307" m_ty="-65.106110"/>
   <element name="leg" layername="leg" frame="1" z_index="16" m_a="1.000000" m_b="0.000000" m_c="0.000000" m_d="0.916761" m_tx="-1.000000" m_ty="-73.962219"/>
   <element name="lever" layername="lever" frame="0" z_index="12" m_a="0.995456" m_b="0.095224" m_c="-0.095224" m_d="0.995456" m_tx="-107.466217" m_ty="-191.333328"/>
   <element name="muffler" layername="muffler" frame="0" z_index="11" m_a="1.131387" m_b="-0.028913" m_c="0.025547" m_d="0.999674" m_tx="139.294052" m_ty="-265.188721"/>
   <element name="wire" layername="wire" frame="0" z_index="10" m_a="1.000000" m_b="0.000000" m_c="0.000000" m_d="0.906344" m_tx="164.887329" m_ty="-80.305649"/>
  </frame>
  <frame idx="675" w="515" h="785" x="-183.130630" y="-351.024750">
   <element name="body" layername="body" frame="2" z_index="9" m_a="0.999993" m_b="-0.003779" m_c="0.003668" m_d="0.970849" m_tx="19.000000" m_ty="-18.999956"/>
   <element name="leg" layername="leg" frame="0" z_index="13" m_a="1.000000" m_b="0.000000" m_c="0.000000" m_d="0.959832" m_tx="43.276924" m_ty="-48.348850"/>
   <element name="leg" layername="leg-2" frame="0" z_index="14" m_a="1.000000" m_b="0.000000" m_c="0.000000" m_d="0.975146" m_tx="110.000000" m_ty="-84.236778"/>
   <element name="leg" layername="leg-3" frame="1" z_index="15" m_a="1.000000" m_b="0.000000" m_c="0.000000" m_d="0.963831" m_tx="-72.317307" m_ty="-65.609886"/>
   <element name="leg" layername="leg" frame="1" z_index="16" m_a="1.000000" m_b="0.000000" m_c="0.000000" m_d="0.933409" m_tx="-1.000000" m_ty="-74.969772"/>
   <element name="lever" layername="lever" frame="0" z_index="12" m_a="0.997091" m_b="0.076221" m_c="-0.076221" m_d="0.997091" m_tx="-107.466217" m_ty="-191.333328"/>
   <element name="muffler" layername="muffler" frame="0" z_index="11" m_a="1.105374" m_b="-0.008354" m_c="0.007557" m_d="0.999971" m_tx="139.482971" m_ty="-267.203827"/>
   <element name="wire" layername="wire" frame="0" z_index="10" m_a="1.000000" m_b="0.000000" m_c="0.000000" m_d="0.925076" m_tx="164.887329" m_ty="-81.250237"/>
  </frame>
  <frame idx="700" w="514" h="795" x="-183.491119" y="-353.838165">
   <element name="body" layername="body" frame="2" z_index="9" m_a="0.999986" m_b="0.005218" m_c="-0.005104" m_d="0.978129" m_tx="19.000000" m_ty="-18.999968"/>
   <element name="leg" layername="leg" frame="0" z_index="13" m_a="1.000000" m_b="0.000000" m_c="0.000000" m_d="0.969874" m_tx="43.276924" m_ty="-48.915600"/>
   <element name="leg" layername="leg-2" frame="0" z_index="14" m_a="1.000000" m_b="0.000000" m_c="0.000000" m_d="0.981359" m_tx="110.000000" m_ty="-84.677582"/>
   <element name="leg" layername="leg-3" frame="1" z_index="15" m_a="1.000000" m_b="0.000000" m_c="0.000000" m_d="0.972873" m_tx="-72.317307" m_ty="-66.113663"/>
   <element name="leg" layername="leg" frame="1" z_index="16" m_a="1.000000" m_b="0.000000" m_c="0.000000" m_d="0.950056" m_tx="-1.000000" m_ty="-75.977333"/>
   <element name="lever" layername="lever" frame="0" z_index="12" m_a="0.998363" m_b="0.057190" m_c="-0.057190" m_d="0.998363" m_tx="-107.466217" m_ty="-191.333328"/>
   <element name="muffler" layername="muffler" frame="0" z_index="11" m_a="1.078995" m_b="0.011261" m_c="-0.010436" m_d="0.999946" m_tx="139.671890" m_ty="-269.218964"/>
   <element name="wire" layername="wire" frame="0" z_index="10" m_a="1.000000" m_b="0.000000" m_c="0.000000" m_d="0.943807" m_tx="164.887329" m_ty="-82.194817"/>
  </frame>
  <frame idx="725" w="513" h="806" x="-183.839584" y="-356.655396">
   <element name="body" layername="body" frame="2" z_index="9" m_a="0.999899" m_b="0.014214" m_c="-0.014007" m_d="0.985329" m_tx="19.000000" m_ty="-18.999979"/>
   <element name="leg" layername="leg" frame="0" z_index="13" m_a="1.000000" m_b="0.000000" m_c="0.000000" m_d="0.979916" m_tx="43.276924" m_ty="-49.482353"/>
   <element name="leg" layername="leg-2" frame="0" z_index="14" m_a="1.000000" m_b="0.000000" m_c="0.000000" m_d="0.987573" m_tx="110.000000" m_ty="-85.118385"/>
   <element name="leg" layername="leg-3" frame="1" z_index="15" m_a="1.000000" m_b="0.000000" m_c="0.000000" m_d="0.981916" m_tx="-72.317307" m_ty="-66.617447"/>
   <element name="leg" layername="leg" frame="1" z_index="16" m_a="1.000000" m_b="0.000000" m_c="0.000000" m_d="0.966704" m_tx="-1.000000" m_ty="-76.984886"/>
   <element name="lever" layername="lever" frame="0" z_index="12" m_a="0.999272" m_b="0.038138" m_c="-0.038138" m_d="0.999272" m_tx="-107.466217" m_ty="-191.333328"/>
   <element name="muffler" layername="muffler" frame="0" z_index="11" m_a="1.052277" m_b="0.029923" m_c="-0.028425" m_d="0.999596" m_tx="139.860809" m_ty="-271.234070"/>
   <element name="wire" layername="wire" frame="0" z_index="10" m_a="1.000000" m_b="0.000000" m_c="0.000000" m_d="0.962538" m_tx="164.887329" m_ty="-83.139404"/>
  </frame>
  <frame idx="750" w="514" h="809" x="-184.175919" y="-358.756622">
   <element name="body" layername="body" frame="2" z_index="9" m_a="0.999943" m_b="0.010642" m_c="-0.010564" m_d="0.992658" m_tx="19.000000" m_ty="-18.999990"/>
   <element name="leg" layername="leg" frame="0" z_index="13" m_a="1.000000" m_b="0.000000" m_c="0.000000" m_d="0.989958" m_tx="43.276924" m_ty="-50.049103"/>
   <element name="leg" layername="leg-2" frame="0" z_index="14" m_a="1.000000" m_b="0.000000" m_c="0.000000" m_d="0.993786" m_tx="110.000000" m_ty="-85.559196"/>
   <element name="leg" layername="leg-3" frame="1" z_index="15" m_a="1.000000" m_b="0.000000" m_c="0.000000" m_d="0.990958" m_tx="-72.317307" m_ty="-67.121223"/>
   <element name="leg" layername="leg" frame="1" z_index="16" m_a="1.000000" m_b="0.000000" m_c="0.000000" m_d="0.983352" m_tx="-1.000000" m_ty="-77.992447"/>
   <element name="lever" layername="lever" frame="0" z_index="12" m_a="0.999818" m_b="0.019072" m_c="-0.019072" m_d="0.999818" m_tx="-107.466217" m_ty="-191.333328"/>
   <element name="muffler" layername="muffler" frame="0" z_index="11" m_a="1.026119" m_b="0.021844" m_c="-0.021283" m_d="0.999774" m_tx="140.049728" m_ty="-273.249176"/>
   <element name="wire" layername="wire" frame="0" z_index="10" m_a="1.000000" m_b="0.000000" m_c="0.000000" m_d="0.981269" m_tx="164.887329" m_ty="-84.083984"/>
  </frame>
 </anim>
</Anims>
