<Anims>
 <anim name="anim" root="NO EXPORT/ghost" numframes="100" framerate="40">
  <frame idx="0" w="351" h="1047" x="-33.498562" y="-559.448486">
   <element name="ghost_eyes" layername="ghost_eyes" frame="0" z_index="5" m_a="0.999420" m_b="-0.030792" m_c="0.030792" m_d="0.999420" m_tx="6.750000" m_ty="-401.748993"/>
   <element name="ghost_Hat" layername="ghost_Hat" frame="0" z_index="6" m_a="1.000000" m_b="0.000000" m_c="0.000000" m_d="1.000000" m_tx="-0.449000" m_ty="-474.648987"/>
   <element name="ghost_tail" layername="ghost_tail" frame="0" z_index="7" m_a="1.000000" m_b="0.000000" m_c="0.000000" m_d="1.000000" m_tx="0.000000" m_ty="19.950001"/>
  </frame>
  <frame idx="25" w="351" h="1047" x="-33.498562" y="-559.448486">
   <element name="ghost_eyes" layername="ghost_eyes" frame="0" z_index="5" m_a="0.955623" m_b="-0.035785" m_c="0.043367" m_d="1.158072" m_tx="12.632353" m_ty="-395.866638"/>
   <element name="ghost_Hat" layername="ghost_Hat" frame="0" z_index="6" m_a="1.000000" m_b="0.000000" m_c="0.000000" m_d="1.000000" m_tx="-0.449000" m_ty="-474.648987"/>
   <element name="ghost_tail" layername="ghost_tail" frame="0" z_index="7" m_a="1.000000" m_b="0.000000" m_c="0.000000" m_d="1.000000" m_tx="0.000000" m_ty="19.950001"/>
  </frame>
  <frame idx="50" w="395" h="1118" x="-35.168571" y="-588.506104">
   <element name="ghost_eyes" layername="ghost_eyes" frame="0" z_index="5" m_a="1.043545" m_b="-0.021870" m_c="0.025168" m_d="1.200908" m_tx="22.315157" m_ty="-353.351959"/>
   <element name="ghost_Hat" layername="ghost_Hat" frame="0" z_index="7" m_a="1.126289" m_b="0.000019" m_c="-0.000017" m_d="0.975897" m_tx="1.829303" m_ty="-434.576263"/>
   <element name="ghost_tail" layername="ghost_tail" frame="0" z_index="7" m_a="1.000000" m_b="0.000000" m_c="0.000000" m_d="1.000000" m_tx="0.000000" m_ty="19.950001"/>
   <element name="ghost_FX_hat" layername="ghost_FX_hat" frame="0" z_index="6" m_a="1.000000" m_b="0.000000" m_c="0.000000" m_d="1.000000" m_tx="-135.026184" m_ty="-128.706146"/>
   <element name="ghost_FX" layername="ghost_FX" frame="7" z_index="7" m_a="1.000000" m_b="0.000000" m_c="0.000000" m_d="1.000000" m_tx="5.450000" m_ty="-10.849000"/>
  </frame>
  <frame idx="75" w="445" h="1118" x="-38.743771" y="-588.506104">
   <element name="ghost_eyes" layername="ghost_eyes" frame="3" z_index="5" m_a="1.153399" m_b="-0.001053" m_c="0.001082" m_d="1.185290" m_tx="30.659031" m_ty="-309.412567"/>
   <element name="ghost_Hat" layername="ghost_Hat" frame="0" z_index="6" m_a="1.260470" m_b="0.000044" m_c="-0.000033" m_d="0.950287" m_tx="4.250000" m_ty="-391.998993"/>
   <element name="ghost_tail" layername="ghost_tail" frame="0" z_index="7" m_a="1.000000" m_b="0.000000" m_c="0.000000" m_d="1.000000" m_tx="0.000000" m_ty="19.950001"/>
   <element name="ghost_FX_hat" layername="ghost_FX_hat" frame="0" z_index="7" m_a="1.000000" m_b="0.000000" m_c="0.000000" m_d="1.000000" m_tx="-135.026184" m_ty="-128.706146"/>
   <element name="ghost_FX" layername="ghost_FX" frame="7" z_index="7" m_a="1.000000" m_b="0.000000" m_c="0.000000" m_d="1.000000" m_tx="5.450000" m_ty="-10.849000"/>
   <element name="ghost_body" layername="ghost_body" frame="0" z_index="7" m_a="0.958617" m_b="0.041284" m_c="-0.040481" m_d="0.939967" m_tx="6.900000" m_ty="-324.199005"/>
  </frame>
 </anim>
 <anim name="anim" root="FORCEEXPORT/ghost_Hat01" numframes="1050" framerate="40">
  <frame idx="0" w="351" h="865" x="-33.698563" y="-564.398499">
   <element name="ghost_Hat" layername="ghost_Hat" frame="0" z_index="7" m_a="1.000000" m_b="0.000000" m_c="0.000000" m_d="1.000000" m_tx="-0.649000" m_ty="-494.598999"/>
  </frame>
  <frame idx="25" w="351" h="865" x="-33.698563" y="-564.398499">
   <element name="ghost_Hat" layername="ghost_Hat" frame="0" z_index="7" m_a="1.000000" m_b="0.000000" m_c="0.000000" m_d="1.000000" m_tx="-0.649000" m_ty="-494.598999"/>
  </frame>
  <frame idx="50" w="348" h="868" x="-33.222740" y="-564.434387">
   <element name="ghost_Hat" layername="ghost_Hat" frame="0" z_index="7" m_a="0.999144" m_b="0.010070" m_c="-0.010078" m_d="0.999949" m_tx="-0.649000" m_ty="-494.598999"/>
  </frame>
  <frame idx="75" w="345" h="872" x="-33.248032" y="-564.972778">
   <element name="ghost_Hat" layername="ghost_Hat" frame="0" z_index="7" m_a="0.998123" m_b="0.020751" m_c="-0.020786" m_d="0.999784" m_tx="-0.649000" m_ty="-494.598999"/>
  </frame>
  <frame idx="100" w="345" h="872" x="-33.248032" y="-564.972778">
   <element name="ghost_Hat" layername="ghost_Hat" frame="0" z_index="7" m_a="0.998123" m_b="0.020751" m_c="-0.020786" m_d="0.999784" m_tx="-0.649000" m_ty="-494.598999"/>
  </frame>
  <frame idx="125" w="346" h="869" x="-34.565704" y="-564.465576">
   <element name="ghost_Hat" layername="ghost_Hat" frame="0" z_index="7" m_a="0.998057" m_b="0.018673" m_c="-0.018705" m_d="0.999720" m_tx="-1.972529" m_ty="-494.598999"/>
  </frame>
  <frame idx="150" w="346" h="869" x="-35.040062" y="-564.462952">
   <element name="ghost_Hat" layername="ghost_Hat" frame="0" z_index="7" m_a="0.998032" m_b="0.017926" m_c="-0.017955" m_d="0.999696" m_tx="-2.449000" m_ty="-494.598999"/>
  </frame>
  <frame idx="175" w="346" h="868" x="-35.500523" y="-564.487183">
   <element name="ghost_Hat" layername="ghost_Hat" frame="0" z_index="7" m_a="0.998010" m_b="0.017900" m_c="-0.017930" m_d="0.999677" m_tx="-2.909606" m_ty="-494.623230"/>
  </frame>
  <frame idx="200" w="346" h="867" x="-36.939449" y="-564.562805">
   <element name="ghost_Hat" layername="ghost_Hat" frame="0" z_index="7" m_a="0.997940" m_b="0.017820" m_c="-0.017850" m_d="0.999620" m_tx="-4.349000" m_ty="-494.699005"/>
  </frame>
  <frame idx="225" w="346" h="867" x="-36.939449" y="-564.562805">
   <element name="ghost_Hat" layername="ghost_Hat" frame="0" z_index="7" m_a="0.997940" m_b="0.017820" m_c="-0.017850" m_d="0.999620" m_tx="-4.349000" m_ty="-494.699005"/>
  </frame>
  <frame idx="250" w="346" h="866" x="-37.860714" y="-564.611572">
   <element name="ghost_Hat" layername="ghost_Hat" frame="0" z_index="7" m_a="0.997903" m_b="0.017887" m_c="-0.017917" m_d="0.999605" m_tx="-5.270212" m_ty="-494.747498"/>
  </frame>
  <frame idx="275" w="346" h="865" x="-38.839554" y="-564.663391">
   <element name="ghost_Hat" layername="ghost_Hat" frame="0" z_index="7" m_a="0.997863" m_b="0.017958" m_c="-0.017989" m_d="0.999589" m_tx="-6.249000" m_ty="-494.799011"/>
  </frame>
  <frame idx="300" w="346" h="865" x="-38.839554" y="-564.663391">
   <element name="ghost_Hat" layername="ghost_Hat" frame="0" z_index="7" m_a="0.997863" m_b="0.017958" m_c="-0.017989" m_d="0.999589" m_tx="-6.249000" m_ty="-494.799011"/>
  </frame>
  <frame idx="325" w="346" h="866" x="-37.588566" y="-564.772949">
   <element name="ghost_Hat" layername="ghost_Hat" frame="0" z_index="7" m_a="0.997751" m_b="0.017738" m_c="-0.017770" m_d="0.999552" m_tx="-4.999000" m_ty="-494.909302"/>
  </frame>
  <frame idx="350" w="346" h="867" x="-37.138210" y="-564.812439">
   <element name="ghost_Hat" layername="ghost_Hat" frame="0" z_index="7" m_a="0.997711" m_b="0.017659" m_c="-0.017691" m_d="0.999538" m_tx="-4.549000" m_ty="-494.949005"/>
  </frame>
  <frame idx="375" w="346" h="867" x="-36.714474" y="-564.837402">
   <element name="ghost_Hat" layername="ghost_Hat" frame="0" z_index="7" m_a="0.997696" m_b="0.017865" m_c="-0.017898" m_d="0.999543" m_tx="-4.124757" m_ty="-494.973236"/>
  </frame>
  <frame idx="400" w="346" h="869" x="-35.390305" y="-564.915405">
   <element name="ghost_Hat" layername="ghost_Hat" frame="0" z_index="7" m_a="0.997650" m_b="0.018511" m_c="-0.018547" m_d="0.999558" m_tx="-2.799000" m_ty="-495.049011"/>
  </frame>
  <frame idx="425" w="346" h="869" x="-35.390305" y="-564.915405">
   <element name="ghost_Hat" layername="ghost_Hat" frame="0" z_index="7" m_a="0.997650" m_b="0.018511" m_c="-0.018547" m_d="0.999558" m_tx="-2.799000" m_ty="-495.049011"/>
  </frame>
  <frame idx="450" w="347" h="867" x="-35.717693" y="-565.020142">
   <element name="ghost_Hat" layername="ghost_Hat" frame="0" z_index="7" m_a="0.997802" m_b="0.013877" m_c="-0.013902" m_d="0.999578" m_tx="-3.138394" m_ty="-495.170227"/>
  </frame>
  <frame idx="475" w="348" h="866" x="-36.065464" y="-565.131470">
   <element name="ghost_Hat" layername="ghost_Hat" frame="0" z_index="7" m_a="0.997940" m_b="0.008953" m_c="-0.008967" m_d="0.999575" m_tx="-3.499000" m_ty="-495.299011"/>
  </frame>
  <frame idx="500" w="348" h="866" x="-36.065464" y="-565.131470">
   <element name="ghost_Hat" layername="ghost_Hat" frame="0" z_index="7" m_a="0.997940" m_b="0.008953" m_c="-0.008967" m_d="0.999575" m_tx="-3.499000" m_ty="-495.299011"/>
  </frame>
  <frame idx="525" w="350" h="862" x="-37.101421" y="-564.830750">
   <element name="ghost_Hat" layername="ghost_Hat" frame="0" z_index="7" m_a="0.998137" m_b="0.002959" m_c="-0.002964" m_d="0.999578" m_tx="-4.050471" m_ty="-495.519592"/>
  </frame>
  <frame idx="550" w="351" h="862" x="-37.294334" y="-564.902527">
   <element name="ghost_Hat" layername="ghost_Hat" frame="0" z_index="7" m_a="0.998200" m_b="0.000801" m_c="-0.000802" m_d="0.999570" m_tx="-4.249000" m_ty="-495.598999"/>
  </frame>
  <frame idx="575" w="351" h="861" x="-37.472786" y="-564.970642">
   <element name="ghost_Hat" layername="ghost_Hat" frame="0" z_index="7" m_a="0.998247" m_b="-0.000506" m_c="0.000507" m_d="0.999559" m_tx="-4.430818" m_ty="-495.671722"/>
  </frame>
  <frame idx="600" w="352" h="860" x="-38.030403" y="-565.183472">
   <element name="ghost_Hat" layername="ghost_Hat" frame="0" z_index="7" m_a="0.998382" m_b="-0.004593" m_c="0.004598" m_d="0.999516" m_tx="-4.999000" m_ty="-495.898987"/>
  </frame>
  <frame idx="625" w="352" h="860" x="-38.030403" y="-565.183472">
   <element name="ghost_Hat" layername="ghost_Hat" frame="0" z_index="7" m_a="0.998382" m_b="-0.004593" m_c="0.004598" m_d="0.999516" m_tx="-4.999000" m_ty="-495.898987"/>
  </frame>
  <frame idx="650" w="353" h="857" x="-38.407043" y="-564.838257">
   <element name="ghost_Hat" layername="ghost_Hat" frame="0" z_index="7" m_a="0.998444" m_b="-0.008831" m_c="0.008840" m_d="0.999470" m_tx="-5.386879" m_ty="-496.068695"/>
  </frame>
  <frame idx="675" w="354" h="856" x="-38.807152" y="-565.002808">
   <element name="ghost_Hat" layername="ghost_Hat" frame="0" z_index="7" m_a="0.998489" m_b="-0.013336" m_c="0.013348" m_d="0.999402" m_tx="-5.799000" m_ty="-496.248993"/>
  </frame>
  <frame idx="700" w="354" h="856" x="-38.807152" y="-565.002808">
   <element name="ghost_Hat" layername="ghost_Hat" frame="0" z_index="7" m_a="0.998489" m_b="-0.013336" m_c="0.013348" m_d="0.999402" m_tx="-5.799000" m_ty="-496.248993"/>
  </frame>
  <frame idx="725" w="357" h="853" x="-39.877796" y="-565.237061">
   <element name="ghost_Hat" layername="ghost_Hat" frame="0" z_index="7" m_a="0.998553" m_b="-0.019932" m_c="0.019946" m_d="0.999282" m_tx="-6.387235" m_ty="-496.506348"/>
  </frame>
  <frame idx="750" w="357" h="853" x="-40.083191" y="-565.321411">
   <element name="ghost_Hat" layername="ghost_Hat" frame="0" z_index="7" m_a="0.998566" m_b="-0.022306" m_c="0.022321" m_d="0.999228" m_tx="-6.599000" m_ty="-496.598999"/>
  </frame>
  <frame idx="775" w="358" h="851" x="-40.270657" y="-564.897827">
   <element name="ghost_Hat" layername="ghost_Hat" frame="0" z_index="7" m_a="0.998571" m_b="-0.024710" m_c="0.024726" m_d="0.999189" m_tx="-6.792939" m_ty="-496.683838"/>
  </frame>
  <frame idx="800" w="360" h="848" x="-40.856354" y="-565.136719">
   <element name="ghost_Hat" layername="ghost_Hat" frame="0" z_index="7" m_a="0.998550" m_b="-0.032223" m_c="0.032238" m_d="0.999030" m_tx="-7.399000" m_ty="-496.949005"/>
  </frame>
  <frame idx="825" w="360" h="848" x="-40.856354" y="-565.136719">
   <element name="ghost_Hat" layername="ghost_Hat" frame="0" z_index="7" m_a="0.998550" m_b="-0.032223" m_c="0.032238" m_d="0.999030" m_tx="-7.399000" m_ty="-496.949005"/>
  </frame>
  <frame idx="850" w="358" h="850" x="-40.094666" y="-564.887207">
   <element name="ghost_Hat" layername="ghost_Hat" frame="0" z_index="7" m_a="0.998763" m_b="-0.027297" m_c="0.027309" m_d="0.999177" m_tx="-6.623242" m_ty="-496.682343"/>
  </frame>
  <frame idx="875" w="357" h="853" x="-39.285278" y="-565.122070">
   <element name="ghost_Hat" layername="ghost_Hat" frame="0" z_index="7" m_a="0.998962" m_b="-0.022062" m_c="0.022070" m_d="0.999306" m_tx="-5.799000" m_ty="-496.398987"/>
  </frame>
  <frame idx="900" w="357" h="853" x="-39.285278" y="-565.122070">
   <element name="ghost_Hat" layername="ghost_Hat" frame="0" z_index="7" m_a="0.998962" m_b="-0.022062" m_c="0.022070" m_d="0.999306" m_tx="-5.799000" m_ty="-496.398987"/>
  </frame>
  <frame idx="925" w="356" h="856" x="-38.053520" y="-564.702759">
   <element name="ghost_Hat" layername="ghost_Hat" frame="0" z_index="7" m_a="0.999261" m_b="-0.015702" m_c="0.015707" m_d="0.999569" m_tx="-4.549000" m_ty="-495.957825"/>
  </frame>
  <frame idx="950" w="354" h="857" x="-37.110054" y="-564.551880">
   <element name="ghost_Hat" layername="ghost_Hat" frame="0" z_index="7" m_a="0.999359" m_b="-0.013412" m_c="0.013416" m_d="0.999653" m_tx="-4.099000" m_ty="-495.799011"/>
  </frame>
  <frame idx="975" w="354" h="859" x="-36.691418" y="-564.913208">
   <element name="ghost_Hat" layername="ghost_Hat" frame="0" z_index="7" m_a="0.999446" m_b="-0.011452" m_c="0.011455" m_d="0.999713" m_tx="-3.674757" m_ty="-495.653564"/>
  </frame>
  <frame idx="1000" w="353" h="862" x="-35.383095" y="-564.479980">
   <element name="ghost_Hat" layername="ghost_Hat" frame="0" z_index="7" m_a="0.999695" m_b="-0.005325" m_c="0.005326" m_d="0.999877" m_tx="-2.349000" m_ty="-495.199005"/>
  </frame>
  <frame idx="1025" w="353" h="862" x="-35.383095" y="-564.479980">
   <element name="ghost_Hat" layername="ghost_Hat" frame="0" z_index="7" m_a="0.999695" m_b="-0.005325" m_c="0.005326" m_d="0.999877" m_tx="-2.349000" m_ty="-495.199005"/>
  </frame>
 </anim>
</Anims>
