<Anims>
 <anim name="l1" root="leaf" numframes="1000" framerate="40">
  <frame idx="0" w="298" h="134" x="0.908836" y="-16.490719">
   <element name="leaf" layername="leaf " frame="2" z_index="6" m_a="1.000000" m_b="0.000000" m_c="0.000000" m_d="1.000000" m_tx="16.000000" m_ty="4.000000"/>
  </frame>
  <frame idx="25" w="298" h="134" x="0.908836" y="-16.490719">
   <element name="leaf" layername="leaf " frame="2" z_index="6" m_a="1.000000" m_b="0.000000" m_c="0.000000" m_d="1.000000" m_tx="16.000000" m_ty="4.000000"/>
  </frame>
  <frame idx="50" w="298" h="134" x="0.908836" y="-16.490719">
   <element name="leaf" layername="leaf " frame="2" z_index="6" m_a="1.000000" m_b="0.000000" m_c="0.000000" m_d="1.000000" m_tx="16.000000" m_ty="4.000000"/>
  </frame>
  <frame idx="75" w="298" h="134" x="0.908836" y="-16.490719">
   <element name="leaf" layername="leaf " frame="2" z_index="6" m_a="1.000000" m_b="0.000000" m_c="0.000000" m_d="1.000000" m_tx="16.000000" m_ty="4.000000"/>
  </frame>
  <frame idx="100" w="298" h="134" x="0.908836" y="-16.490719">
   <element name="leaf" layername="leaf " frame="2" z_index="6" m_a="1.000000" m_b="0.000000" m_c="0.000000" m_d="1.000000" m_tx="16.000000" m_ty="4.000000"/>
  </frame>
  <frame idx="125" w="298" h="134" x="0.908836" y="-16.490719">
   <element name="leaf" layername="leaf " frame="2" z_index="6" m_a="1.000000" m_b="0.000000" m_c="0.000000" m_d="1.000000" m_tx="16.000000" m_ty="4.000000"/>
  </frame>
  <frame idx="150" w="298" h="134" x="0.908836" y="-16.490719">
   <element name="leaf" layername="leaf " frame="2" z_index="6" m_a="1.000000" m_b="0.000000" m_c="0.000000" m_d="1.000000" m_tx="16.000000" m_ty="4.000000"/>
  </frame>
  <frame idx="175" w="298" h="134" x="0.908836" y="-16.490719">
   <element name="leaf" layername="leaf " frame="2" z_index="6" m_a="1.000000" m_b="0.000000" m_c="0.000000" m_d="1.000000" m_tx="16.000000" m_ty="4.000000"/>
  </frame>
  <frame idx="200" w="298" h="134" x="0.908836" y="-16.490719">
   <element name="leaf" layername="leaf " frame="2" z_index="6" m_a="1.000000" m_b="0.000000" m_c="0.000000" m_d="1.000000" m_tx="16.000000" m_ty="4.000000"/>
  </frame>
  <frame idx="225" w="298" h="134" x="0.908836" y="-16.490719">
   <element name="leaf" layername="leaf " frame="2" z_index="6" m_a="1.000000" m_b="0.000000" m_c="0.000000" m_d="1.000000" m_tx="16.000000" m_ty="4.000000"/>
  </frame>
  <frame idx="250" w="298" h="134" x="0.908836" y="-16.490719">
   <element name="leaf" layername="leaf " frame="2" z_index="6" m_a="1.000000" m_b="0.000000" m_c="0.000000" m_d="1.000000" m_tx="16.000000" m_ty="4.000000"/>
  </frame>
  <frame idx="275" w="298" h="134" x="0.908836" y="-16.490719">
   <element name="leaf" layername="leaf " frame="2" z_index="6" m_a="1.000000" m_b="0.000000" m_c="0.000000" m_d="1.000000" m_tx="16.000000" m_ty="4.000000"/>
  </frame>
  <frame idx="300" w="298" h="134" x="0.908836" y="-16.490719">
   <element name="leaf" layername="leaf " frame="2" z_index="6" m_a="1.000000" m_b="0.000000" m_c="0.000000" m_d="1.000000" m_tx="16.000000" m_ty="4.000000"/>
  </frame>
  <frame idx="325" w="298" h="134" x="0.908836" y="-16.490719">
   <element name="leaf" layername="leaf " frame="2" z_index="6" m_a="1.000000" m_b="0.000000" m_c="0.000000" m_d="1.000000" m_tx="16.000000" m_ty="4.000000"/>
  </frame>
  <frame idx="350" w="298" h="134" x="0.908836" y="-16.490719">
   <element name="leaf" layername="leaf " frame="2" z_index="6" m_a="1.000000" m_b="0.000000" m_c="0.000000" m_d="1.000000" m_tx="16.000000" m_ty="4.000000"/>
  </frame>
  <frame idx="375" w="298" h="134" x="0.908836" y="-16.490719">
   <element name="leaf" layername="leaf " frame="2" z_index="6" m_a="1.000000" m_b="0.000000" m_c="0.000000" m_d="1.000000" m_tx="16.000000" m_ty="4.000000"/>
  </frame>
  <frame idx="400" w="298" h="134" x="0.908836" y="-16.490719">
   <element name="leaf" layername="leaf " frame="2" z_index="6" m_a="1.000000" m_b="0.000000" m_c="0.000000" m_d="1.000000" m_tx="16.000000" m_ty="4.000000"/>
  </frame>
  <frame idx="425" w="298" h="134" x="0.908836" y="-16.490719">
   <element name="leaf" layername="leaf " frame="2" z_index="6" m_a="1.000000" m_b="0.000000" m_c="0.000000" m_d="1.000000" m_tx="16.000000" m_ty="4.000000"/>
  </frame>
  <frame idx="450" w="298" h="134" x="0.908836" y="-16.490719">
   <element name="leaf" layername="leaf " frame="2" z_index="6" m_a="1.000000" m_b="0.000000" m_c="0.000000" m_d="1.000000" m_tx="16.000000" m_ty="4.000000"/>
  </frame>
  <frame idx="475" w="298" h="134" x="0.908836" y="-16.490719">
   <element name="leaf" layername="leaf " frame="2" z_index="6" m_a="1.000000" m_b="0.000000" m_c="0.000000" m_d="1.000000" m_tx="16.000000" m_ty="4.000000"/>
  </frame>
  <frame idx="500" w="298" h="134" x="0.908836" y="-16.490719">
   <element name="leaf" layername="leaf " frame="2" z_index="6" m_a="1.000000" m_b="0.000000" m_c="0.000000" m_d="1.000000" m_tx="16.000000" m_ty="4.000000"/>
  </frame>
  <frame idx="525" w="298" h="134" x="0.908836" y="-16.490719">
   <element name="leaf" layername="leaf " frame="2" z_index="6" m_a="1.000000" m_b="0.000000" m_c="0.000000" m_d="1.000000" m_tx="16.000000" m_ty="4.000000"/>
  </frame>
  <frame idx="550" w="298" h="134" x="0.908836" y="-16.490719">
   <element name="leaf" layername="leaf " frame="2" z_index="6" m_a="1.000000" m_b="0.000000" m_c="0.000000" m_d="1.000000" m_tx="16.000000" m_ty="4.000000"/>
  </frame>
  <frame idx="575" w="298" h="134" x="0.908836" y="-16.490719">
   <element name="leaf" layername="leaf " frame="2" z_index="6" m_a="1.000000" m_b="0.000000" m_c="0.000000" m_d="1.000000" m_tx="16.000000" m_ty="4.000000"/>
  </frame>
  <frame idx="600" w="298" h="134" x="0.908836" y="-16.490719">
   <element name="leaf" layername="leaf " frame="2" z_index="6" m_a="1.000000" m_b="0.000000" m_c="0.000000" m_d="1.000000" m_tx="16.000000" m_ty="4.000000"/>
  </frame>
  <frame idx="625" w="298" h="134" x="0.908836" y="-16.490719">
   <element name="leaf" layername="leaf " frame="2" z_index="6" m_a="1.000000" m_b="0.000000" m_c="0.000000" m_d="1.000000" m_tx="16.000000" m_ty="4.000000"/>
  </frame>
  <frame idx="650" w="298" h="134" x="0.908836" y="-16.490719">
   <element name="leaf" layername="leaf " frame="2" z_index="6" m_a="1.000000" m_b="0.000000" m_c="0.000000" m_d="1.000000" m_tx="16.000000" m_ty="4.000000"/>
  </frame>
  <frame idx="675" w="298" h="134" x="0.908836" y="-16.490719">
   <element name="leaf" layername="leaf " frame="2" z_index="6" m_a="1.000000" m_b="0.000000" m_c="0.000000" m_d="1.000000" m_tx="16.000000" m_ty="4.000000"/>
  </frame>
  <frame idx="700" w="298" h="134" x="0.908836" y="-16.490719">
   <element name="leaf" layername="leaf " frame="2" z_index="6" m_a="1.000000" m_b="0.000000" m_c="0.000000" m_d="1.000000" m_tx="16.000000" m_ty="4.000000"/>
  </frame>
  <frame idx="725" w="298" h="134" x="0.908836" y="-16.490719">
   <element name="leaf" layername="leaf " frame="2" z_index="6" m_a="1.000000" m_b="0.000000" m_c="0.000000" m_d="1.000000" m_tx="16.000000" m_ty="4.000000"/>
  </frame>
  <frame idx="750" w="298" h="134" x="0.908836" y="-16.490719">
   <element name="leaf" layername="leaf " frame="2" z_index="6" m_a="1.000000" m_b="0.000000" m_c="0.000000" m_d="1.000000" m_tx="16.000000" m_ty="4.000000"/>
  </frame>
  <frame idx="775" w="298" h="134" x="0.908836" y="-16.490719">
   <element name="leaf" layername="leaf " frame="2" z_index="6" m_a="1.000000" m_b="0.000000" m_c="0.000000" m_d="1.000000" m_tx="16.000000" m_ty="4.000000"/>
  </frame>
  <frame idx="800" w="298" h="134" x="0.908836" y="-16.490719">
   <element name="leaf" layername="leaf " frame="2" z_index="6" m_a="1.000000" m_b="0.000000" m_c="0.000000" m_d="1.000000" m_tx="16.000000" m_ty="4.000000"/>
  </frame>
  <frame idx="825" w="298" h="134" x="0.908836" y="-16.490719">
   <element name="leaf" layername="leaf " frame="2" z_index="6" m_a="1.000000" m_b="0.000000" m_c="0.000000" m_d="1.000000" m_tx="16.000000" m_ty="4.000000"/>
  </frame>
  <frame idx="850" w="298" h="134" x="0.908836" y="-16.490719">
   <element name="leaf" layername="leaf " frame="2" z_index="6" m_a="1.000000" m_b="0.000000" m_c="0.000000" m_d="1.000000" m_tx="16.000000" m_ty="4.000000"/>
  </frame>
  <frame idx="875" w="298" h="134" x="0.908836" y="-16.490719">
   <element name="leaf" layername="leaf " frame="2" z_index="6" m_a="1.000000" m_b="0.000000" m_c="0.000000" m_d="1.000000" m_tx="16.000000" m_ty="4.000000"/>
  </frame>
  <frame idx="900" w="298" h="134" x="0.908836" y="-16.490719">
   <element name="leaf" layername="leaf " frame="2" z_index="6" m_a="1.000000" m_b="0.000000" m_c="0.000000" m_d="1.000000" m_tx="16.000000" m_ty="4.000000"/>
  </frame>
  <frame idx="925" w="298" h="134" x="0.908836" y="-16.490719">
   <element name="leaf" layername="leaf " frame="2" z_index="6" m_a="1.000000" m_b="0.000000" m_c="0.000000" m_d="1.000000" m_tx="16.000000" m_ty="4.000000"/>
  </frame>
  <frame idx="950" w="298" h="134" x="0.908836" y="-16.490719">
   <element name="leaf" layername="leaf " frame="2" z_index="6" m_a="1.000000" m_b="0.000000" m_c="0.000000" m_d="1.000000" m_tx="16.000000" m_ty="4.000000"/>
  </frame>
  <frame idx="975" w="298" h="134" x="0.908836" y="-16.490719">
   <element name="leaf" layername="leaf " frame="2" z_index="6" m_a="1.000000" m_b="0.000000" m_c="0.000000" m_d="1.000000" m_tx="16.000000" m_ty="4.000000"/>
  </frame>
 </anim>
 <anim name="l2" root="leaf" numframes="1000" framerate="40">
  <frame idx="0" w="327" h="179" x="-25.436188" y="-25.025955">
   <element name="leaf" layername="leaf " frame="1" z_index="6" m_a="1.000000" m_b="0.000000" m_c="0.000000" m_d="1.000000" m_tx="16.000000" m_ty="4.000000"/>
  </frame>
  <frame idx="25" w="327" h="179" x="-25.436188" y="-25.025955">
   <element name="leaf" layername="leaf " frame="1" z_index="6" m_a="1.000000" m_b="0.000000" m_c="0.000000" m_d="1.000000" m_tx="16.000000" m_ty="4.000000"/>
  </frame>
  <frame idx="50" w="327" h="179" x="-25.436188" y="-25.025955">
   <element name="leaf" layername="leaf " frame="1" z_index="6" m_a="1.000000" m_b="0.000000" m_c="0.000000" m_d="1.000000" m_tx="16.000000" m_ty="4.000000"/>
  </frame>
  <frame idx="75" w="327" h="179" x="-25.436188" y="-25.025955">
   <element name="leaf" layername="leaf " frame="1" z_index="6" m_a="1.000000" m_b="0.000000" m_c="0.000000" m_d="1.000000" m_tx="16.000000" m_ty="4.000000"/>
  </frame>
  <frame idx="100" w="327" h="179" x="-25.436188" y="-25.025955">
   <element name="leaf" layername="leaf " frame="1" z_index="6" m_a="1.000000" m_b="0.000000" m_c="0.000000" m_d="1.000000" m_tx="16.000000" m_ty="4.000000"/>
  </frame>
  <frame idx="125" w="327" h="179" x="-25.436188" y="-25.025955">
   <element name="leaf" layername="leaf " frame="1" z_index="6" m_a="1.000000" m_b="0.000000" m_c="0.000000" m_d="1.000000" m_tx="16.000000" m_ty="4.000000"/>
  </frame>
  <frame idx="150" w="327" h="179" x="-25.436188" y="-25.025955">
   <element name="leaf" layername="leaf " frame="1" z_index="6" m_a="1.000000" m_b="0.000000" m_c="0.000000" m_d="1.000000" m_tx="16.000000" m_ty="4.000000"/>
  </frame>
  <frame idx="175" w="327" h="179" x="-25.436188" y="-25.025955">
   <element name="leaf" layername="leaf " frame="1" z_index="6" m_a="1.000000" m_b="0.000000" m_c="0.000000" m_d="1.000000" m_tx="16.000000" m_ty="4.000000"/>
  </frame>
  <frame idx="200" w="327" h="179" x="-25.436188" y="-25.025955">
   <element name="leaf" layername="leaf " frame="1" z_index="6" m_a="1.000000" m_b="0.000000" m_c="0.000000" m_d="1.000000" m_tx="16.000000" m_ty="4.000000"/>
  </frame>
  <frame idx="225" w="327" h="179" x="-25.436188" y="-25.025955">
   <element name="leaf" layername="leaf " frame="1" z_index="6" m_a="1.000000" m_b="0.000000" m_c="0.000000" m_d="1.000000" m_tx="16.000000" m_ty="4.000000"/>
  </frame>
  <frame idx="250" w="327" h="179" x="-25.436188" y="-25.025955">
   <element name="leaf" layername="leaf " frame="1" z_index="6" m_a="1.000000" m_b="0.000000" m_c="0.000000" m_d="1.000000" m_tx="16.000000" m_ty="4.000000"/>
  </frame>
  <frame idx="275" w="327" h="179" x="-25.436188" y="-25.025955">
   <element name="leaf" layername="leaf " frame="1" z_index="6" m_a="1.000000" m_b="0.000000" m_c="0.000000" m_d="1.000000" m_tx="16.000000" m_ty="4.000000"/>
  </frame>
  <frame idx="300" w="327" h="179" x="-25.436188" y="-25.025955">
   <element name="leaf" layername="leaf " frame="1" z_index="6" m_a="1.000000" m_b="0.000000" m_c="0.000000" m_d="1.000000" m_tx="16.000000" m_ty="4.000000"/>
  </frame>
  <frame idx="325" w="327" h="179" x="-25.436188" y="-25.025955">
   <element name="leaf" layername="leaf " frame="1" z_index="6" m_a="1.000000" m_b="0.000000" m_c="0.000000" m_d="1.000000" m_tx="16.000000" m_ty="4.000000"/>
  </frame>
  <frame idx="350" w="327" h="179" x="-25.436188" y="-25.025955">
   <element name="leaf" layername="leaf " frame="1" z_index="6" m_a="1.000000" m_b="0.000000" m_c="0.000000" m_d="1.000000" m_tx="16.000000" m_ty="4.000000"/>
  </frame>
  <frame idx="375" w="327" h="179" x="-25.436188" y="-25.025955">
   <element name="leaf" layername="leaf " frame="1" z_index="6" m_a="1.000000" m_b="0.000000" m_c="0.000000" m_d="1.000000" m_tx="16.000000" m_ty="4.000000"/>
  </frame>
  <frame idx="400" w="327" h="179" x="-25.436188" y="-25.025955">
   <element name="leaf" layername="leaf " frame="1" z_index="6" m_a="1.000000" m_b="0.000000" m_c="0.000000" m_d="1.000000" m_tx="16.000000" m_ty="4.000000"/>
  </frame>
  <frame idx="425" w="327" h="179" x="-25.436188" y="-25.025955">
   <element name="leaf" layername="leaf " frame="1" z_index="6" m_a="1.000000" m_b="0.000000" m_c="0.000000" m_d="1.000000" m_tx="16.000000" m_ty="4.000000"/>
  </frame>
  <frame idx="450" w="327" h="179" x="-25.436188" y="-25.025955">
   <element name="leaf" layername="leaf " frame="1" z_index="6" m_a="1.000000" m_b="0.000000" m_c="0.000000" m_d="1.000000" m_tx="16.000000" m_ty="4.000000"/>
  </frame>
  <frame idx="475" w="327" h="179" x="-25.436188" y="-25.025955">
   <element name="leaf" layername="leaf " frame="1" z_index="6" m_a="1.000000" m_b="0.000000" m_c="0.000000" m_d="1.000000" m_tx="16.000000" m_ty="4.000000"/>
  </frame>
  <frame idx="500" w="327" h="179" x="-25.436188" y="-25.025955">
   <element name="leaf" layername="leaf " frame="1" z_index="6" m_a="1.000000" m_b="0.000000" m_c="0.000000" m_d="1.000000" m_tx="16.000000" m_ty="4.000000"/>
  </frame>
  <frame idx="525" w="327" h="179" x="-25.436188" y="-25.025955">
   <element name="leaf" layername="leaf " frame="1" z_index="6" m_a="1.000000" m_b="0.000000" m_c="0.000000" m_d="1.000000" m_tx="16.000000" m_ty="4.000000"/>
  </frame>
  <frame idx="550" w="327" h="179" x="-25.436188" y="-25.025955">
   <element name="leaf" layername="leaf " frame="1" z_index="6" m_a="1.000000" m_b="0.000000" m_c="0.000000" m_d="1.000000" m_tx="16.000000" m_ty="4.000000"/>
  </frame>
  <frame idx="575" w="327" h="179" x="-25.436188" y="-25.025955">
   <element name="leaf" layername="leaf " frame="1" z_index="6" m_a="1.000000" m_b="0.000000" m_c="0.000000" m_d="1.000000" m_tx="16.000000" m_ty="4.000000"/>
  </frame>
  <frame idx="600" w="327" h="179" x="-25.436188" y="-25.025955">
   <element name="leaf" layername="leaf " frame="1" z_index="6" m_a="1.000000" m_b="0.000000" m_c="0.000000" m_d="1.000000" m_tx="16.000000" m_ty="4.000000"/>
  </frame>
  <frame idx="625" w="327" h="179" x="-25.436188" y="-25.025955">
   <element name="leaf" layername="leaf " frame="1" z_index="6" m_a="1.000000" m_b="0.000000" m_c="0.000000" m_d="1.000000" m_tx="16.000000" m_ty="4.000000"/>
  </frame>
  <frame idx="650" w="327" h="179" x="-25.436188" y="-25.025955">
   <element name="leaf" layername="leaf " frame="1" z_index="6" m_a="1.000000" m_b="0.000000" m_c="0.000000" m_d="1.000000" m_tx="16.000000" m_ty="4.000000"/>
  </frame>
  <frame idx="675" w="327" h="179" x="-25.436188" y="-25.025955">
   <element name="leaf" layername="leaf " frame="1" z_index="6" m_a="1.000000" m_b="0.000000" m_c="0.000000" m_d="1.000000" m_tx="16.000000" m_ty="4.000000"/>
  </frame>
  <frame idx="700" w="327" h="179" x="-25.436188" y="-25.025955">
   <element name="leaf" layername="leaf " frame="1" z_index="6" m_a="1.000000" m_b="0.000000" m_c="0.000000" m_d="1.000000" m_tx="16.000000" m_ty="4.000000"/>
  </frame>
  <frame idx="725" w="327" h="179" x="-25.436188" y="-25.025955">
   <element name="leaf" layername="leaf " frame="1" z_index="6" m_a="1.000000" m_b="0.000000" m_c="0.000000" m_d="1.000000" m_tx="16.000000" m_ty="4.000000"/>
  </frame>
  <frame idx="750" w="327" h="179" x="-25.436188" y="-25.025955">
   <element name="leaf" layername="leaf " frame="1" z_index="6" m_a="1.000000" m_b="0.000000" m_c="0.000000" m_d="1.000000" m_tx="16.000000" m_ty="4.000000"/>
  </frame>
  <frame idx="775" w="327" h="179" x="-25.436188" y="-25.025955">
   <element name="leaf" layername="leaf " frame="1" z_index="6" m_a="1.000000" m_b="0.000000" m_c="0.000000" m_d="1.000000" m_tx="16.000000" m_ty="4.000000"/>
  </frame>
  <frame idx="800" w="327" h="179" x="-25.436188" y="-25.025955">
   <element name="leaf" layername="leaf " frame="1" z_index="6" m_a="1.000000" m_b="0.000000" m_c="0.000000" m_d="1.000000" m_tx="16.000000" m_ty="4.000000"/>
  </frame>
  <frame idx="825" w="327" h="179" x="-25.436188" y="-25.025955">
   <element name="leaf" layername="leaf " frame="1" z_index="6" m_a="1.000000" m_b="0.000000" m_c="0.000000" m_d="1.000000" m_tx="16.000000" m_ty="4.000000"/>
  </frame>
  <frame idx="850" w="327" h="179" x="-25.436188" y="-25.025955">
   <element name="leaf" layername="leaf " frame="1" z_index="6" m_a="1.000000" m_b="0.000000" m_c="0.000000" m_d="1.000000" m_tx="16.000000" m_ty="4.000000"/>
  </frame>
  <frame idx="875" w="327" h="179" x="-25.436188" y="-25.025955">
   <element name="leaf" layername="leaf " frame="1" z_index="6" m_a="1.000000" m_b="0.000000" m_c="0.000000" m_d="1.000000" m_tx="16.000000" m_ty="4.000000"/>
  </frame>
  <frame idx="900" w="327" h="179" x="-25.436188" y="-25.025955">
   <element name="leaf" layername="leaf " frame="1" z_index="6" m_a="1.000000" m_b="0.000000" m_c="0.000000" m_d="1.000000" m_tx="16.000000" m_ty="4.000000"/>
  </frame>
  <frame idx="925" w="327" h="179" x="-25.436188" y="-25.025955">
   <element name="leaf" layername="leaf " frame="1" z_index="6" m_a="1.000000" m_b="0.000000" m_c="0.000000" m_d="1.000000" m_tx="16.000000" m_ty="4.000000"/>
  </frame>
  <frame idx="950" w="327" h="179" x="-25.436188" y="-25.025955">
   <element name="leaf" layername="leaf " frame="1" z_index="6" m_a="1.000000" m_b="0.000000" m_c="0.000000" m_d="1.000000" m_tx="16.000000" m_ty="4.000000"/>
  </frame>
  <frame idx="975" w="327" h="179" x="-25.436188" y="-25.025955">
   <element name="leaf" layername="leaf " frame="1" z_index="6" m_a="1.000000" m_b="0.000000" m_c="0.000000" m_d="1.000000" m_tx="16.000000" m_ty="4.000000"/>
  </frame>
 </anim>
 <anim name="l3" root="leaf" numframes="1000" framerate="40">
  <frame idx="0" w="288" h="143" x="-5.012474" y="-19.870941">
   <element name="leaf" layername="leaf " frame="0" z_index="6" m_a="1.000000" m_b="0.000000" m_c="0.000000" m_d="1.000000" m_tx="16.000000" m_ty="4.000000"/>
  </frame>
  <frame idx="25" w="288" h="143" x="-5.012474" y="-19.870941">
   <element name="leaf" layername="leaf " frame="0" z_index="6" m_a="1.000000" m_b="0.000000" m_c="0.000000" m_d="1.000000" m_tx="16.000000" m_ty="4.000000"/>
  </frame>
  <frame idx="50" w="288" h="143" x="-5.012474" y="-19.870941">
   <element name="leaf" layername="leaf " frame="0" z_index="6" m_a="1.000000" m_b="0.000000" m_c="0.000000" m_d="1.000000" m_tx="16.000000" m_ty="4.000000"/>
  </frame>
  <frame idx="75" w="288" h="143" x="-5.012474" y="-19.870941">
   <element name="leaf" layername="leaf " frame="0" z_index="6" m_a="1.000000" m_b="0.000000" m_c="0.000000" m_d="1.000000" m_tx="16.000000" m_ty="4.000000"/>
  </frame>
  <frame idx="100" w="288" h="143" x="-5.012474" y="-19.870941">
   <element name="leaf" layername="leaf " frame="0" z_index="6" m_a="1.000000" m_b="0.000000" m_c="0.000000" m_d="1.000000" m_tx="16.000000" m_ty="4.000000"/>
  </frame>
  <frame idx="125" w="288" h="143" x="-5.012474" y="-19.870941">
   <element name="leaf" layername="leaf " frame="0" z_index="6" m_a="1.000000" m_b="0.000000" m_c="0.000000" m_d="1.000000" m_tx="16.000000" m_ty="4.000000"/>
  </frame>
  <frame idx="150" w="288" h="143" x="-5.012474" y="-19.870941">
   <element name="leaf" layername="leaf " frame="0" z_index="6" m_a="1.000000" m_b="0.000000" m_c="0.000000" m_d="1.000000" m_tx="16.000000" m_ty="4.000000"/>
  </frame>
  <frame idx="175" w="288" h="143" x="-5.012474" y="-19.870941">
   <element name="leaf" layername="leaf " frame="0" z_index="6" m_a="1.000000" m_b="0.000000" m_c="0.000000" m_d="1.000000" m_tx="16.000000" m_ty="4.000000"/>
  </frame>
  <frame idx="200" w="288" h="143" x="-5.012474" y="-19.870941">
   <element name="leaf" layername="leaf " frame="0" z_index="6" m_a="1.000000" m_b="0.000000" m_c="0.000000" m_d="1.000000" m_tx="16.000000" m_ty="4.000000"/>
  </frame>
  <frame idx="225" w="288" h="143" x="-5.012474" y="-19.870941">
   <element name="leaf" layername="leaf " frame="0" z_index="6" m_a="1.000000" m_b="0.000000" m_c="0.000000" m_d="1.000000" m_tx="16.000000" m_ty="4.000000"/>
  </frame>
  <frame idx="250" w="288" h="143" x="-5.012474" y="-19.870941">
   <element name="leaf" layername="leaf " frame="0" z_index="6" m_a="1.000000" m_b="0.000000" m_c="0.000000" m_d="1.000000" m_tx="16.000000" m_ty="4.000000"/>
  </frame>
  <frame idx="275" w="288" h="143" x="-5.012474" y="-19.870941">
   <element name="leaf" layername="leaf " frame="0" z_index="6" m_a="1.000000" m_b="0.000000" m_c="0.000000" m_d="1.000000" m_tx="16.000000" m_ty="4.000000"/>
  </frame>
  <frame idx="300" w="288" h="143" x="-5.012474" y="-19.870941">
   <element name="leaf" layername="leaf " frame="0" z_index="6" m_a="1.000000" m_b="0.000000" m_c="0.000000" m_d="1.000000" m_tx="16.000000" m_ty="4.000000"/>
  </frame>
  <frame idx="325" w="288" h="143" x="-5.012474" y="-19.870941">
   <element name="leaf" layername="leaf " frame="0" z_index="6" m_a="1.000000" m_b="0.000000" m_c="0.000000" m_d="1.000000" m_tx="16.000000" m_ty="4.000000"/>
  </frame>
  <frame idx="350" w="288" h="143" x="-5.012474" y="-19.870941">
   <element name="leaf" layername="leaf " frame="0" z_index="6" m_a="1.000000" m_b="0.000000" m_c="0.000000" m_d="1.000000" m_tx="16.000000" m_ty="4.000000"/>
  </frame>
  <frame idx="375" w="288" h="143" x="-5.012474" y="-19.870941">
   <element name="leaf" layername="leaf " frame="0" z_index="6" m_a="1.000000" m_b="0.000000" m_c="0.000000" m_d="1.000000" m_tx="16.000000" m_ty="4.000000"/>
  </frame>
  <frame idx="400" w="288" h="143" x="-5.012474" y="-19.870941">
   <element name="leaf" layername="leaf " frame="0" z_index="6" m_a="1.000000" m_b="0.000000" m_c="0.000000" m_d="1.000000" m_tx="16.000000" m_ty="4.000000"/>
  </frame>
  <frame idx="425" w="288" h="143" x="-5.012474" y="-19.870941">
   <element name="leaf" layername="leaf " frame="0" z_index="6" m_a="1.000000" m_b="0.000000" m_c="0.000000" m_d="1.000000" m_tx="16.000000" m_ty="4.000000"/>
  </frame>
  <frame idx="450" w="288" h="143" x="-5.012474" y="-19.870941">
   <element name="leaf" layername="leaf " frame="0" z_index="6" m_a="1.000000" m_b="0.000000" m_c="0.000000" m_d="1.000000" m_tx="16.000000" m_ty="4.000000"/>
  </frame>
  <frame idx="475" w="288" h="143" x="-5.012474" y="-19.870941">
   <element name="leaf" layername="leaf " frame="0" z_index="6" m_a="1.000000" m_b="0.000000" m_c="0.000000" m_d="1.000000" m_tx="16.000000" m_ty="4.000000"/>
  </frame>
  <frame idx="500" w="288" h="143" x="-5.012474" y="-19.870941">
   <element name="leaf" layername="leaf " frame="0" z_index="6" m_a="1.000000" m_b="0.000000" m_c="0.000000" m_d="1.000000" m_tx="16.000000" m_ty="4.000000"/>
  </frame>
  <frame idx="525" w="288" h="143" x="-5.012474" y="-19.870941">
   <element name="leaf" layername="leaf " frame="0" z_index="6" m_a="1.000000" m_b="0.000000" m_c="0.000000" m_d="1.000000" m_tx="16.000000" m_ty="4.000000"/>
  </frame>
  <frame idx="550" w="288" h="143" x="-5.012474" y="-19.870941">
   <element name="leaf" layername="leaf " frame="0" z_index="6" m_a="1.000000" m_b="0.000000" m_c="0.000000" m_d="1.000000" m_tx="16.000000" m_ty="4.000000"/>
  </frame>
  <frame idx="575" w="288" h="143" x="-5.012474" y="-19.870941">
   <element name="leaf" layername="leaf " frame="0" z_index="6" m_a="1.000000" m_b="0.000000" m_c="0.000000" m_d="1.000000" m_tx="16.000000" m_ty="4.000000"/>
  </frame>
  <frame idx="600" w="288" h="143" x="-5.012474" y="-19.870941">
   <element name="leaf" layername="leaf " frame="0" z_index="6" m_a="1.000000" m_b="0.000000" m_c="0.000000" m_d="1.000000" m_tx="16.000000" m_ty="4.000000"/>
  </frame>
  <frame idx="625" w="288" h="143" x="-5.012474" y="-19.870941">
   <element name="leaf" layername="leaf " frame="0" z_index="6" m_a="1.000000" m_b="0.000000" m_c="0.000000" m_d="1.000000" m_tx="16.000000" m_ty="4.000000"/>
  </frame>
  <frame idx="650" w="288" h="143" x="-5.012474" y="-19.870941">
   <element name="leaf" layername="leaf " frame="0" z_index="6" m_a="1.000000" m_b="0.000000" m_c="0.000000" m_d="1.000000" m_tx="16.000000" m_ty="4.000000"/>
  </frame>
  <frame idx="675" w="288" h="143" x="-5.012474" y="-19.870941">
   <element name="leaf" layername="leaf " frame="0" z_index="6" m_a="1.000000" m_b="0.000000" m_c="0.000000" m_d="1.000000" m_tx="16.000000" m_ty="4.000000"/>
  </frame>
  <frame idx="700" w="288" h="143" x="-5.012474" y="-19.870941">
   <element name="leaf" layername="leaf " frame="0" z_index="6" m_a="1.000000" m_b="0.000000" m_c="0.000000" m_d="1.000000" m_tx="16.000000" m_ty="4.000000"/>
  </frame>
  <frame idx="725" w="288" h="143" x="-5.012474" y="-19.870941">
   <element name="leaf" layername="leaf " frame="0" z_index="6" m_a="1.000000" m_b="0.000000" m_c="0.000000" m_d="1.000000" m_tx="16.000000" m_ty="4.000000"/>
  </frame>
  <frame idx="750" w="288" h="143" x="-5.012474" y="-19.870941">
   <element name="leaf" layername="leaf " frame="0" z_index="6" m_a="1.000000" m_b="0.000000" m_c="0.000000" m_d="1.000000" m_tx="16.000000" m_ty="4.000000"/>
  </frame>
  <frame idx="775" w="288" h="143" x="-5.012474" y="-19.870941">
   <element name="leaf" layername="leaf " frame="0" z_index="6" m_a="1.000000" m_b="0.000000" m_c="0.000000" m_d="1.000000" m_tx="16.000000" m_ty="4.000000"/>
  </frame>
  <frame idx="800" w="288" h="143" x="-5.012474" y="-19.870941">
   <element name="leaf" layername="leaf " frame="0" z_index="6" m_a="1.000000" m_b="0.000000" m_c="0.000000" m_d="1.000000" m_tx="16.000000" m_ty="4.000000"/>
  </frame>
  <frame idx="825" w="288" h="143" x="-5.012474" y="-19.870941">
   <element name="leaf" layername="leaf " frame="0" z_index="6" m_a="1.000000" m_b="0.000000" m_c="0.000000" m_d="1.000000" m_tx="16.000000" m_ty="4.000000"/>
  </frame>
  <frame idx="850" w="288" h="143" x="-5.012474" y="-19.870941">
   <element name="leaf" layername="leaf " frame="0" z_index="6" m_a="1.000000" m_b="0.000000" m_c="0.000000" m_d="1.000000" m_tx="16.000000" m_ty="4.000000"/>
  </frame>
  <frame idx="875" w="288" h="143" x="-5.012474" y="-19.870941">
   <element name="leaf" layername="leaf " frame="0" z_index="6" m_a="1.000000" m_b="0.000000" m_c="0.000000" m_d="1.000000" m_tx="16.000000" m_ty="4.000000"/>
  </frame>
  <frame idx="900" w="288" h="143" x="-5.012474" y="-19.870941">
   <element name="leaf" layername="leaf " frame="0" z_index="6" m_a="1.000000" m_b="0.000000" m_c="0.000000" m_d="1.000000" m_tx="16.000000" m_ty="4.000000"/>
  </frame>
  <frame idx="925" w="288" h="143" x="-5.012474" y="-19.870941">
   <element name="leaf" layername="leaf " frame="0" z_index="6" m_a="1.000000" m_b="0.000000" m_c="0.000000" m_d="1.000000" m_tx="16.000000" m_ty="4.000000"/>
  </frame>
  <frame idx="950" w="288" h="143" x="-5.012474" y="-19.870941">
   <element name="leaf" layername="leaf " frame="0" z_index="6" m_a="1.000000" m_b="0.000000" m_c="0.000000" m_d="1.000000" m_tx="16.000000" m_ty="4.000000"/>
  </frame>
  <frame idx="975" w="288" h="143" x="-5.012474" y="-19.870941">
   <element name="leaf" layername="leaf " frame="0" z_index="6" m_a="1.000000" m_b="0.000000" m_c="0.000000" m_d="1.000000" m_tx="16.000000" m_ty="4.000000"/>
  </frame>
 </anim>
 <anim name="disappear" root="leaf" numframes="1000" framerate="40">
  <frame idx="0" w="192" h="129" x="-89.623871" y="-47.870705">
   <element name="individual leaf" layername="1" frame="0" z_index="4" m_a="-0.093922" m_b="0.995580" m_c="-0.995580" m_d="-0.093922" m_tx="-2.000000" m_ty="0.000000"/>
   <element name="individual leaf" layername="2" frame="1" z_index="5" m_a="-0.661030" m_b="0.750359" m_c="-0.750359" m_d="-0.661030" m_tx="40.000000" m_ty="-13.000000"/>
   <element name="individual leaf" layername="3" frame="2" z_index="6" m_a="0.031235" m_b="-0.999512" m_c="0.999512" m_d="0.031235" m_tx="4.000000" m_ty="-6.000000"/>
  </frame>
  <frame idx="25" w="203" h="98" x="-89.814827" y="-36.693909">
   <element name="individual leaf" layername="1" frame="0" z_index="4" m_a="-0.278427" m_b="0.960457" m_c="-0.960457" m_d="-0.278427" m_tx="4.650000" m_ty="-2.000000"/>
   <element name="individual leaf" layername="2" frame="1" z_index="5" m_a="-0.936427" m_b="0.350861" m_c="-0.350861" m_d="-0.936427" m_tx="46.956398" m_ty="-16.975084"/>
   <element name="individual leaf" layername="3" frame="2" z_index="6" m_a="0.009637" m_b="-0.999954" m_c="0.999954" m_d="0.009637" m_tx="14.738250" m_ty="-6.717724"/>
  </frame>
  <frame idx="50" w="212" h="65" x="-87.273148" y="-24.997068">
   <element name="individual leaf" layername="1" frame="0" z_index="4" m_a="-0.453111" m_b="0.891454" m_c="-0.891454" m_d="-0.453111" m_tx="11.300000" m_ty="-4.000000"/>
   <element name="individual leaf" layername="2" frame="1" z_index="5" m_a="-0.991350" m_b="-0.131244" m_c="0.131244" m_d="-0.991350" m_tx="53.912796" m_ty="-20.950169"/>
   <element name="individual leaf" layername="3" frame="2" z_index="6" m_a="-0.011966" m_b="-0.999928" m_c="0.999928" m_d="-0.011966" m_tx="25.476500" m_ty="-7.435447"/>
  </frame>
  <frame idx="75" w="217" h="47" x="-81.389191" y="-23.292116">
   <element name="individual leaf" layername="1" frame="0" z_index="4" m_a="-0.611811" m_b="0.791004" m_c="-0.791004" m_d="-0.611811" m_tx="17.949999" m_ty="-6.000000"/>
   <element name="individual leaf" layername="2" frame="1" z_index="5" m_a="-0.812867" m_b="-0.582449" m_c="0.582449" m_d="-0.812867" m_tx="60.869198" m_ty="-24.925255"/>
   <element name="individual leaf" layername="3" frame="2" z_index="6" m_a="-0.033563" m_b="-0.999437" m_c="0.999437" m_d="-0.033563" m_tx="36.214748" m_ty="-8.153172"/>
  </frame>
  <frame idx="100" w="218" h="45" x="-72.153580" y="-25.142744">
   <element name="individual leaf" layername="1" frame="0" z_index="4" m_a="-0.748928" m_b="0.662651" m_c="-0.662651" m_d="-0.748928" m_tx="24.600000" m_ty="-8.000000"/>
   <element name="individual leaf" layername="2" frame="1" z_index="5" m_a="-0.484114" m_b="-0.875005" m_c="0.875005" m_d="-0.484114" m_tx="67.825592" m_ty="-28.900339"/>
   <element name="individual leaf" layername="3" frame="2" z_index="6" m_a="-0.055144" m_b="-0.998478" m_c="0.998478" m_d="-0.055144" m_tx="46.952999" m_ty="-8.870894"/>
  </frame>
  <frame idx="125" w="215" h="57" x="-59.657524" y="-29.485262">
   <element name="individual leaf" layername="1" frame="0" z_index="4" m_a="-0.859626" m_b="0.510923" m_c="-0.510923" m_d="-0.859626" m_tx="31.250000" m_ty="-10.000000"/>
   <element name="individual leaf" layername="2" frame="1" z_index="5" m_a="-0.097946" m_b="-0.995192" m_c="0.995192" m_d="-0.097946" m_tx="74.781990" m_ty="-32.875423"/>
   <element name="individual leaf" layername="3" frame="2" z_index="6" m_a="-0.076699" m_b="-0.997054" m_c="0.997054" m_d="-0.076699" m_tx="57.691250" m_ty="-9.588618"/>
  </frame>
  <frame idx="150" w="209" h="80" x="-44.589600" y="-36.200165">
   <element name="individual leaf" layername="1" frame="0" z_index="4" m_a="-0.940001" m_b="0.341172" m_c="-0.341172" m_d="-0.940001" m_tx="37.899998" m_ty="-12.000000"/>
   <element name="individual leaf" layername="2" frame="1" z_index="5" m_a="0.304243" m_b="-0.952594" m_c="0.952594" m_d="0.304243" m_tx="81.738388" m_ty="-36.850510"/>
   <element name="individual leaf" layername="3" frame="2" z_index="6" m_a="-0.098219" m_b="-0.995165" m_c="0.995165" m_d="-0.098219" m_tx="68.429497" m_ty="-10.306342"/>
  </frame>
  <frame idx="175" w="201" h="113" x="-27.229094" y="-44.666435">
   <element name="individual leaf" layername="1" frame="0" z_index="4" m_a="-0.987217" m_b="0.159385" m_c="-0.159385" m_d="-0.987217" m_tx="44.550003" m_ty="-14.000001"/>
   <element name="individual leaf" layername="2" frame="1" z_index="5" m_a="0.656667" m_b="-0.754181" m_c="0.754181" m_d="0.656667" m_tx="88.694786" m_ty="-40.825592"/>
   <element name="individual leaf" layername="3" frame="2" z_index="6" m_a="-0.119693" m_b="-0.992811" m_c="0.992811" m_d="-0.119693" m_tx="79.167755" m_ty="-11.024066"/>
  </frame>
  <frame idx="200" w="190" h="154" x="-7.436253" y="-55.058380">
   <element name="individual leaf" layername="1" frame="0" z_index="4" m_a="-0.999607" m_b="-0.028024" m_c="0.028024" m_d="-0.999607" m_tx="51.200001" m_ty="-16.000000"/>
   <element name="individual leaf" layername="2" frame="1" z_index="5" m_a="0.901680" m_b="-0.432405" m_c="0.432405" m_d="0.901680" m_tx="95.651184" m_ty="-44.800678"/>
   <element name="individual leaf" layername="3" frame="2" z_index="6" m_a="-0.141111" m_b="-0.989994" m_c="0.989994" m_d="-0.141111" m_tx="89.905998" m_ty="-11.741790"/>
  </frame>
  <frame idx="225" w="179" h="190" x="12.964342" y="-64.566109">
   <element name="individual leaf" layername="1" frame="0" z_index="4" m_a="-0.979212" m_b="-0.202842" m_c="0.202842" m_d="-0.979212" m_tx="57.850002" m_ty="-18.000000"/>
   <element name="individual leaf" layername="2" frame="1" z_index="5" m_a="0.990324" m_b="-0.138776" m_c="0.138776" m_d="0.990324" m_tx="102.607590" m_ty="-48.775764"/>
   <element name="individual leaf" layername="3" frame="2" z_index="6" m_a="-0.162463" m_b="-0.986715" m_c="0.986715" m_d="-0.162463" m_tx="100.644249" m_ty="-12.459514"/>
  </frame>
  <frame idx="250" w="168" h="225" x="32.618870" y="-74.060196">
   <element name="individual leaf" layername="1" frame="0" z_index="4" m_a="-0.936109" m_b="-0.351711" m_c="0.351711" m_d="-0.936109" m_tx="64.500000" m_ty="-20.000000"/>
   <element name="individual leaf" layername="2" frame="1" z_index="5" m_a="0.986489" m_b="0.163827" m_c="-0.163827" m_d="0.986489" m_tx="109.563988" m_ty="-52.750847"/>
   <element name="individual leaf" layername="3" frame="2" z_index="6" m_a="-0.183739" m_b="-0.982975" m_c="0.982975" m_d="-0.183739" m_tx="111.382500" m_ty="-13.177238"/>
  </frame>
  <frame idx="275" w="161" h="257" x="49.317692" y="-82.842789">
   <element name="individual leaf" layername="1" frame="0" z_index="4" m_a="-0.870521" m_b="-0.492131" m_c="0.492131" m_d="-0.870521" m_tx="71.150002" m_ty="-22.000000"/>
   <element name="individual leaf" layername="2" frame="1" z_index="5" m_a="0.892308" m_b="0.451427" m_c="-0.451427" m_d="0.892308" m_tx="116.520386" m_ty="-56.725933"/>
   <element name="individual leaf" layername="3" frame="2" z_index="6" m_a="-0.204930" m_b="-0.978777" m_c="0.978777" m_d="-0.204930" m_tx="122.120750" m_ty="-13.894961"/>
  </frame>
  <frame idx="300" w="168" h="285" x="52.521774" y="-91.202545">
   <element name="individual leaf" layername="1" frame="0" z_index="4" m_a="-0.784023" m_b="-0.620731" m_c="0.620731" m_d="-0.784023" m_tx="77.800003" m_ty="-24.000000"/>
   <element name="individual leaf" layername="2" frame="1" z_index="5" m_a="0.716407" m_b="0.697683" m_c="-0.697683" m_d="0.716407" m_tx="123.476784" m_ty="-60.701015"/>
   <element name="individual leaf" layername="3" frame="2" z_index="6" m_a="-0.226025" m_b="-0.974122" m_c="0.974122" m_d="-0.226025" m_tx="132.858994" m_ty="-14.612685"/>
  </frame>
  <frame idx="325" w="171" h="308" x="55.996750" y="-98.466873">
   <element name="individual leaf" layername="1" frame="0" z_index="4" m_a="-0.678694" m_b="-0.734421" m_c="0.734421" m_d="-0.678694" m_tx="84.449997" m_ty="-26.000000"/>
   <element name="individual leaf" layername="2" frame="1" z_index="5" m_a="0.474894" m_b="0.880043" m_c="-0.880043" m_d="0.474894" m_tx="130.433182" m_ty="-64.676102"/>
   <element name="individual leaf" layername="3" frame="2" z_index="6" m_a="-0.320970" m_b="-0.947089" m_c="0.947089" m_d="-0.320970" m_tx="143.597244" m_ty="-15.330408"/>
  </frame>
  <frame idx="350" w="170" h="323" x="60.306892" y="-104.017700">
   <element name="individual leaf" layername="1" frame="0" z_index="4" m_a="-0.557062" m_b="-0.830471" m_c="0.830471" m_d="-0.557062" m_tx="91.099998" m_ty="-28.000000"/>
   <element name="individual leaf" layername="2" frame="1" z_index="5" m_a="0.189889" m_b="0.981806" m_c="-0.981806" m_d="0.189889" m_tx="137.389572" m_ty="-68.651184"/>
   <element name="individual leaf" layername="3" frame="2" z_index="6" m_a="-0.439927" m_b="-0.898033" m_c="0.898033" m_d="-0.439927" m_tx="154.335495" m_ty="-16.048132"/>
  </frame>
  <frame idx="375" w="167" h="328" x="65.508385" y="-108.028404">
   <element name="individual leaf" layername="1" frame="0" z_index="4" m_a="-0.422050" m_b="-0.906573" m_c="0.906573" m_d="-0.422050" m_tx="97.750000" m_ty="-30.000002"/>
   <element name="individual leaf" layername="2" frame="1" z_index="5" m_a="-0.226888" m_b="0.973921" m_c="-0.973921" m_d="-0.226888" m_tx="144.345978" m_ty="-72.626274"/>
   <element name="individual leaf" layername="3" frame="2" z_index="6" m_a="-0.551601" m_b="-0.834108" m_c="0.834108" m_d="-0.551601" m_tx="165.073746" m_ty="-16.765856"/>
  </frame>
  <frame idx="400" w="162" h="321" x="71.148041" y="-109.607101">
   <element name="individual leaf" layername="1" frame="0" z_index="4" m_a="-0.276900" m_b="-0.960899" m_c="0.960899" m_d="-0.276900" m_tx="104.400002" m_ty="-32.000000"/>
   <element name="individual leaf" layername="2" frame="1" z_index="5" m_a="-0.612256" m_b="0.790660" m_c="-0.790660" m_d="-0.612256" m_tx="151.302383" m_ty="-76.601357"/>
   <element name="individual leaf" layername="3" frame="2" z_index="6" m_a="-0.654141" m_b="-0.756373" m_c="0.756373" m_d="-0.654141" m_tx="175.811996" m_ty="-17.483580"/>
  </frame>
  <frame idx="425" w="156" h="305" x="77.262138" y="-109.092209">
   <element name="individual leaf" layername="1" frame="0" z_index="4" m_a="-0.125099" m_b="-0.992144" m_c="0.992144" m_d="-0.125099" m_tx="111.050003" m_ty="-34.000000"/>
   <element name="individual leaf" layername="2" frame="1" z_index="5" m_a="-0.886136" m_b="0.463425" m_c="-0.463425" m_d="-0.886136" m_tx="158.258774" m_ty="-80.576447"/>
   <element name="individual leaf" layername="3" frame="2" z_index="6" m_a="-0.745850" m_b="-0.666114" m_c="0.666114" m_d="-0.745850" m_tx="186.550247" m_ty="-18.201302"/>
  </frame>
  <frame idx="450" w="150" h="287" x="83.875542" y="-108.028160">
   <element name="individual leaf" layername="1" frame="0" z_index="4" m_a="0.029706" m_b="-0.999559" m_c="0.999559" m_d="0.029706" m_tx="117.699997" m_ty="-36.000000"/>
   <element name="individual leaf" layername="2" frame="1" z_index="5" m_a="-0.998657" m_b="0.051804" m_c="-0.051804" m_d="-0.998657" m_tx="165.215179" m_ty="-84.551529"/>
   <element name="individual leaf" layername="3" frame="2" z_index="6" m_a="-0.825210" m_b="-0.564826" m_c="0.564826" m_d="-0.825210" m_tx="197.288498" m_ty="-18.919025"/>
  </frame>
  <frame idx="475" w="142" h="272" x="91.001160" y="-107.674828">
   <element name="individual leaf" layername="1" frame="0" z_index="4" m_a="0.183798" m_b="-0.982964" m_c="0.982964" m_d="0.183798" m_tx="124.349998" m_ty="-38.000000"/>
   <element name="individual leaf" layername="2" frame="1" z_index="5" m_a="-0.934957" m_b="-0.354761" m_c="0.354761" m_d="-0.934957" m_tx="172.171585" m_ty="-88.526611"/>
   <element name="individual leaf" layername="3" frame="2" z_index="6" m_a="-0.890907" m_b="-0.454186" m_c="0.454186" m_d="-0.890907" m_tx="208.026749" m_ty="-19.636749"/>
  </frame>
  <frame idx="500" w="132" h="266" x="99.938698" y="-108.741150">
   <element name="individual leaf" layername="1" frame="0" z_index="4" m_a="0.344163" m_b="-0.938910" m_c="0.938910" m_d="0.344163" m_tx="131.743454" m_ty="-40.223595"/>
   <element name="individual leaf" layername="2" frame="1" z_index="5" m_a="-0.746561" m_b="-0.665317" m_c="0.665317" m_d="-0.746561" m_tx="179.127975" m_ty="-92.501701"/>
   <element name="individual leaf" layername="3" frame="2" z_index="6" m_a="-0.941853" m_b="-0.336026" m_c="0.336026" m_d="-0.941853" m_tx="218.764999" m_ty="-20.354473"/>
  </frame>
  <frame idx="525" w="129" h="268" x="109.361870" y="-111.133476">
   <element name="individual leaf" layername="1" frame="0" z_index="4" m_a="0.505664" m_b="-0.862730" m_c="0.862730" m_d="0.505664" m_tx="139.942307" m_ty="-42.689419"/>
   <element name="individual leaf" layername="2" frame="1" z_index="5" m_a="-0.459666" m_b="-0.888092" m_c="0.888092" m_d="-0.459666" m_tx="186.084381" m_ty="-96.476784"/>
   <element name="individual leaf" layername="3" frame="2" z_index="6" m_a="-0.967254" m_b="-0.253810" m_c="0.253810" m_d="-0.967254" m_tx="229.503250" m_ty="-21.072197"/>
  </frame>
  <frame idx="550" w="131" h="294" x="119.409409" y="-116.560623">
   <element name="individual leaf" layername="1" frame="0" z_index="4" m_a="0.651042" m_b="-0.759042" m_c="0.759042" m_d="0.651042" m_tx="148.141174" m_ty="-45.155243"/>
   <element name="individual leaf" layername="2" frame="1" z_index="5" m_a="-0.112123" m_b="-0.993694" m_c="0.993694" m_d="-0.112123" m_tx="193.040771" m_ty="-100.451866"/>
   <element name="individual leaf" layername="3" frame="2" z_index="6" m_a="-0.984489" m_b="-0.175449" m_c="0.175449" m_d="-0.984489" m_tx="240.241501" m_ty="-21.789921"/>
  </frame>
  <frame idx="575" w="132" h="333" x="130.022324" y="-124.401184">
   <element name="individual leaf" layername="1" frame="0" z_index="4" m_a="0.775660" m_b="-0.631151" m_c="0.631151" m_d="0.775660" m_tx="156.340042" m_ty="-47.621063"/>
   <element name="individual leaf" layername="2" frame="1" z_index="5" m_a="0.180985" m_b="-0.983486" m_c="0.983486" m_d="0.180985" m_tx="199.997177" m_ty="-104.426956"/>
   <element name="individual leaf" layername="3" frame="2" z_index="6" m_a="-0.995385" m_b="-0.095958" m_c="0.095958" m_d="-0.995385" m_tx="250.979752" m_ty="-22.507643"/>
  </frame>
  <frame idx="600" w="134" h="371" x="140.623642" y="-132.039307">
   <element name="individual leaf" layername="1" frame="0" z_index="4" m_a="0.875546" m_b="-0.483135" m_c="0.483135" m_d="0.875546" m_tx="164.538895" m_ty="-50.086887"/>
   <element name="individual leaf" layername="2" frame="1" z_index="5" m_a="0.376561" m_b="-0.926392" m_c="0.926392" m_d="0.376561" m_tx="206.953568" m_ty="-108.402039"/>
   <element name="individual leaf" layername="3" frame="2" z_index="6" m_a="-0.999874" m_b="-0.015849" m_c="0.015849" m_d="-0.999874" m_tx="261.717987" m_ty="-23.225367"/>
  </frame>
  <frame idx="625" w="135" h="407" x="152.120850" y="-139.983063">
   <element name="individual leaf" layername="1" frame="0" z_index="4" m_a="0.947514" m_b="-0.319714" m_c="0.319714" m_d="0.947514" m_tx="172.737762" m_ty="-52.552708"/>
   <element name="individual leaf" layername="2" frame="1" z_index="5" m_a="0.556506" m_b="-0.830844" m_c="0.830844" m_d="0.556506" m_tx="213.909973" m_ty="-112.377121"/>
   <element name="individual leaf" layername="3" frame="2" z_index="6" m_a="-0.997927" m_b="0.064362" m_c="-0.064362" m_d="-0.997927" m_tx="272.456238" m_ty="-23.943090"/>
  </frame>
  <frame idx="650" w="135" h="442" x="163.908752" y="-148.192230">
   <element name="individual leaf" layername="1" frame="0" z_index="4" m_a="0.989270" m_b="-0.146099" m_c="0.146099" m_d="0.989270" m_tx="180.936615" m_ty="-55.018532"/>
   <element name="individual leaf" layername="2" frame="1" z_index="5" m_a="0.713351" m_b="-0.700807" m_c="0.700807" m_d="0.713351" m_tx="220.866364" m_ty="-116.352211"/>
   <element name="individual leaf" layername="3" frame="2" z_index="6" m_a="-0.989555" m_b="0.144158" m_c="-0.144158" m_d="-0.989555" m_tx="283.194489" m_ty="-24.660814"/>
  </frame>
  <frame idx="675" w="135" h="475" x="175.872925" y="-156.615570">
   <element name="individual leaf" layername="1" frame="0" z_index="4" m_a="0.999482" m_b="0.032175" m_c="-0.032175" m_d="0.999482" m_tx="189.135483" m_ty="-57.484356"/>
   <element name="individual leaf" layername="2" frame="1" z_index="5" m_a="0.840585" m_b="-0.541680" m_c="0.541680" m_d="0.840585" m_tx="227.822754" m_ty="-120.327293"/>
   <element name="individual leaf" layername="3" frame="2" z_index="6" m_a="-0.974812" m_b="0.223027" m_c="-0.223027" m_d="-0.974812" m_tx="293.932739" m_ty="-25.378538"/>
  </frame>
  <frame idx="700" w="135" h="505" x="187.893280" y="-165.956467">
   <element name="individual leaf" layername="1" frame="0" z_index="4" m_a="0.977825" m_b="0.209423" m_c="-0.209423" m_d="0.977825" m_tx="197.334335" m_ty="-59.950176"/>
   <element name="individual leaf" layername="2" frame="1" z_index="5" m_a="0.976930" m_b="-0.213561" m_c="0.213561" m_d="0.976930" m_tx="234.779160" m_ty="-124.302383"/>
   <element name="individual leaf" layername="3" frame="2" z_index="6" m_a="-0.953794" m_b="0.300460" m_c="-0.300460" m_d="-0.953794" m_tx="304.670990" m_ty="-26.096262"/>
  </frame>
  <frame idx="725" w="134" h="532" x="199.848007" y="-175.863022">
   <element name="individual leaf" layername="1" frame="0" z_index="4" m_a="0.924989" m_b="0.379993" m_c="-0.379993" m_d="0.924989" m_tx="205.533203" m_ty="-62.416000"/>
   <element name="individual leaf" layername="2" frame="1" z_index="5" m_a="0.965794" m_b="0.259311" m_c="-0.259311" m_d="0.965794" m_tx="241.735565" m_ty="-128.277466"/>
   <element name="individual leaf" layername="3" frame="2" z_index="6" m_a="-0.926637" m_b="0.375958" m_c="-0.375958" m_d="-0.926637" m_tx="315.409241" m_ty="-26.813986"/>
  </frame>
  <frame idx="750" w="144" h="556" x="202.800507" y="-185.079239">
   <element name="individual leaf" layername="1" frame="0" z_index="4" m_a="0.842659" m_b="0.538447" m_c="-0.538447" m_d="0.842659" m_tx="213.732071" m_ty="-64.881821"/>
   <element name="individual leaf" layername="2" frame="1" z_index="5" m_a="0.738579" m_b="0.674167" m_c="-0.674167" m_d="0.738579" m_tx="248.691956" m_ty="-132.252548"/>
   <element name="individual leaf" layername="3" frame="2" z_index="6" m_a="-0.893513" m_b="0.449036" m_c="-0.449036" m_d="-0.893513" m_tx="326.147491" m_ty="-27.531710"/>
  </frame>
  <frame idx="775" w="164" h="573" x="194.563843" y="-192.379990">
   <element name="individual leaf" layername="1" frame="0" z_index="4" m_a="0.733460" m_b="0.679732" m_c="-0.679732" m_d="0.733460" m_tx="221.930923" m_ty="-67.347649"/>
   <element name="individual leaf" layername="2" frame="1" z_index="5" m_a="0.346121" m_b="0.938190" m_c="-0.938190" m_d="0.346121" m_tx="255.648361" m_ty="-136.227646"/>
   <element name="individual leaf" layername="3" frame="2" z_index="6" m_a="-0.906635" m_b="0.421917" m_c="-0.421917" m_d="-0.906635" m_tx="336.885742" m_ty="-28.249434"/>
  </frame>
  <frame idx="800" w="176" h="584" x="187.753387" y="-197.548080">
   <element name="individual leaf" layername="1" frame="0" z_index="4" m_a="0.600875" m_b="0.799343" m_c="-0.799343" m_d="0.600875" m_tx="230.129791" m_ty="-69.813469"/>
   <element name="individual leaf" layername="2" frame="1" z_index="5" m_a="0.009602" m_b="0.999954" m_c="-0.999954" m_d="0.009602" m_tx="262.604767" m_ty="-140.202728"/>
   <element name="individual leaf" layername="3" frame="2" z_index="6" m_a="-0.999348" m_b="-0.036099" m_c="0.036099" m_d="-0.999348" m_tx="347.623993" m_ty="-28.967157"/>
  </frame>
  <frame idx="825" w="212" h="590" x="179.815842" y="-201.629639">
   <element name="individual leaf" layername="1" frame="0" z_index="4" m_a="0.449129" m_b="0.893467" m_c="-0.893467" m_d="0.449129" m_tx="238.328644" m_ty="-72.279289"/>
   <element name="individual leaf" layername="2" frame="1" z_index="5" m_a="-0.209259" m_b="0.977860" m_c="-0.977860" m_d="-0.209259" m_tx="269.561157" m_ty="-144.177811"/>
   <element name="individual leaf" layername="3" frame="2" z_index="6" m_a="-0.873830" m_b="-0.486232" m_c="0.486232" m_d="-0.873830" m_tx="358.362244" m_ty="-29.684881"/>
  </frame>
  <frame idx="850" w="273" h="591" x="171.170120" y="-204.826416">
   <element name="individual leaf" layername="1" frame="0" z_index="4" m_a="0.283063" m_b="0.959101" m_c="-0.959101" m_d="0.283063" m_tx="246.527512" m_ty="-74.745117"/>
   <element name="individual leaf" layername="2" frame="1" z_index="5" m_a="-0.417995" m_b="0.908449" m_c="-0.908449" m_d="-0.417995" m_tx="276.517548" m_ty="-148.152893"/>
   <element name="individual leaf" layername="3" frame="2" z_index="6" m_a="-0.557489" m_b="-0.830184" m_c="0.830184" m_d="-0.557489" m_tx="369.100494" m_ty="-30.402605"/>
  </frame>
  <frame idx="875" w="318" h="590" x="165.693832" y="-207.676071">
   <element name="individual leaf" layername="1" frame="0" z_index="4" m_a="0.107971" m_b="0.994154" m_c="-0.994154" m_d="0.107971" m_tx="254.726364" m_ty="-77.210938"/>
   <element name="individual leaf" layername="2" frame="1" z_index="5" m_a="-0.606504" m_b="0.795080" m_c="-0.795080" m_d="-0.606504" m_tx="283.473969" m_ty="-152.127975"/>
   <element name="individual leaf" layername="3" frame="2" z_index="6" m_a="-0.119408" m_b="-0.992845" m_c="0.992845" m_d="-0.119408" m_tx="379.838745" m_ty="-31.120329"/>
  </frame>
  <frame idx="900" w="229" h="759" x="181.890854" y="-222.245499">
   <element name="individual leaf" layername="1" frame="0" z_index="4" m_a="0.025633" m_b="0.857224" m_c="-0.857224" m_d="0.025633" m_tx="258.316254" m_ty="-78.290596"/>
   <element name="individual leaf" layername="2" frame="1" z_index="5" m_a="-0.566904" m_b="0.643513" m_c="-0.643513" m_d="-0.566904" m_tx="286.615387" m_ty="-153.923065"/>
   <element name="individual leaf" layername="3" frame="2" z_index="6" m_a="0.832257" m_b="0.206973" m_c="-0.206973" m_d="0.832257" m_tx="384.688019" m_ty="-31.444445"/>
  </frame>
  <frame idx="925" w="213" h="734" x="197.796890" y="-219.837250">
   <element name="individual leaf" layername="1" frame="0" z_index="4" m_a="-0.000710" m_b="0.648205" m_c="-0.648205" m_d="-0.000710" m_tx="259.737183" m_ty="-78.717949"/>
   <element name="individual leaf" layername="2" frame="1" z_index="5" m_a="-0.428483" m_b="0.486387" m_c="-0.486387" m_d="-0.428483" m_tx="287.961548" m_ty="-154.692307"/>
   <element name="individual leaf" layername="3" frame="2" z_index="6" m_a="0.492291" m_b="0.421686" m_c="-0.421686" m_d="0.492291" m_tx="386.766022" m_ty="-31.583332"/>
  </frame>
  <frame idx="950" w="207" h="706" x="213.322235" y="-216.928986">
   <element name="individual leaf" layername="1" frame="0" z_index="4" m_a="-0.014076" m_b="0.438578" m_c="-0.438578" m_d="-0.014076" m_tx="261.158112" m_ty="-79.145302"/>
   <element name="individual leaf" layername="2" frame="1" z_index="5" m_a="-0.290062" m_b="0.329260" m_c="-0.329260" m_d="-0.290062" m_tx="289.307709" m_ty="-155.461533"/>
   <element name="individual leaf" layername="3" frame="2" z_index="6" m_a="0.438435" m_b="-0.017979" m_c="0.017979" m_d="0.438435" m_tx="388.843994" m_ty="-31.722221"/>
  </frame>
  <frame idx="975" w="196" h="669" x="229.926376" y="-213.520721">
   <element name="individual leaf" layername="1" frame="0" z_index="4" m_a="-0.014459" m_b="0.228946" m_c="-0.228946" m_d="-0.014459" m_tx="262.579071" m_ty="-79.572647"/>
   <element name="individual leaf" layername="2" frame="1" z_index="5" m_a="-0.151641" m_b="0.172134" m_c="-0.172134" m_d="-0.151641" m_tx="290.653839" m_ty="-156.230774"/>
   <element name="individual leaf" layername="3" frame="2" z_index="6" m_a="0.161419" m_b="-0.163000" m_c="0.163000" m_d="0.161419" m_tx="390.921997" m_ty="-31.861111"/>
  </frame>
 </anim>
</Anims>
