<Anims>
 <anim name="idle" root="feather_loon" numframes="1000" framerate="40">
  <frame idx="0" w="244" h="212" x="-1.986492" y="-63.443115">
   <element name="feather" layername="feather" frame="0" z_index="1" m_a="0.500000" m_b="0.000000" m_c="0.000000" m_d="0.500000" m_tx="13.027027" m_ty="-2.386161"/>
  </frame>
  <frame idx="25" w="244" h="212" x="-1.986492" y="-63.443115">
   <element name="feather" layername="feather" frame="0" z_index="1" m_a="0.500000" m_b="0.000000" m_c="0.000000" m_d="0.500000" m_tx="13.027027" m_ty="-2.386161"/>
  </frame>
  <frame idx="50" w="244" h="212" x="-1.986492" y="-63.443115">
   <element name="feather" layername="feather" frame="0" z_index="1" m_a="0.500000" m_b="0.000000" m_c="0.000000" m_d="0.500000" m_tx="13.027027" m_ty="-2.386161"/>
  </frame>
  <frame idx="75" w="244" h="212" x="-1.986492" y="-63.443115">
   <element name="feather" layername="feather" frame="0" z_index="1" m_a="0.500000" m_b="0.000000" m_c="0.000000" m_d="0.500000" m_tx="13.027027" m_ty="-2.386161"/>
  </frame>
  <frame idx="100" w="244" h="212" x="-1.986492" y="-63.443115">
   <element name="feather" layername="feather" frame="0" z_index="1" m_a="0.500000" m_b="0.000000" m_c="0.000000" m_d="0.500000" m_tx="13.027027" m_ty="-2.386161"/>
  </frame>
  <frame idx="125" w="244" h="212" x="-1.986492" y="-63.443115">
   <element name="feather" layername="feather" frame="0" z_index="1" m_a="0.500000" m_b="0.000000" m_c="0.000000" m_d="0.500000" m_tx="13.027027" m_ty="-2.386161"/>
  </frame>
  <frame idx="150" w="244" h="212" x="-1.986492" y="-63.443115">
   <element name="feather" layername="feather" frame="0" z_index="1" m_a="0.500000" m_b="0.000000" m_c="0.000000" m_d="0.500000" m_tx="13.027027" m_ty="-2.386161"/>
  </frame>
  <frame idx="175" w="244" h="212" x="-1.986492" y="-63.443115">
   <element name="feather" layername="feather" frame="0" z_index="1" m_a="0.500000" m_b="0.000000" m_c="0.000000" m_d="0.500000" m_tx="13.027027" m_ty="-2.386161"/>
  </frame>
  <frame idx="200" w="244" h="212" x="-1.986492" y="-63.443115">
   <element name="feather" layername="feather" frame="0" z_index="1" m_a="0.500000" m_b="0.000000" m_c="0.000000" m_d="0.500000" m_tx="13.027027" m_ty="-2.386161"/>
  </frame>
  <frame idx="225" w="244" h="212" x="-1.986492" y="-63.443115">
   <element name="feather" layername="feather" frame="0" z_index="1" m_a="0.500000" m_b="0.000000" m_c="0.000000" m_d="0.500000" m_tx="13.027027" m_ty="-2.386161"/>
  </frame>
  <frame idx="250" w="244" h="212" x="-1.986492" y="-63.443115">
   <element name="feather" layername="feather" frame="0" z_index="1" m_a="0.500000" m_b="0.000000" m_c="0.000000" m_d="0.500000" m_tx="13.027027" m_ty="-2.386161"/>
  </frame>
  <frame idx="275" w="244" h="212" x="-1.986492" y="-63.443115">
   <element name="feather" layername="feather" frame="0" z_index="1" m_a="0.500000" m_b="0.000000" m_c="0.000000" m_d="0.500000" m_tx="13.027027" m_ty="-2.386161"/>
  </frame>
  <frame idx="300" w="244" h="212" x="-1.986492" y="-63.443115">
   <element name="feather" layername="feather" frame="0" z_index="1" m_a="0.500000" m_b="0.000000" m_c="0.000000" m_d="0.500000" m_tx="13.027027" m_ty="-2.386161"/>
  </frame>
  <frame idx="325" w="244" h="212" x="-1.986492" y="-63.443115">
   <element name="feather" layername="feather" frame="0" z_index="1" m_a="0.500000" m_b="0.000000" m_c="0.000000" m_d="0.500000" m_tx="13.027027" m_ty="-2.386161"/>
  </frame>
  <frame idx="350" w="244" h="212" x="-1.986492" y="-63.443115">
   <element name="feather" layername="feather" frame="0" z_index="1" m_a="0.500000" m_b="0.000000" m_c="0.000000" m_d="0.500000" m_tx="13.027027" m_ty="-2.386161"/>
  </frame>
  <frame idx="375" w="244" h="212" x="-1.986492" y="-63.443115">
   <element name="feather" layername="feather" frame="0" z_index="1" m_a="0.500000" m_b="0.000000" m_c="0.000000" m_d="0.500000" m_tx="13.027027" m_ty="-2.386161"/>
  </frame>
  <frame idx="400" w="244" h="212" x="-1.986492" y="-63.443115">
   <element name="feather" layername="feather" frame="0" z_index="1" m_a="0.500000" m_b="0.000000" m_c="0.000000" m_d="0.500000" m_tx="13.027027" m_ty="-2.386161"/>
  </frame>
  <frame idx="425" w="244" h="212" x="-1.986492" y="-63.443115">
   <element name="feather" layername="feather" frame="0" z_index="1" m_a="0.500000" m_b="0.000000" m_c="0.000000" m_d="0.500000" m_tx="13.027027" m_ty="-2.386161"/>
  </frame>
  <frame idx="450" w="244" h="212" x="-1.986492" y="-63.443115">
   <element name="feather" layername="feather" frame="0" z_index="1" m_a="0.500000" m_b="0.000000" m_c="0.000000" m_d="0.500000" m_tx="13.027027" m_ty="-2.386161"/>
  </frame>
  <frame idx="475" w="244" h="212" x="-1.986492" y="-63.443115">
   <element name="feather" layername="feather" frame="0" z_index="1" m_a="0.500000" m_b="0.000000" m_c="0.000000" m_d="0.500000" m_tx="13.027027" m_ty="-2.386161"/>
  </frame>
  <frame idx="500" w="244" h="212" x="-1.986492" y="-63.443115">
   <element name="feather" layername="feather" frame="0" z_index="1" m_a="0.500000" m_b="0.000000" m_c="0.000000" m_d="0.500000" m_tx="13.027027" m_ty="-2.386161"/>
  </frame>
  <frame idx="525" w="244" h="212" x="-1.986492" y="-63.443115">
   <element name="feather" layername="feather" frame="0" z_index="1" m_a="0.500000" m_b="0.000000" m_c="0.000000" m_d="0.500000" m_tx="13.027027" m_ty="-2.386161"/>
  </frame>
  <frame idx="550" w="244" h="212" x="-1.986492" y="-63.443115">
   <element name="feather" layername="feather" frame="0" z_index="1" m_a="0.500000" m_b="0.000000" m_c="0.000000" m_d="0.500000" m_tx="13.027027" m_ty="-2.386161"/>
  </frame>
  <frame idx="575" w="244" h="212" x="-1.986492" y="-63.443115">
   <element name="feather" layername="feather" frame="0" z_index="1" m_a="0.500000" m_b="0.000000" m_c="0.000000" m_d="0.500000" m_tx="13.027027" m_ty="-2.386161"/>
  </frame>
  <frame idx="600" w="244" h="212" x="-1.986492" y="-63.443115">
   <element name="feather" layername="feather" frame="0" z_index="1" m_a="0.500000" m_b="0.000000" m_c="0.000000" m_d="0.500000" m_tx="13.027027" m_ty="-2.386161"/>
  </frame>
  <frame idx="625" w="244" h="212" x="-1.986492" y="-63.443115">
   <element name="feather" layername="feather" frame="0" z_index="1" m_a="0.500000" m_b="0.000000" m_c="0.000000" m_d="0.500000" m_tx="13.027027" m_ty="-2.386161"/>
  </frame>
  <frame idx="650" w="244" h="212" x="-1.986492" y="-63.443115">
   <element name="feather" layername="feather" frame="0" z_index="1" m_a="0.500000" m_b="0.000000" m_c="0.000000" m_d="0.500000" m_tx="13.027027" m_ty="-2.386161"/>
  </frame>
  <frame idx="675" w="244" h="212" x="-1.986492" y="-63.443115">
   <element name="feather" layername="feather" frame="0" z_index="1" m_a="0.500000" m_b="0.000000" m_c="0.000000" m_d="0.500000" m_tx="13.027027" m_ty="-2.386161"/>
  </frame>
  <frame idx="700" w="244" h="212" x="-1.986492" y="-63.443115">
   <element name="feather" layername="feather" frame="0" z_index="1" m_a="0.500000" m_b="0.000000" m_c="0.000000" m_d="0.500000" m_tx="13.027027" m_ty="-2.386161"/>
  </frame>
  <frame idx="725" w="244" h="212" x="-1.986492" y="-63.443115">
   <element name="feather" layername="feather" frame="0" z_index="1" m_a="0.500000" m_b="0.000000" m_c="0.000000" m_d="0.500000" m_tx="13.027027" m_ty="-2.386161"/>
  </frame>
  <frame idx="750" w="244" h="212" x="-1.986492" y="-63.443115">
   <element name="feather" layername="feather" frame="0" z_index="1" m_a="0.500000" m_b="0.000000" m_c="0.000000" m_d="0.500000" m_tx="13.027027" m_ty="-2.386161"/>
  </frame>
  <frame idx="775" w="244" h="212" x="-1.986492" y="-63.443115">
   <element name="feather" layername="feather" frame="0" z_index="1" m_a="0.500000" m_b="0.000000" m_c="0.000000" m_d="0.500000" m_tx="13.027027" m_ty="-2.386161"/>
  </frame>
  <frame idx="800" w="244" h="212" x="-1.986492" y="-63.443115">
   <element name="feather" layername="feather" frame="0" z_index="1" m_a="0.500000" m_b="0.000000" m_c="0.000000" m_d="0.500000" m_tx="13.027027" m_ty="-2.386161"/>
  </frame>
  <frame idx="825" w="244" h="212" x="-1.986492" y="-63.443115">
   <element name="feather" layername="feather" frame="0" z_index="1" m_a="0.500000" m_b="0.000000" m_c="0.000000" m_d="0.500000" m_tx="13.027027" m_ty="-2.386161"/>
  </frame>
  <frame idx="850" w="244" h="212" x="-1.986492" y="-63.443115">
   <element name="feather" layername="feather" frame="0" z_index="1" m_a="0.500000" m_b="0.000000" m_c="0.000000" m_d="0.500000" m_tx="13.027027" m_ty="-2.386161"/>
  </frame>
  <frame idx="875" w="244" h="212" x="-1.986492" y="-63.443115">
   <element name="feather" layername="feather" frame="0" z_index="1" m_a="0.500000" m_b="0.000000" m_c="0.000000" m_d="0.500000" m_tx="13.027027" m_ty="-2.386161"/>
  </frame>
  <frame idx="900" w="244" h="212" x="-1.986492" y="-63.443115">
   <element name="feather" layername="feather" frame="0" z_index="1" m_a="0.500000" m_b="0.000000" m_c="0.000000" m_d="0.500000" m_tx="13.027027" m_ty="-2.386161"/>
  </frame>
  <frame idx="925" w="244" h="212" x="-1.986492" y="-63.443115">
   <element name="feather" layername="feather" frame="0" z_index="1" m_a="0.500000" m_b="0.000000" m_c="0.000000" m_d="0.500000" m_tx="13.027027" m_ty="-2.386161"/>
  </frame>
  <frame idx="950" w="244" h="212" x="-1.986492" y="-63.443115">
   <element name="feather" layername="feather" frame="0" z_index="1" m_a="0.500000" m_b="0.000000" m_c="0.000000" m_d="0.500000" m_tx="13.027027" m_ty="-2.386161"/>
  </frame>
  <frame idx="975" w="244" h="212" x="-1.986492" y="-63.443115">
   <element name="feather" layername="feather" frame="0" z_index="1" m_a="0.500000" m_b="0.000000" m_c="0.000000" m_d="0.500000" m_tx="13.027027" m_ty="-2.386161"/>
  </frame>
 </anim>
</Anims>
